project_id,category,location,project_cost,planned_duration_months,planned_progress,actual_progress,progress_deviation,expenditure_percentage,cost_progress_ratio,resource_availability,material_availability,workforce_availability,contractor_performance,delay_days,milestone_completion_rate,change_requests,weather_impact,previous_delay_count,risk_history,risk_level,predicted_delay_months,predicted_cost_overrun_percentage
PRJ-1001,Railway,Maharashtra,11735.43,57,31.2,22.8,8.4,23.3,1.022,84.1,79.0,82.6,70.8,44,77.5,2,1.6,1,4.8,MEDIUM,2.8,6.1
PRJ-1002,Airport,Rajasthan,2887.05,45,90.8,79.7,11.1,89.2,1.119,65.9,59.7,54.2,67.0,70,87.3,2,6.8,2,6.5,HIGH,5.6,15.1
PRJ-1003,Bridge,Karnataka,1122.38,63,33.3,13.8,19.5,17.1,1.239,70.0,67.2,63.6,65.9,91,42.9,1,6.7,1,7.1,HIGH,6.9,14.4
PRJ-1004,Railway,Himachal Pradesh,2429.78,53,31.9,31.6,0.3,33.3,1.054,92.3,89.8,88.2,90.5,1,100.0,1,2.4,0,1.5,LOW,0.2,0.6
PRJ-1005,Railway,Odisha,5037.34,25,60.4,43.0,17.4,50.8,1.181,68.6,64.3,57.8,68.6,98,66.9,1,4.0,2,5.1,HIGH,5.8,13.0
PRJ-1006,Highway,Maharashtra,917.65,21,25.5,15.6,9.9,17.7,1.135,69.9,65.7,64.1,57.3,82,58.1,6,6.5,1,5.6,HIGH,7.7,13.9
PRJ-1007,Railway,West Bengal,2179.58,41,60.2,60.2,0.0,62.4,1.037,90.8,89.2,96.4,85.8,1,98.7,0,1.8,0,2.2,LOW,0.0,1.5
PRJ-1008,Bridge,Uttarakhand,1898.92,55,62.7,57.5,5.2,61.8,1.075,75.4,82.0,79.1,75.2,32,90.2,3,6.0,0,2.9,MEDIUM,2.8,4.7
PRJ-1009,Highway,Himachal Pradesh,2563.58,42,29.9,29.9,0.0,29.2,0.977,98.2,97.4,91.1,86.5,4,100.0,1,2.7,0,1.4,LOW,0.0,1.6
PRJ-1010,Bridge,Himachal Pradesh,3174.41,38,66.2,48.2,18.0,55.8,1.158,52.1,43.3,35.2,35.6,113,70.4,1,7.3,5,7.8,CRITICAL,14.5,23.9
PRJ-1011,Water Supply,Rajasthan,463.02,33,65.8,39.2,26.6,50.6,1.291,70.7,60.3,68.5,63.3,83,59.5,4,4.7,3,6.3,HIGH,5.5,15.5
PRJ-1012,Power Infrastructure,Madhya Pradesh,7521.73,18,25.4,18.1,7.3,20.3,1.122,75.8,77.3,77.6,72.7,38,71.4,2,2.7,1,3.9,MEDIUM,1.8,8.6
PRJ-1013,Highway,Bihar,3433.27,39,85.8,80.2,5.6,86.6,1.08,83.2,79.7,82.5,77.0,41,89.9,2,3.9,1,3.5,MEDIUM,2.5,7.0
PRJ-1014,Water Supply,Andhra Pradesh,1645.57,12,39.6,38.1,1.5,39.5,1.037,83.8,72.9,78.2,76.4,26,96.8,0,3.6,1,4.7,MEDIUM,1.9,6.3
PRJ-1015,Airport,Karnataka,12705.83,55,49.4,48.4,1.0,46.9,0.969,90.8,93.1,96.6,87.0,6,99.1,0,1.7,0,2.1,LOW,0.6,0.6
PRJ-1016,Bridge,Andhra Pradesh,476.1,23,28.4,13.4,15.0,15.8,1.179,68.7,64.0,61.6,55.6,114,49.5,3,3.4,3,5.1,HIGH,6.4,14.5
PRJ-1017,Railway,Tamil Nadu,8266.16,64,68.8,38.9,29.9,51.6,1.326,50.4,48.1,47.5,34.8,167,55.1,4,8.7,2,7.2,CRITICAL,10.5,24.3
PRJ-1018,Water Supply,Gujarat,992.69,25,83.2,70.6,12.6,92.0,1.303,59.5,55.0,66.0,66.2,74,80.8,7,6.2,1,6.6,HIGH,4.3,12.3
PRJ-1019,Irrigation,Kerala,196.72,31,68.7,68.7,0.0,68.9,1.003,88.9,87.2,95.2,91.4,3,100.0,0,3.1,0,2.1,LOW,0.2,1.0
PRJ-1020,Airport,Uttar Pradesh,2968.41,64,84.2,84.2,0.0,88.9,1.056,90.6,93.6,98.4,91.7,1,100.0,0,2.2,0,2.0,LOW,0.5,0.5
PRJ-1021,Power Infrastructure,Himachal Pradesh,1171.54,20,49.2,49.2,0.0,51.2,1.041,96.4,96.7,96.9,94.6,0,100.0,0,3.1,0,1.2,LOW,0.1,1.2
PRJ-1022,Railway,Assam,1355.3,53,86.6,81.8,4.8,87.2,1.066,81.7,71.1,74.5,73.5,25,97.4,3,3.6,0,2.6,MEDIUM,1.1,5.7
PRJ-1023,Railway,Himachal Pradesh,1483.23,52,42.3,33.2,9.1,36.5,1.099,74.3,83.7,84.3,79.6,22,77.6,2,5.7,1,4.5,MEDIUM,3.3,5.6
PRJ-1024,Airport,Kerala,4146.43,68,24.6,9.1,15.5,11.5,1.264,55.2,53.3,65.1,56.9,99,38.5,6,6.1,1,5.3,HIGH,5.0,13.5
PRJ-1025,Bridge,Tamil Nadu,1772.3,37,81.4,60.5,20.9,75.9,1.255,69.0,58.9,56.1,62.9,105,69.1,4,3.1,2,5.8,HIGH,5.7,14.6
PRJ-1026,Highway,Rajasthan,1359.14,18,64.8,40.9,23.9,50.8,1.242,57.4,67.8,61.9,68.3,109,59.8,5,4.0,3,6.2,HIGH,6.4,12.2
PRJ-1027,Airport,Tamil Nadu,8458.99,54,63.3,58.3,5.0,60.3,1.034,76.8,75.2,72.5,81.5,32,98.0,1,3.1,1,3.3,MEDIUM,2.5,6.3
PRJ-1028,Bridge,Gujarat,2932.84,33,33.3,18.2,15.1,20.7,1.137,62.8,62.5,59.9,60.2,62,57.6,1,4.9,3,6.6,HIGH,7.3,8.8
PRJ-1029,Water Supply,Madhya Pradesh,416.62,26,43.2,43.2,0.0,43.3,1.002,89.3,97.6,95.1,89.3,5,100.0,1,1.8,0,0.6,LOW,0.5,0.9
PRJ-1030,Power Infrastructure,Kerala,2318.8,29,61.1,54.3,6.8,58.8,1.083,80.5,73.6,73.5,83.8,31,89.3,1,2.8,0,2.7,MEDIUM,2.9,7.4
PRJ-1031,Metro,Kerala,3880.29,65,34.8,20.1,14.7,24.3,1.209,58.2,64.5,62.5,65.0,93,56.0,4,6.9,3,5.1,HIGH,6.6,12.6
PRJ-1032,Irrigation,West Bengal,514.69,47,86.9,80.7,6.2,85.9,1.064,73.7,81.0,86.1,83.5,36,95.0,0,2.0,1,4.2,MEDIUM,2.1,5.5
PRJ-1033,Airport,Tamil Nadu,9545.79,59,69.2,60.7,8.5,70.1,1.155,69.4,62.6,62.6,65.0,66,82.1,4,4.8,3,6.2,HIGH,6.9,18.0
PRJ-1034,Metro,Himachal Pradesh,22450.74,47,74.2,66.4,7.8,69.7,1.05,74.0,73.1,82.7,80.9,38,88.2,1,3.9,0,2.8,MEDIUM,2.9,8.5
PRJ-1035,Bridge,Bihar,1858.44,28,33.1,22.8,10.3,25.9,1.136,61.4,59.9,69.2,63.2,90,74.2,3,3.6,3,7.1,HIGH,6.2,14.8
PRJ-1036,Power Infrastructure,Assam,1443.37,24,73.0,55.7,17.3,66.0,1.185,62.2,53.9,69.8,68.0,76,74.4,5,7.8,1,6.6,HIGH,4.2,8.1
PRJ-1037,Airport,Himachal Pradesh,4295.66,54,31.9,13.3,18.6,16.4,1.233,49.8,36.1,39.4,38.9,154,42.3,7,7.5,5,7.2,CRITICAL,10.3,26.7
PRJ-1038,Bridge,Andhra Pradesh,572.34,30,75.8,72.6,3.2,76.5,1.054,78.2,76.0,80.4,77.3,32,98.5,0,2.0,0,2.7,MEDIUM,3.1,3.2
PRJ-1039,Highway,Rajasthan,842.93,61,44.4,44.2,0.2,43.5,0.984,94.1,95.4,97.7,96.5,0,98.7,0,2.5,0,1.9,LOW,0.1,2.3
PRJ-1040,Highway,Andhra Pradesh,685.79,43,83.1,65.1,18.0,77.3,1.187,52.3,43.7,41.7,47.5,194,76.7,3,8.7,5,8.4,CRITICAL,10.8,32.2
PRJ-1041,Water Supply,Madhya Pradesh,415.97,45,38.6,37.8,0.8,38.5,1.019,98.8,92.8,90.1,95.9,0,98.5,0,0.8,0,2.1,LOW,0.0,2.0
PRJ-1042,Railway,West Bengal,1238.7,54,29.9,29.9,0.0,29.7,0.993,94.6,93.8,96.0,96.4,3,100.0,1,0.6,0,1.2,LOW,0.2,0.6
PRJ-1043,Irrigation,West Bengal,569.17,20,71.8,71.8,0.0,71.8,1.0,93.2,94.6,99.2,92.4,0,100.0,0,1.9,0,0.6,LOW,0.1,0.0
PRJ-1044,Power Infrastructure,Assam,652.89,45,25.4,7.9,17.5,9.9,1.253,66.0,59.4,57.9,61.9,92,34.1,5,7.6,3,7.1,HIGH,6.6,16.2
PRJ-1045,Power Infrastructure,Karnataka,7544.32,38,69.9,52.1,17.8,61.1,1.173,55.7,62.0,70.0,64.4,92,74.4,2,5.2,3,5.7,HIGH,5.8,16.3
PRJ-1046,Airport,Karnataka,4374.53,40,36.6,36.6,0.0,36.9,1.008,95.7,90.4,96.7,86.0,4,100.0,0,0.4,0,1.4,LOW,0.0,1.7
PRJ-1047,Bridge,Himachal Pradesh,4123.77,43,77.5,77.4,0.1,79.1,1.022,96.4,91.2,93.8,89.6,4,97.3,2,2.8,0,1.2,LOW,0.0,0.4
PRJ-1048,Urban Development,Madhya Pradesh,186.55,19,21.3,18.5,2.8,20.1,1.086,92.2,94.8,90.6,90.6,5,84.9,1,2.4,0,1.2,LOW,0.0,1.3
PRJ-1049,Water Supply,Assam,361.72,32,45.2,45.2,0.0,44.2,0.978,97.7,98.1,99.9,97.6,0,100.0,0,2.1,0,1.8,LOW,0.1,3.1
PRJ-1050,Irrigation,Rajasthan,231.55,35,83.2,78.1,5.1,83.7,1.072,84.4,84.3,84.9,71.8,39,92.0,2,3.9,1,3.1,MEDIUM,3.5,7.7
PRJ-1051,Metro,Uttarakhand,8195.56,50,82.5,73.7,8.8,77.4,1.05,74.2,75.0,75.6,72.2,25,88.2,0,5.3,0,4.2,MEDIUM,2.7,7.1
PRJ-1052,Power Infrastructure,Tamil Nadu,461.53,40,40.7,33.1,7.6,35.2,1.063,80.8,73.9,81.5,83.7,22,80.6,1,3.1,1,2.5,MEDIUM,2.9,7.5
PRJ-1053,Highway,Gujarat,3102.11,43,54.1,52.9,1.2,52.7,0.996,97.4,98.9,96.1,86.0,1,95.9,0,1.2,0,1.5,LOW,0.4,0.7
PRJ-1054,Metro,Bihar,1805.82,58,53.7,53.2,0.5,56.7,1.066,97.4,92.9,97.9,86.3,0,99.8,1,0.9,0,0.9,LOW,0.0,0.3
PRJ-1055,Water Supply,Tamil Nadu,1314.31,30,71.5,57.6,13.9,64.8,1.125,63.7,54.7,57.3,61.6,88,84.3,3,3.4,1,5.3,HIGH,5.8,15.0
PRJ-1056,Water Supply,Assam,340.23,21,55.4,49.7,5.7,53.1,1.068,75.8,82.0,76.7,78.1,41,89.5,0,4.4,1,4.1,MEDIUM,3.0,7.8
PRJ-1057,Power Infrastructure,Uttarakhand,645.24,32,54.7,54.6,0.1,56.0,1.026,96.5,98.2,88.9,89.5,0,100.0,1,2.6,0,1.9,LOW,0.2,2.6
PRJ-1058,Airport,Himachal Pradesh,2442.55,67,87.3,69.8,17.5,82.9,1.188,67.5,62.4,61.8,63.8,122,84.7,4,7.1,2,6.0,HIGH,5.4,9.7
PRJ-1059,Highway,Gujarat,4147.96,30,31.6,16.9,14.7,19.4,1.148,60.3,61.2,61.9,64.1,91,54.7,3,3.3,3,6.0,HIGH,7.4,11.5
PRJ-1060,Urban Development,Madhya Pradesh,184.8,16,82.4,46.3,36.1,66.5,1.436,48.8,40.7,52.5,41.6,111,51.6,7,9.1,4,8.9,CRITICAL,6.5,28.3
PRJ-1061,Irrigation,Gujarat,638.55,26,62.7,62.7,0.0,62.2,0.992,89.0,94.5,91.7,93.6,6,95.1,1,1.1,0,1.5,LOW,0.0,1.1
PRJ-1062,Airport,Odisha,3284.66,61,68.2,62.4,5.8,67.6,1.083,80.2,84.2,75.8,76.3,40,92.8,2,2.6,1,3.6,MEDIUM,2.2,6.2
PRJ-1063,Metro,Delhi NCR,1405.73,58,22.8,22.7,0.1,22.6,0.996,98.3,90.1,94.1,90.9,3,100.0,0,0.3,0,2.2,LOW,0.4,0.0
PRJ-1064,Highway,Madhya Pradesh,720.75,65,22.2,6.5,15.7,7.9,1.215,58.2,63.4,69.5,64.9,72,29.8,5,3.4,2,5.8,HIGH,6.4,14.5
PRJ-1065,Urban Development,Bihar,1084.6,13,31.5,12.9,18.6,15.5,1.202,68.9,68.9,66.0,59.5,90,44.1,2,3.4,2,5.7,HIGH,6.4,17.0
PRJ-1066,Urban Development,Gujarat,818.39,25,20.4,18.4,2.0,19.9,1.082,92.4,95.0,92.7,89.8,0,93.2,0,1.2,0,1.1,LOW,0.4,0.9
PRJ-1067,Airport,Uttarakhand,3483.24,28,61.8,60.3,1.5,60.8,1.008,82.7,82.2,82.8,78.5,44,94.0,0,6.1,0,3.5,MEDIUM,1.6,5.8
PRJ-1068,Bridge,Karnataka,1782.75,31,68.2,59.3,8.9,69.8,1.177,64.3,53.5,65.5,62.5,79,88.3,6,4.6,3,5.2,HIGH,6.0,17.2
PRJ-1069,Irrigation,Bihar,1002.39,28,79.0,78.3,0.7,79.2,1.011,90.3,93.9,92.9,88.0,4,97.0,1,2.1,0,0.9,LOW,0.4,0.7
PRJ-1070,Urban Development,Uttarakhand,660.9,30,62.2,48.9,13.3,59.8,1.223,68.8,55.7,55.5,65.3,68,76.5,4,4.5,1,5.1,HIGH,7.5,13.3
PRJ-1071,Highway,Andhra Pradesh,1200.9,39,44.3,42.9,1.4,44.0,1.026,90.9,94.4,95.1,95.0,8,93.8,0,1.1,0,1.1,LOW,0.4,1.4
PRJ-1072,Power Infrastructure,Maharashtra,2067.26,29,69.0,69.0,0.0,70.8,1.026,90.1,86.7,92.5,90.9,2,100.0,1,1.0,0,1.1,LOW,0.1,1.6
PRJ-1073,Railway,Kerala,3122.81,24,28.6,24.7,3.9,26.0,1.053,82.3,81.5,75.7,70.3,30,86.8,0,5.1,1,2.7,MEDIUM,3.0,5.3
PRJ-1074,Airport,Rajasthan,10873.83,29,59.9,59.9,0.0,62.0,1.035,92.9,93.8,94.2,90.2,0,100.0,0,2.3,0,2.2,LOW,0.3,1.7
PRJ-1075,Highway,Rajasthan,601.89,24,70.0,65.8,4.2,71.8,1.091,81.0,82.3,74.0,83.7,39,95.5,4,4.1,0,4.7,MEDIUM,1.8,4.1
PRJ-1076,Railway,Tamil Nadu,6447.71,48,28.8,28.8,0.0,29.0,1.007,97.6,89.6,98.2,97.2,0,95.3,0,0.2,0,1.5,LOW,0.2,0.0
PRJ-1077,Power Infrastructure,Tamil Nadu,2189.27,30,32.3,23.9,8.4,25.6,1.071,59.2,55.0,65.1,66.0,96,66.3,3,5.5,1,6.4,HIGH,5.6,11.6
PRJ-1078,Urban Development,Karnataka,1274.39,13,75.4,64.9,10.5,70.8,1.091,62.7,52.3,58.2,60.8,55,87.6,2,6.0,1,6.8,HIGH,5.8,19.1
PRJ-1079,Metro,Jammu & Kashmir,1765.68,58,78.4,78.4,0.0,78.2,0.997,92.3,98.4,89.6,96.2,0,99.4,0,2.0,0,2.1,LOW,0.2,1.7
PRJ-1080,Urban Development,Bihar,565.08,32,52.4,48.2,4.2,49.1,1.019,78.3,83.2,73.6,82.5,21,92.5,1,4.5,1,2.7,MEDIUM,3.1,5.5
PRJ-1081,Airport,Uttarakhand,1916.83,64,39.1,21.4,17.7,24.9,1.164,70.5,57.0,66.3,56.2,90,54.6,2,6.4,2,5.6,HIGH,6.5,14.0
PRJ-1082,Water Supply,West Bengal,715.73,19,86.3,86.3,0.0,84.3,0.977,89.7,86.6,89.3,93.0,0,100.0,0,1.6,0,1.1,LOW,0.2,1.6
PRJ-1083,Urban Development,West Bengal,160.88,33,38.6,34.4,4.2,35.5,1.032,75.1,84.7,83.2,78.9,32,90.1,0,3.2,1,2.9,MEDIUM,2.3,7.7
PRJ-1084,Airport,Assam,3667.23,56,80.5,80.5,0.0,79.7,0.99,94.5,92.6,91.6,92.0,1,100.0,1,2.8,0,1.6,LOW,0.1,1.7
PRJ-1085,Irrigation,Delhi NCR,1272.66,18,45.6,39.6,6.0,42.4,1.071,72.1,81.4,72.5,77.8,35,88.7,1,3.7,0,4.1,MEDIUM,0.8,6.1
PRJ-1086,Urban Development,Delhi NCR,1438.55,20,35.6,22.7,12.9,27.1,1.194,55.0,55.0,54.5,64.3,107,64.3,2,3.7,3,6.1,HIGH,7.9,16.9
PRJ-1087,Railway,Rajasthan,6921.45,58,55.9,43.0,12.9,50.2,1.167,60.3,65.3,65.3,55.8,76,75.2,3,6.2,3,5.5,HIGH,6.5,12.2
PRJ-1088,Bridge,Tamil Nadu,2276.78,46,55.7,54.8,0.9,56.4,1.029,98.9,95.7,96.9,93.9,7,100.0,0,2.4,0,1.5,LOW,0.1,0.2
PRJ-1089,Irrigation,Maharashtra,707.32,33,70.8,66.0,4.8,69.2,1.048,84.7,83.6,83.7,70.7,27,94.4,0,1.5,1,3.9,MEDIUM,2.5,5.0
PRJ-1090,Urban Development,Rajasthan,2162.1,20,38.0,38.0,0.0,37.7,0.992,92.9,96.1,88.8,94.9,4,100.0,0,1.3,0,0.6,LOW,0.2,1.6
PRJ-1091,Bridge,Maharashtra,546.61,20,72.6,48.5,24.1,61.3,1.264,47.4,34.4,46.3,37.6,139,67.6,4,7.1,5,8.0,CRITICAL,11.6,24.8
PRJ-1092,Railway,Uttar Pradesh,6690.72,28,59.5,53.1,6.4,55.5,1.045,83.9,76.4,74.1,73.2,32,95.4,1,3.5,1,3.4,MEDIUM,2.3,8.6
PRJ-1093,Bridge,Tamil Nadu,3227.54,29,31.9,31.9,0.0,32.2,1.009,93.7,88.7,98.5,94.8,1,100.0,1,2.2,0,1.3,LOW,0.8,1.4
PRJ-1094,Highway,Andhra Pradesh,1311.68,28,75.8,57.6,18.2,71.1,1.234,63.4,56.9,66.7,57.9,75,74.7,5,5.3,2,6.7,HIGH,5.3,13.1
PRJ-1095,Railway,Uttarakhand,4917.57,45,64.3,43.7,20.6,55.9,1.279,50.3,41.1,54.3,51.4,179,66.5,7,7.7,2,7.2,CRITICAL,11.3,21.8
PRJ-1096,Bridge,Madhya Pradesh,661.28,25,74.7,49.9,24.8,62.3,1.248,47.4,36.9,40.1,51.8,216,64.0,4,8.7,2,7.6,CRITICAL,14.2,32.9
PRJ-1097,Power Infrastructure,West Bengal,3765.01,40,65.7,60.8,4.9,63.5,1.044,76.6,80.3,73.0,79.5,27,91.9,1,2.0,1,2.7,MEDIUM,2.7,5.6
PRJ-1098,Urban Development,Karnataka,596.05,26,74.7,66.2,8.5,73.9,1.116,67.9,53.0,68.4,58.3,82,81.8,1,5.6,3,5.2,HIGH,6.1,14.1
PRJ-1099,Power Infrastructure,Rajasthan,1438.44,33,81.8,81.3,0.5,83.7,1.03,96.3,96.5,88.2,96.8,0,100.0,1,2.4,0,1.9,LOW,0.1,0.5
PRJ-1100,Power Infrastructure,Odisha,472.47,36,53.8,53.8,0.0,57.3,1.065,91.3,89.9,96.9,92.8,2,99.5,2,0.3,0,1.5,LOW,0.0,1.4
PRJ-1101,Bridge,Gujarat,4776.85,45,83.3,82.7,0.6,86.1,1.041,92.7,90.1,93.2,91.7,0,100.0,0,2.0,0,2.0,LOW,0.5,0.4
PRJ-1102,Railway,Odisha,1585.23,58,47.7,42.5,5.2,45.3,1.066,85.3,79.0,83.2,79.1,30,87.7,1,3.0,0,2.5,MEDIUM,0.9,4.2
PRJ-1103,Irrigation,Odisha,978.1,12,54.1,52.3,1.8,53.6,1.025,84.0,70.7,84.5,77.5,32,91.0,1,4.0,0,3.8,MEDIUM,2.8,6.8
PRJ-1104,Water Supply,Delhi NCR,509.94,21,56.5,55.5,1.0,58.5,1.054,95.7,98.9,89.6,91.4,4,97.7,0,0.8,0,1.2,LOW,0.4,0.8
PRJ-1105,Highway,Gujarat,3548.66,37,69.4,45.8,23.6,56.8,1.24,43.7,38.1,37.4,40.4,206,70.0,3,6.9,4,8.0,CRITICAL,13.5,22.2
PRJ-1106,Highway,Assam,751.71,36,32.4,32.4,0.0,33.5,1.034,93.8,96.8,99.9,94.6,0,97.7,1,3.8,0,1.3,LOW,0.5,1.1
PRJ-1107,Irrigation,Gujarat,566.53,25,25.6,24.3,1.3,25.6,1.053,94.5,88.9,92.6,96.2,0,94.7,0,1.2,0,1.8,LOW,0.8,1.6
PRJ-1108,Bridge,West Bengal,3033.17,25,88.2,88.1,0.1,91.2,1.035,92.2,86.1,92.6,91.7,2,100.0,0,2.0,0,0.7,LOW,0.0,1.3
PRJ-1109,Bridge,Himachal Pradesh,6887.62,24,27.1,27.0,0.1,24.9,0.922,92.6,91.1,91.8,97.0,0,95.4,0,2.1,0,0.7,LOW,0.0,1.2
PRJ-1110,Power Infrastructure,Karnataka,2130.54,37,30.9,30.9,0.0,31.7,1.026,96.5,98.7,93.7,97.6,3,100.0,0,1.4,0,0.9,LOW,0.2,0.1
PRJ-1111,Water Supply,Bihar,377.74,29,31.9,12.1,19.8,14.2,1.174,57.4,65.9,57.3,69.0,69,37.8,4,6.1,3,5.9,HIGH,6.0,14.8
PRJ-1112,Airport,Delhi NCR,1690.04,72,76.9,45.8,31.1,60.9,1.33,40.2,49.3,53.9,49.5,207,60.1,7,5.7,5,8.1,CRITICAL,11.3,30.6
PRJ-1113,Bridge,Tamil Nadu,2108.88,48,54.3,48.5,5.8,51.5,1.062,72.0,79.6,76.5,70.8,33,91.3,1,2.2,0,3.7,MEDIUM,2.2,8.2
PRJ-1114,Power Infrastructure,Himachal Pradesh,709.87,45,41.6,28.9,12.7,33.7,1.166,59.5,55.6,69.3,66.3,83,70.0,4,3.8,1,5.8,HIGH,5.2,14.9
PRJ-1115,Railway,Uttar Pradesh,5694.97,61,21.8,19.3,2.5,20.1,1.041,80.8,78.7,82.5,77.7,25,88.5,0,1.5,1,3.2,MEDIUM,3.0,4.1
PRJ-1116,Urban Development,Maharashtra,430.42,21,77.9,77.9,0.0,78.7,1.01,98.0,90.2,93.7,90.3,0,100.0,0,0.7,0,2.2,LOW,0.2,2.0
PRJ-1117,Railway,Rajasthan,4285.47,38,69.1,63.7,5.4,64.6,1.014,83.5,82.1,80.3,80.0,29,88.8,0,3.1,0,4.2,MEDIUM,3.0,5.2
PRJ-1118,Metro,Odisha,6547.77,45,71.5,71.5,0.0,71.9,1.006,94.4,92.1,92.1,96.6,5,100.0,0,2.4,0,2.1,LOW,0.4,1.3
PRJ-1119,Power Infrastructure,Jammu & Kashmir,1437.92,42,68.6,42.5,26.1,54.7,1.287,45.7,50.5,51.9,32.9,148,60.1,4,9.5,4,9.4,CRITICAL,14.1,26.2
PRJ-1120,Bridge,Assam,1699.11,31,51.2,24.7,26.5,32.1,1.3,42.0,38.1,36.0,36.6,173,46.9,7,10.0,2,8.9,CRITICAL,10.7,34.7
PRJ-1121,Highway,Bihar,610.57,37,79.3,75.0,4.3,80.9,1.079,73.4,80.3,75.6,77.6,38,100.0,3,4.2,0,3.4,MEDIUM,2.2,6.5
PRJ-1122,Water Supply,Maharashtra,467.7,32,75.7,63.9,11.8,75.5,1.182,70.6,54.1,54.3,62.3,97,86.6,2,6.1,1,5.8,HIGH,7.7,15.9
PRJ-1123,Water Supply,Madhya Pradesh,1946.96,32,79.7,70.4,9.3,78.4,1.114,74.9,72.3,85.5,74.1,32,89.9,3,3.6,1,2.6,MEDIUM,2.0,5.5
PRJ-1124,Power Infrastructure,Telangana,2203.12,30,76.3,76.3,0.0,76.1,0.997,96.9,94.3,92.7,86.9,4,100.0,0,1.8,0,1.1,LOW,0.1,1.3
PRJ-1125,Water Supply,Himachal Pradesh,156.69,21,29.7,27.2,2.5,26.6,0.978,90.7,92.5,96.2,91.9,6,84.9,0,1.7,0,1.9,LOW,0.1,0.9
PRJ-1126,Power Infrastructure,Karnataka,844.75,41,88.5,66.1,22.4,82.3,1.245,53.6,42.5,40.2,47.7,196,79.4,5,7.0,4,7.9,CRITICAL,9.9,31.0
PRJ-1127,Bridge,Telangana,1553.26,41,63.4,62.9,0.5,63.0,1.002,92.1,93.2,97.7,95.2,4,97.4,1,0.3,0,1.4,LOW,0.0,4.0
PRJ-1128,Bridge,Uttar Pradesh,2266.33,21,26.5,21.5,5.0,23.4,1.088,78.2,74.1,81.3,70.8,28,78.3,2,4.5,0,3.1,MEDIUM,2.5,7.4
PRJ-1129,Urban Development,Uttar Pradesh,887.56,40,40.3,35.1,5.2,37.7,1.074,85.3,83.4,78.3,82.5,18,89.3,2,3.8,0,3.1,MEDIUM,2.2,4.4
PRJ-1130,Irrigation,Uttar Pradesh,673.76,20,26.8,2.0,24.8,5.0,2.5,48.8,47.0,42.1,33.0,136,15.0,3,8.7,2,7.1,CRITICAL,9.1,22.5
PRJ-1131,Highway,Jammu & Kashmir,452.65,42,73.4,73.4,0.0,77.2,1.052,91.3,90.2,96.6,90.5,6,98.2,0,3.8,0,1.1,LOW,0.4,1.3
PRJ-1132,Urban Development,Uttarakhand,305.64,21,76.2,61.4,14.8,71.8,1.169,55.7,56.5,63.6,68.3,75,81.9,3,5.2,1,5.4,HIGH,5.6,14.1
PRJ-1133,Metro,Uttar Pradesh,1736.72,56,31.3,31.3,0.0,31.5,1.006,95.4,91.7,94.6,94.9,1,100.0,0,0.9,0,1.4,LOW,0.1,2.1
PRJ-1134,Urban Development,Tamil Nadu,845.87,30,56.1,55.6,0.5,57.5,1.034,93.9,91.6,91.7,91.9,3,98.2,0,1.3,0,2.1,LOW,0.0,2.0
PRJ-1135,Metro,Tamil Nadu,3636.64,45,87.3,74.1,13.2,84.6,1.142,65.0,56.2,56.6,68.7,52,88.6,0,3.7,1,5.7,HIGH,4.9,12.7
PRJ-1136,Railway,Rajasthan,2377.87,45,51.2,36.3,14.9,42.8,1.179,55.9,58.4,69.1,59.7,86,70.1,4,5.6,1,5.7,HIGH,4.5,14.7
PRJ-1137,Water Supply,Gujarat,344.4,21,63.6,58.5,5.1,64.7,1.106,80.8,78.2,82.3,80.4,29,90.3,1,1.9,0,4.7,MEDIUM,3.2,4.6
PRJ-1138,Bridge,Uttar Pradesh,6485.12,44,38.1,38.1,0.0,40.1,1.052,94.7,90.1,91.3,94.2,6,100.0,2,1.6,0,0.8,LOW,0.0,2.6
PRJ-1139,Railway,Odisha,4260.72,43,88.9,88.9,0.0,88.5,0.996,90.1,94.7,99.7,95.9,0,100.0,0,0.4,0,1.2,LOW,0.4,0.9
PRJ-1140,Urban Development,Andhra Pradesh,157.73,15,62.4,48.3,14.1,54.7,1.133,58.9,64.1,55.5,63.9,54,79.5,2,3.8,3,5.8,HIGH,7.4,17.8
PRJ-1141,Airport,West Bengal,2617.56,44,55.5,48.5,7.0,53.9,1.111,77.6,77.7,75.8,81.0,34,82.2,2,4.5,0,3.8,MEDIUM,2.2,8.2
PRJ-1142,Irrigation,Rajasthan,995.68,33,37.9,36.4,1.5,37.9,1.041,78.2,79.7,86.0,76.0,28,100.0,2,1.7,0,3.0,MEDIUM,2.0,5.1
PRJ-1143,Airport,Assam,1240.46,58,28.1,13.7,14.4,15.9,1.161,70.1,64.7,65.5,66.0,56,44.7,2,7.6,3,6.1,HIGH,6.3,15.4
PRJ-1144,Metro,Telangana,2584.7,44,45.5,22.7,22.8,29.6,1.304,51.7,32.3,42.9,52.7,90,54.3,9,7.5,2,8.0,CRITICAL,12.9,28.4
PRJ-1145,Power Infrastructure,Andhra Pradesh,3254.31,39,44.9,43.4,1.5,45.3,1.044,84.3,71.8,81.5,80.3,27,92.5,0,3.2,1,3.9,MEDIUM,3.7,4.1
PRJ-1146,Railway,Maharashtra,5372.5,24,70.6,65.8,4.8,69.1,1.05,77.8,83.1,81.5,77.0,32,95.4,0,3.1,0,3.6,MEDIUM,2.6,5.9
PRJ-1147,Power Infrastructure,Gujarat,3118.94,46,68.5,52.3,16.2,61.7,1.18,58.6,64.1,68.1,67.4,76,72.4,5,5.9,2,6.7,HIGH,5.7,16.9
PRJ-1148,Railway,Himachal Pradesh,1996.23,41,24.8,2.0,22.8,5.0,2.5,45.3,51.3,36.3,40.6,109,15.0,6,9.4,4,7.2,CRITICAL,11.2,25.2
PRJ-1149,Bridge,Uttarakhand,1308.22,39,46.9,18.2,28.7,23.9,1.313,37.0,31.1,46.6,34.1,143,37.5,5,8.4,4,8.6,CRITICAL,12.5,27.6
PRJ-1150,Airport,Karnataka,4915.95,52,84.0,76.9,7.1,85.7,1.114,74.2,77.1,82.7,78.9,48,94.1,1,2.3,1,3.9,MEDIUM,2.3,4.9
PRJ-1151,Irrigation,Tamil Nadu,2854.71,40,58.4,56.9,1.5,59.7,1.049,75.2,77.9,84.4,80.5,36,100.0,1,2.9,0,3.1,MEDIUM,2.9,5.1
PRJ-1152,Bridge,Kerala,506.96,50,38.7,35.2,3.5,38.7,1.099,75.4,78.4,72.6,82.3,36,91.8,3,5.0,0,3.5,MEDIUM,2.8,8.1
PRJ-1153,Airport,Bihar,3394.62,24,42.9,42.1,0.8,42.4,1.007,97.3,91.3,88.2,96.6,5,95.0,0,0.4,0,0.5,LOW,0.0,0.0
PRJ-1154,Power Infrastructure,Himachal Pradesh,579.33,20,66.0,59.6,6.4,62.4,1.047,73.9,78.7,80.5,79.5,31,93.0,1,5.5,1,3.7,MEDIUM,3.1,8.3
PRJ-1155,Airport,Uttarakhand,11147.06,48,69.7,67.5,2.2,69.0,1.022,75.9,72.3,81.5,79.1,31,98.8,0,4.7,1,2.6,MEDIUM,2.2,3.5
PRJ-1156,Highway,Himachal Pradesh,4788.57,18,66.0,50.3,15.7,60.1,1.195,64.4,66.2,64.3,67.3,85,73.9,3,5.0,1,5.9,HIGH,6.2,13.4
PRJ-1157,Airport,Gujarat,1966.39,35,77.8,45.3,32.5,59.8,1.32,52.0,43.7,54.5,32.7,171,60.4,3,7.1,4,8.0,CRITICAL,7.4,25.2
PRJ-1158,Metro,Madhya Pradesh,3454.92,67,24.0,24.0,0.0,24.4,1.017,92.8,92.9,99.8,86.0,0,98.5,0,0.6,0,0.5,LOW,0.0,0.2
PRJ-1159,Railway,Gujarat,14163.73,59,31.2,22.9,8.3,25.8,1.127,76.3,74.7,72.0,80.9,13,69.8,3,2.0,0,2.6,MEDIUM,3.4,8.2
PRJ-1160,Urban Development,Karnataka,470.19,33,58.7,31.5,27.2,43.8,1.39,51.9,38.2,38.9,53.8,163,57.7,8,7.2,2,8.3,CRITICAL,10.9,30.8
PRJ-1161,Airport,Telangana,10625.52,35,29.5,2.0,27.5,5.0,2.5,51.2,40.8,43.1,35.6,176,15.0,8,9.1,4,9.1,CRITICAL,13.0,28.4
PRJ-1162,Bridge,Andhra Pradesh,999.91,32,20.0,19.0,1.0,18.7,0.984,94.9,95.8,89.8,95.3,0,94.9,0,1.3,0,0.7,LOW,0.2,1.9
PRJ-1163,Bridge,Madhya Pradesh,3023.13,35,51.0,48.7,2.3,49.0,1.006,82.8,76.0,84.4,84.0,37,91.8,0,2.0,0,2.6,MEDIUM,3.6,5.9
PRJ-1164,Urban Development,Jammu & Kashmir,427.42,30,81.4,68.4,13.0,79.4,1.161,67.7,64.8,57.4,68.9,93,85.1,6,5.9,2,5.9,HIGH,6.5,14.5
PRJ-1165,Airport,Uttar Pradesh,1439.6,69,36.9,31.6,5.3,34.5,1.092,85.5,80.0,86.0,70.4,52,86.1,2,2.3,1,3.9,MEDIUM,2.3,5.7
PRJ-1166,Railway,Odisha,3940.92,24,45.0,34.2,10.8,40.2,1.175,59.5,54.4,59.0,66.1,79,76.9,5,6.4,2,5.1,HIGH,4.2,14.2
PRJ-1167,Airport,Uttar Pradesh,4995.59,59,61.6,54.8,6.8,58.4,1.066,82.6,70.8,72.1,81.4,40,86.5,2,2.1,0,3.3,MEDIUM,2.2,9.0
PRJ-1168,Highway,Andhra Pradesh,2116.49,31,82.1,52.1,30.0,71.3,1.369,44.2,32.6,48.6,35.8,169,64.1,6,9.3,5,8.8,CRITICAL,13.1,28.0
PRJ-1169,Metro,Madhya Pradesh,2584.97,46,61.5,56.3,5.2,60.6,1.076,85.7,73.2,73.0,71.7,29,92.8,1,3.3,1,4.5,MEDIUM,2.9,4.1
PRJ-1170,Metro,Delhi NCR,6722.29,53,22.3,14.9,7.4,16.8,1.128,74.0,71.7,72.4,73.4,31,65.4,2,3.1,0,3.8,MEDIUM,1.6,4.4
PRJ-1171,Urban Development,Odisha,488.1,15,80.5,72.5,8.0,83.2,1.148,67.9,66.0,60.2,60.3,87,89.5,4,4.8,1,6.3,HIGH,4.6,10.8
PRJ-1172,Urban Development,Maharashtra,1733.93,36,36.1,11.7,24.4,14.1,1.205,49.7,31.0,48.9,43.3,122,31.5,4,7.9,2,7.9,CRITICAL,14.0,31.9
PRJ-1173,Railway,Tamil Nadu,2960.34,42,79.6,79.6,0.0,76.6,0.962,89.9,97.4,94.7,90.4,4,100.0,0,0.7,0,1.7,LOW,0.5,1.4
PRJ-1174,Metro,Himachal Pradesh,3157.96,70,72.7,56.4,16.3,69.4,1.23,68.3,61.2,67.5,57.1,89,76.8,5,6.1,1,7.0,HIGH,4.7,16.8
PRJ-1175,Highway,Kerala,876.32,38,51.7,51.3,0.4,51.3,1.0,94.8,91.9,97.4,90.0,0,96.3,0,3.7,0,1.3,LOW,0.0,1.3
PRJ-1176,Urban Development,Karnataka,1506.25,19,72.1,67.9,4.2,70.0,1.031,83.3,70.8,74.4,74.8,27,92.7,0,2.5,0,2.6,MEDIUM,2.5,5.7
PRJ-1177,Water Supply,Karnataka,174.71,26,76.7,71.6,5.1,73.1,1.021,80.2,76.0,86.6,70.6,23,93.5,1,3.1,0,4.2,MEDIUM,2.2,5.5
PRJ-1178,Highway,Telangana,615.0,25,26.5,25.5,1.0,25.6,1.004,94.9,89.7,91.4,85.7,7,99.0,0,1.0,0,2.0,LOW,0.0,1.4
PRJ-1179,Irrigation,Uttar Pradesh,448.8,28,72.8,71.8,1.0,70.8,0.986,89.4,88.2,97.9,90.3,0,94.7,0,1.5,0,1.9,LOW,0.1,1.4
PRJ-1180,Irrigation,West Bengal,1478.66,21,30.2,2.0,28.2,5.0,2.5,35.9,44.4,45.7,34.3,196,15.0,2,5.4,2,7.4,CRITICAL,10.9,19.5
PRJ-1181,Bridge,Gujarat,1403.37,18,60.6,48.6,12.0,54.8,1.128,70.0,63.7,67.2,57.8,45,77.6,1,5.2,2,5.6,HIGH,4.7,15.7
PRJ-1182,Irrigation,Himachal Pradesh,759.19,33,24.4,5.9,18.5,7.1,1.203,70.4,54.3,56.4,56.3,61,21.9,2,7.6,2,5.9,HIGH,7.2,15.7
PRJ-1183,Water Supply,Karnataka,202.54,30,81.2,81.2,0.0,81.4,1.002,91.8,92.2,99.1,94.5,1,99.4,0,1.0,0,0.5,LOW,0.1,2.4
PRJ-1184,Bridge,Bihar,1081.58,18,67.8,67.8,0.0,69.4,1.024,97.8,93.5,94.8,85.7,1,100.0,0,1.4,0,0.7,LOW,0.3,0.6
PRJ-1185,Metro,Odisha,3809.01,56,77.0,71.3,5.7,77.0,1.08,85.2,74.4,72.0,79.5,31,90.9,1,2.3,1,2.8,MEDIUM,2.6,6.8
PRJ-1186,Highway,Bihar,1561.37,33,55.9,22.5,33.4,29.6,1.316,47.3,36.3,41.0,51.7,162,40.7,2,9.0,3,7.0,CRITICAL,9.6,26.9
PRJ-1187,Irrigation,Odisha,556.3,15,37.3,29.0,8.3,34.5,1.19,73.4,72.7,86.8,74.4,31,81.2,5,2.8,0,3.2,MEDIUM,2.9,8.5
PRJ-1188,Bridge,Madhya Pradesh,679.2,28,61.2,49.9,11.3,57.0,1.142,61.8,68.9,55.5,66.3,96,78.4,5,6.1,2,6.2,HIGH,6.8,15.2
PRJ-1189,Metro,Gujarat,3449.68,53,57.7,31.7,26.0,40.2,1.268,46.4,44.4,38.1,40.8,151,57.1,6,9.4,3,8.4,CRITICAL,14.2,22.9
PRJ-1190,Water Supply,Uttar Pradesh,664.65,41,49.7,41.7,8.0,44.7,1.072,56.9,61.9,69.5,58.5,63,81.8,1,4.5,2,5.4,HIGH,5.6,16.3
PRJ-1191,Power Infrastructure,Rajasthan,2390.22,55,24.4,21.1,3.3,22.4,1.062,81.1,84.3,74.3,83.2,24,87.9,2,2.9,1,3.2,MEDIUM,2.1,5.0
PRJ-1192,Bridge,Delhi NCR,1263.6,42,27.1,26.9,0.2,27.7,1.03,91.3,92.9,96.1,88.3,1,100.0,0,1.6,0,0.8,LOW,0.3,3.1
PRJ-1193,Irrigation,Telangana,689.51,16,42.7,37.7,5.0,43.3,1.149,77.0,74.6,74.9,82.8,28,88.0,2,3.5,1,4.2,MEDIUM,2.7,6.8
PRJ-1194,Bridge,Rajasthan,3436.24,40,88.4,83.8,4.6,90.0,1.074,73.2,82.2,76.2,83.8,34,90.7,2,1.9,1,2.8,MEDIUM,2.1,7.2
PRJ-1195,Highway,West Bengal,850.33,36,24.9,23.4,1.5,25.0,1.068,78.5,76.7,72.2,83.1,47,97.3,1,2.2,1,3.0,MEDIUM,2.7,4.2
PRJ-1196,Water Supply,Andhra Pradesh,220.97,29,51.8,36.3,15.5,43.2,1.19,58.2,58.6,54.8,57.6,98,67.9,4,4.6,3,5.1,HIGH,6.3,14.4
PRJ-1197,Airport,Tamil Nadu,1561.02,77,23.3,22.6,0.7,23.4,1.035,91.3,87.0,90.0,95.9,0,94.8,0,0.5,0,1.4,LOW,0.0,2.1
PRJ-1198,Airport,Kerala,3554.26,67,49.9,44.6,5.3,48.1,1.078,74.5,71.5,86.4,74.7,24,87.8,2,4.3,0,2.9,MEDIUM,3.1,5.5
PRJ-1199,Urban Development,Assam,989.95,35,43.4,37.5,5.9,40.3,1.075,82.2,77.3,81.5,83.5,18,91.5,1,5.2,0,3.3,MEDIUM,2.7,5.3
PRJ-1200,Urban Development,Andhra Pradesh,826.07,31,49.0,46.3,2.7,45.8,0.989,73.9,80.1,77.9,84.0,17,93.9,0,1.9,0,3.8,MEDIUM,3.0,5.1
PRJ-1201,Highway,Gujarat,2050.58,34,37.6,20.6,17.0,24.4,1.184,60.0,55.8,55.1,57.8,112,56.6,2,6.3,3,5.6,HIGH,6.6,13.6
PRJ-1202,Airport,Bihar,2260.18,82,50.2,50.2,0.0,54.1,1.078,91.2,86.1,94.0,91.7,4,99.8,1,0.9,0,1.5,LOW,0.3,0.0
PRJ-1203,Airport,Uttar Pradesh,1964.83,61,63.0,35.0,28.0,44.0,1.257,49.2,50.1,46.4,41.5,164,53.5,3,5.8,2,8.5,CRITICAL,12.4,30.5
PRJ-1204,Railway,Odisha,4227.74,58,21.1,4.3,16.8,5.1,1.186,61.2,66.7,58.9,63.5,91,21.0,4,4.2,3,6.5,HIGH,5.5,15.2
PRJ-1205,Irrigation,Andhra Pradesh,276.35,28,68.6,67.2,1.4,70.5,1.049,96.4,90.1,92.9,94.9,0,100.0,1,0.7,0,2.1,LOW,0.4,1.1
PRJ-1206,Water Supply,Uttarakhand,1096.78,31,72.5,72.5,0.0,75.2,1.037,93.5,90.1,93.1,87.7,1,98.1,1,3.3,0,1.2,LOW,0.3,1.4
PRJ-1207,Railway,Assam,1906.61,46,44.4,14.9,29.5,20.4,1.369,37.1,35.5,41.3,42.7,122,31.2,9,9.6,2,8.7,CRITICAL,11.2,27.8
PRJ-1208,Bridge,Madhya Pradesh,5624.69,30,82.7,82.7,0.0,82.6,0.999,96.8,98.8,95.2,95.2,1,100.0,0,0.4,0,1.6,LOW,0.3,0.8
PRJ-1209,Highway,Odisha,2269.32,50,42.2,34.2,8.0,38.2,1.117,70.7,67.9,68.9,66.1,58,77.8,4,4.6,3,6.3,HIGH,5.2,13.4
PRJ-1210,Highway,Uttarakhand,2237.85,41,82.2,74.2,8.0,85.2,1.148,64.3,68.9,68.6,68.7,138,93.1,1,5.6,2,5.8,HIGH,5.6,14.0
PRJ-1211,Urban Development,West Bengal,919.06,14,76.5,68.3,8.2,77.5,1.135,65.4,59.1,61.3,66.5,55,88.2,6,4.0,3,5.1,HIGH,6.3,14.9
PRJ-1212,Irrigation,Odisha,257.83,29,56.9,53.4,3.5,56.0,1.049,80.7,80.8,73.7,75.2,45,94.5,2,1.6,1,3.1,MEDIUM,3.0,7.4
PRJ-1213,Railway,Andhra Pradesh,6392.65,46,58.5,31.3,27.2,42.1,1.345,41.1,42.4,40.6,49.8,132,50.3,8,8.5,3,7.8,CRITICAL,8.6,24.2
PRJ-1214,Irrigation,Gujarat,1923.7,14,85.2,79.7,5.5,81.5,1.023,73.5,84.3,72.9,74.6,24,94.9,1,2.4,0,4.4,MEDIUM,3.4,6.2
PRJ-1215,Airport,Uttarakhand,3229.81,27,28.3,28.3,0.0,29.7,1.049,88.2,96.4,99.8,91.5,6,99.0,0,3.4,0,2.0,LOW,0.4,1.0
PRJ-1216,Airport,Odisha,4921.95,28,49.6,36.1,13.5,42.9,1.188,61.4,65.5,57.5,56.7,79,73.6,5,3.7,3,5.9,HIGH,5.1,16.8
PRJ-1217,Irrigation,Assam,331.23,37,25.0,8.2,16.8,10.1,1.232,65.2,58.1,56.4,59.4,92,33.2,3,6.8,3,6.4,HIGH,6.0,12.2
PRJ-1218,Airport,Himachal Pradesh,3438.72,56,47.2,43.2,4.0,46.5,1.076,74.8,76.2,73.1,75.8,23,89.2,3,4.1,0,2.7,MEDIUM,2.7,6.2
PRJ-1219,Metro,West Bengal,13017.66,57,59.4,59.4,0.0,61.1,1.029,93.9,88.5,90.0,92.2,5,97.8,0,2.3,0,1.1,LOW,0.2,0.0
PRJ-1220,Water Supply,Assam,2288.5,26,50.5,33.4,17.1,42.6,1.275,62.1,60.3,59.6,68.5,73,60.1,6,7.4,1,6.3,HIGH,7.1,10.2
PRJ-1221,Metro,Telangana,4579.22,77,35.8,31.4,4.4,32.5,1.035,78.8,70.4,77.7,78.4,39,87.9,2,1.8,1,3.6,MEDIUM,2.9,4.9
PRJ-1222,Water Supply,Himachal Pradesh,150.8,26,22.8,22.8,0.0,22.6,0.991,95.3,96.9,94.6,88.2,0,100.0,1,2.0,0,1.7,LOW,0.3,2.2
PRJ-1223,Highway,Telangana,1604.49,31,82.6,75.6,7.0,84.2,1.114,83.9,72.7,78.5,80.9,36,93.6,3,2.0,0,3.7,MEDIUM,2.5,5.2
PRJ-1224,Airport,West Bengal,5369.76,63,33.9,33.2,0.7,33.7,1.015,97.0,87.3,97.5,91.9,3,95.4,0,2.1,0,0.6,LOW,0.0,1.4
PRJ-1225,Water Supply,Andhra Pradesh,1235.47,23,55.1,55.1,0.0,56.6,1.027,92.5,89.6,89.6,88.2,0,100.0,1,1.9,0,1.8,LOW,0.3,0.9
PRJ-1226,Power Infrastructure,Delhi NCR,4479.69,38,47.9,47.9,0.0,46.2,0.965,97.2,97.2,91.8,94.4,5,100.0,0,2.2,0,0.6,LOW,0.0,0.8
PRJ-1227,Power Infrastructure,West Bengal,1551.07,50,74.0,69.3,4.7,73.9,1.066,73.6,73.8,84.4,81.8,30,97.2,3,2.6,1,4.4,MEDIUM,1.5,6.4
PRJ-1228,Urban Development,Jammu & Kashmir,869.17,23,43.9,40.9,3.0,44.1,1.078,77.1,71.5,83.5,71.5,24,91.2,4,5.5,0,4.1,MEDIUM,2.5,4.6
PRJ-1229,Metro,Tamil Nadu,1431.04,33,57.1,57.1,0.0,57.2,1.002,98.0,95.7,94.4,94.8,4,98.8,1,2.2,0,1.2,LOW,0.3,0.1
PRJ-1230,Airport,Uttarakhand,2308.93,50,42.8,27.8,15.0,31.8,1.144,65.7,58.8,58.8,61.7,101,65.3,2,6.6,2,7.1,HIGH,6.2,15.2
PRJ-1231,Irrigation,Tamil Nadu,157.49,15,22.7,19.7,3.0,20.1,1.02,80.9,79.3,73.8,75.6,43,83.5,0,4.4,0,4.7,MEDIUM,2.5,8.4
PRJ-1232,Bridge,Telangana,5221.39,25,34.7,24.6,10.1,31.4,1.276,56.0,58.6,58.5,65.3,74,73.5,8,4.2,3,6.2,HIGH,5.4,13.0
PRJ-1233,Bridge,West Bengal,5095.99,28,46.6,43.7,2.9,44.9,1.027,85.4,83.0,80.7,71.7,26,98.9,0,3.5,1,4.0,MEDIUM,0.8,6.1
PRJ-1234,Metro,Maharashtra,14726.63,49,50.3,43.6,6.7,47.7,1.094,82.0,78.7,84.0,82.7,37,87.9,2,4.1,1,4.2,MEDIUM,2.1,5.8
PRJ-1235,Highway,Rajasthan,3563.87,27,56.2,56.2,0.0,53.7,0.956,94.8,88.3,94.2,93.5,0,99.4,1,1.8,0,0.5,LOW,0.1,1.1
PRJ-1236,Power Infrastructure,Tamil Nadu,1230.64,29,70.8,70.8,0.0,72.3,1.021,98.6,94.3,97.2,86.6,1,96.2,0,0.4,0,0.5,LOW,0.3,0.0
PRJ-1237,Power Infrastructure,Odisha,2142.62,49,91.0,90.6,0.4,90.0,0.993,98.0,96.2,93.8,91.6,0,99.8,0,2.4,0,2.1,LOW,0.3,0.0
PRJ-1238,Bridge,Assam,3573.47,32,71.0,39.6,31.4,50.8,1.283,42.5,39.8,49.6,50.1,148,50.2,2,8.3,3,7.8,CRITICAL,10.8,20.2
PRJ-1239,Power Infrastructure,Assam,2827.99,55,49.2,25.5,23.7,32.6,1.278,68.7,60.5,63.7,68.7,45,52.4,7,4.7,1,7.0,HIGH,6.9,12.2
PRJ-1240,Bridge,Karnataka,934.53,41,30.3,9.1,21.2,11.2,1.231,63.2,66.4,55.3,57.5,84,31.9,6,5.8,2,5.6,HIGH,6.6,20.6
PRJ-1241,Highway,Gujarat,3720.18,43,31.6,17.8,13.8,20.3,1.14,56.9,55.9,55.7,58.7,62,54.5,2,6.3,2,5.7,HIGH,6.2,18.8
PRJ-1242,Water Supply,Rajasthan,385.06,15,69.1,39.9,29.2,51.4,1.288,36.7,44.9,36.3,45.4,133,57.2,3,7.7,3,8.0,CRITICAL,11.4,23.7
PRJ-1243,Metro,Uttarakhand,2225.53,34,74.7,73.6,1.1,73.2,0.995,93.6,87.8,98.4,85.1,6,95.9,0,3.3,0,1.3,LOW,0.0,1.4
PRJ-1244,Power Infrastructure,Uttar Pradesh,2311.54,32,33.2,32.9,0.3,32.6,0.991,98.9,96.1,90.7,93.3,2,100.0,1,0.6,0,0.7,LOW,0.0,2.6
PRJ-1245,Urban Development,Rajasthan,629.61,29,72.0,70.5,1.5,74.3,1.054,82.0,76.7,72.4,77.7,18,97.2,2,2.8,1,3.2,MEDIUM,2.8,6.8
PRJ-1246,Railway,Delhi NCR,6310.01,43,28.2,20.2,8.0,20.8,1.03,64.2,63.0,61.3,66.7,71,71.6,1,5.1,1,6.9,HIGH,6.0,12.2
PRJ-1247,Metro,Delhi NCR,3799.62,31,85.6,78.7,6.9,86.9,1.104,82.4,79.6,76.7,71.8,30,93.7,1,3.4,0,3.1,MEDIUM,2.6,5.6
PRJ-1248,Urban Development,Himachal Pradesh,423.46,30,66.0,50.9,15.1,59.7,1.173,59.2,56.7,68.9,69.0,95,80.3,5,4.4,3,6.5,HIGH,6.3,17.5
PRJ-1249,Irrigation,Delhi NCR,236.74,29,79.4,79.4,0.0,78.1,0.984,96.6,98.3,91.3,91.0,4,100.0,1,1.1,0,2.1,LOW,0.4,1.1
PRJ-1250,Urban Development,Odisha,241.95,24,20.9,4.7,16.2,5.7,1.213,70.6,68.7,61.9,65.0,76,17.8,3,6.5,1,6.9,HIGH,6.4,9.7
PRJ-1251,Urban Development,Delhi NCR,1351.25,17,33.6,33.2,0.4,31.8,0.958,94.5,96.9,88.2,85.7,0,95.3,0,0.3,0,1.9,LOW,0.3,2.2
PRJ-1252,Metro,Jammu & Kashmir,5136.24,73,34.8,15.7,19.1,18.8,1.197,57.1,63.5,67.7,56.8,99,43.0,2,7.8,3,6.3,HIGH,5.8,18.7
PRJ-1253,Power Infrastructure,Madhya Pradesh,1091.86,35,22.4,2.0,20.4,5.0,2.5,50.0,47.0,39.4,36.6,160,15.0,2,7.8,3,8.9,CRITICAL,9.4,24.4
PRJ-1254,Bridge,Madhya Pradesh,2071.13,31,74.3,64.3,10.0,74.2,1.154,61.5,68.7,58.7,61.3,114,88.2,4,4.2,2,5.4,HIGH,5.9,11.2
PRJ-1255,Urban Development,Jammu & Kashmir,212.63,23,61.4,54.1,7.3,60.8,1.124,73.5,76.4,78.8,77.2,48,89.6,2,4.9,1,4.4,MEDIUM,3.1,4.4
PRJ-1256,Bridge,Madhya Pradesh,1544.42,43,84.2,84.2,0.0,86.9,1.032,98.9,88.1,96.3,95.8,2,100.0,2,1.8,0,0.9,LOW,0.5,0.1
PRJ-1257,Power Infrastructure,Tamil Nadu,1486.5,46,87.4,84.1,3.3,85.9,1.021,84.2,81.1,75.8,72.4,26,99.3,2,1.7,1,3.3,MEDIUM,3.0,5.1
PRJ-1258,Airport,Rajasthan,10789.74,46,90.5,55.5,35.0,72.2,1.301,35.9,42.8,53.3,35.8,139,61.4,2,5.8,4,8.7,CRITICAL,13.3,24.5
PRJ-1259,Airport,Andhra Pradesh,1523.93,31,32.0,23.0,9.0,26.2,1.139,75.9,71.1,72.8,81.5,45,71.9,4,1.9,1,3.9,MEDIUM,1.8,7.9
PRJ-1260,Irrigation,Himachal Pradesh,570.56,30,84.2,80.8,3.4,78.1,0.967,75.5,83.7,74.3,80.0,32,94.0,0,4.9,1,4.5,MEDIUM,3.3,5.7
PRJ-1261,Railway,Karnataka,1230.3,48,52.8,52.8,0.0,53.8,1.019,92.6,95.3,93.3,85.1,3,95.9,0,1.9,0,1.9,LOW,0.0,1.0
PRJ-1262,Metro,Rajasthan,8261.23,64,68.2,67.2,1.0,70.5,1.049,90.2,94.1,92.3,91.3,1,98.9,0,2.5,0,1.3,LOW,0.3,2.5
PRJ-1263,Water Supply,Karnataka,331.55,15,85.9,81.4,4.5,85.4,1.049,79.5,79.5,80.1,83.3,24,93.1,1,1.9,0,3.6,MEDIUM,2.0,6.0
PRJ-1264,Bridge,Tamil Nadu,1249.82,35,65.4,39.7,25.7,48.2,1.214,40.8,51.2,54.3,41.5,211,59.0,2,6.3,2,9.2,CRITICAL,9.2,29.5
PRJ-1265,Water Supply,Odisha,430.75,16,21.4,21.4,0.0,21.8,1.019,91.8,90.4,88.1,97.6,5,100.0,1,1.8,0,0.8,LOW,0.1,0.4
PRJ-1266,Irrigation,Himachal Pradesh,1565.82,16,48.8,32.8,16.0,38.9,1.186,67.3,60.2,68.4,60.7,84,63.4,4,7.8,2,7.1,HIGH,6.0,21.3
PRJ-1267,Power Infrastructure,Odisha,2625.35,19,88.6,87.3,1.3,87.3,1.0,97.0,94.7,89.5,94.3,5,99.0,0,2.0,0,1.0,LOW,0.3,0.6
PRJ-1268,Highway,West Bengal,3037.92,37,62.1,44.9,17.2,54.2,1.207,56.9,62.6,69.0,55.4,87,71.2,6,3.8,2,6.9,HIGH,6.1,12.4
PRJ-1269,Water Supply,Assam,1472.17,33,37.0,34.8,2.2,35.8,1.029,73.8,83.0,80.9,82.2,33,91.7,1,3.6,1,3.5,MEDIUM,1.6,4.4
PRJ-1270,Highway,Assam,2030.44,22,77.4,74.3,3.1,77.4,1.042,76.7,70.8,80.3,81.3,35,94.4,5,4.6,0,2.7,MEDIUM,1.2,7.6
PRJ-1271,Power Infrastructure,Maharashtra,6511.17,22,37.5,34.1,3.4,36.6,1.073,74.9,80.6,72.3,80.6,51,87.7,2,2.8,1,4.6,MEDIUM,3.0,7.2
PRJ-1272,Irrigation,Telangana,328.05,24,40.3,33.1,7.2,36.1,1.091,75.3,71.9,73.9,77.3,28,86.0,2,3.2,1,3.1,MEDIUM,2.4,8.7
PRJ-1273,Water Supply,Odisha,289.41,21,74.5,72.7,1.8,78.2,1.076,72.3,71.5,78.2,71.1,28,98.5,3,4.3,0,4.2,MEDIUM,1.8,7.3
PRJ-1274,Urban Development,Himachal Pradesh,1118.44,21,34.6,30.8,3.8,33.9,1.101,81.3,77.4,85.8,83.9,56,89.5,2,3.1,1,3.4,MEDIUM,1.7,6.8
PRJ-1275,Bridge,Jammu & Kashmir,1141.06,22,28.4,27.9,0.5,28.5,1.022,96.8,96.2,91.6,85.3,3,95.7,0,1.9,0,1.7,LOW,0.1,0.6
PRJ-1276,Bridge,Madhya Pradesh,2340.99,52,26.5,6.0,20.5,7.6,1.267,41.4,38.8,36.0,37.7,143,17.4,5,7.2,4,8.4,CRITICAL,11.6,17.9
PRJ-1277,Water Supply,Jammu & Kashmir,153.37,12,90.0,84.9,5.1,88.5,1.042,77.9,75.9,82.0,75.0,27,95.7,1,3.5,0,4.2,MEDIUM,2.5,4.6
PRJ-1278,Highway,Assam,482.84,34,48.8,44.6,4.2,47.4,1.063,81.3,82.5,75.2,78.7,33,94.0,1,3.6,0,3.6,MEDIUM,2.1,9.5
PRJ-1279,Irrigation,Assam,2921.03,32,63.7,43.7,20.0,53.6,1.227,67.9,60.7,55.0,62.6,98,65.4,2,5.6,1,5.2,HIGH,6.8,14.0
PRJ-1280,Metro,Delhi NCR,1276.79,47,65.4,43.3,22.1,53.8,1.242,63.1,52.2,59.8,62.9,81,69.1,5,5.4,1,6.6,HIGH,8.8,15.6
PRJ-1281,Metro,Himachal Pradesh,1497.45,35,23.8,22.3,1.5,23.3,1.045,79.5,77.6,75.6,80.0,34,91.5,0,5.4,1,4.3,MEDIUM,3.3,7.2
PRJ-1282,Highway,Assam,1412.39,40,70.2,48.9,21.3,65.3,1.335,38.3,30.2,38.0,54.0,177,68.3,9,9.8,3,8.5,CRITICAL,12.6,26.0
PRJ-1283,Highway,Tamil Nadu,872.82,38,58.2,26.2,32.0,35.5,1.355,43.7,43.8,46.1,37.4,167,48.5,5,8.3,3,8.1,CRITICAL,11.3,33.7
PRJ-1284,Water Supply,Karnataka,893.61,12,89.1,81.1,8.0,89.3,1.101,55.4,59.0,58.8,62.3,82,87.3,2,6.0,3,5.4,HIGH,6.1,14.2
PRJ-1285,Power Infrastructure,Bihar,558.0,31,31.3,29.8,1.5,32.2,1.081,75.8,78.9,82.8,80.7,40,98.3,3,4.3,0,3.4,MEDIUM,1.7,5.9
PRJ-1286,Highway,Madhya Pradesh,2202.94,32,51.0,19.6,31.4,25.9,1.321,35.9,32.1,35.7,45.3,162,36.6,6,7.2,3,9.4,CRITICAL,13.1,31.6
PRJ-1287,Water Supply,Andhra Pradesh,1036.35,28,28.4,10.3,18.1,12.2,1.184,64.5,60.2,64.0,56.8,73,36.8,4,3.0,1,5.6,HIGH,4.4,16.3
PRJ-1288,Bridge,Delhi NCR,732.45,34,57.8,53.5,4.3,56.8,1.062,85.8,82.6,72.5,78.5,36,93.0,1,3.5,0,4.5,MEDIUM,2.4,8.6
PRJ-1289,Irrigation,Andhra Pradesh,1736.49,24,35.2,35.2,0.0,35.1,0.997,88.7,99.0,88.3,87.4,2,100.0,0,2.1,0,1.9,LOW,0.2,1.8
PRJ-1290,Water Supply,Madhya Pradesh,943.8,30,33.6,29.0,4.6,29.7,1.024,75.8,77.4,73.3,83.5,23,80.3,1,3.2,1,4.2,MEDIUM,2.8,6.0
PRJ-1291,Water Supply,Madhya Pradesh,945.72,41,33.7,30.7,3.0,31.2,1.016,81.2,75.1,83.2,71.6,33,92.5,1,3.1,0,2.7,MEDIUM,1.6,8.0
PRJ-1292,Railway,Jammu & Kashmir,5908.88,50,26.2,2.0,24.2,5.0,2.5,43.9,31.1,38.8,41.0,90,15.0,6,10.0,5,8.9,CRITICAL,13.2,24.5
PRJ-1293,Highway,Himachal Pradesh,3191.31,30,68.4,40.6,27.8,53.7,1.323,46.2,39.3,39.0,46.6,151,56.2,6,7.9,5,8.4,CRITICAL,16.1,21.2
PRJ-1294,Highway,Kerala,2043.37,48,26.1,5.6,20.5,7.5,1.339,50.1,40.9,52.9,48.6,175,21.7,8,7.1,5,8.5,CRITICAL,14.0,24.7
PRJ-1295,Bridge,Tamil Nadu,3311.04,31,87.2,82.7,4.5,90.7,1.097,75.9,79.7,85.1,81.1,35,100.0,3,1.6,1,3.8,MEDIUM,2.2,8.2
PRJ-1296,Highway,Maharashtra,1289.27,25,45.3,45.3,0.0,46.5,1.026,96.7,88.8,96.1,85.9,0,100.0,0,2.0,0,1.8,LOW,0.5,1.6
PRJ-1297,Bridge,West Bengal,1099.15,49,87.0,82.4,4.6,92.6,1.124,84.6,71.5,75.5,79.3,25,100.0,3,3.6,1,3.1,MEDIUM,2.6,6.6
PRJ-1298,Highway,Karnataka,1606.77,32,20.3,2.0,18.3,5.0,2.5,37.9,44.6,49.2,41.2,141,15.0,10,5.8,4,8.0,CRITICAL,12.1,31.6
PRJ-1299,Bridge,Karnataka,1058.51,28,31.8,7.5,24.3,9.4,1.253,52.2,51.5,39.6,49.4,100,26.0,4,9.0,5,9.0,CRITICAL,9.1,35.5
PRJ-1300,Power Infrastructure,Gujarat,1369.58,47,76.0,76.0,0.0,78.6,1.034,94.2,91.3,92.0,96.2,7,97.4,0,0.5,0,1.7,LOW,0.3,0.0
PRJ-1301,Bridge,Delhi NCR,3517.78,23,27.2,11.2,16.0,14.1,1.259,67.9,60.6,54.9,64.3,98,40.2,8,5.1,2,5.3,HIGH,5.6,11.4
PRJ-1302,Airport,Kerala,5085.06,25,40.8,39.5,1.3,39.4,0.997,95.9,95.7,94.2,92.7,6,95.9,1,2.2,0,1.4,LOW,0.0,1.4
PRJ-1303,Metro,Gujarat,5854.41,30,82.8,79.1,3.7,83.6,1.057,74.8,80.7,76.7,73.3,26,96.2,0,2.4,0,3.7,MEDIUM,2.2,4.5
PRJ-1304,Metro,Telangana,6325.11,44,39.1,39.1,0.0,39.0,0.997,91.5,92.1,99.3,87.7,4,96.4,0,2.3,0,1.1,LOW,0.2,1.7
PRJ-1305,Railway,Maharashtra,9129.74,37,36.5,35.0,1.5,38.4,1.097,81.0,73.9,72.8,70.5,36,96.5,3,2.2,0,2.6,MEDIUM,2.0,7.0
PRJ-1306,Airport,Assam,7052.94,76,82.4,81.9,0.5,82.0,1.001,97.7,93.1,95.9,96.1,0,100.0,0,2.4,0,1.7,LOW,0.0,2.1
PRJ-1307,Water Supply,West Bengal,460.06,35,20.3,2.0,18.3,5.0,2.5,69.1,54.5,65.4,59.1,45,15.0,3,6.9,1,6.8,HIGH,6.8,14.3
PRJ-1308,Railway,Rajasthan,11954.42,56,66.2,59.0,7.2,61.5,1.042,83.8,75.4,81.9,71.8,25,90.3,0,2.9,1,3.8,MEDIUM,1.5,4.6
PRJ-1309,Railway,Telangana,5104.61,73,45.4,45.3,0.1,47.9,1.057,97.7,86.5,97.7,91.1,0,96.6,2,1.0,0,1.7,LOW,0.3,1.8
PRJ-1310,Railway,Uttar Pradesh,2809.93,31,69.7,64.7,5.0,68.3,1.056,83.7,71.5,82.1,74.8,28,88.7,0,2.2,0,3.1,MEDIUM,2.3,5.5
PRJ-1311,Irrigation,Himachal Pradesh,830.04,31,55.5,35.6,19.9,44.2,1.242,61.1,54.6,64.7,68.8,126,64.6,5,5.2,1,6.9,HIGH,5.3,15.6
PRJ-1312,Water Supply,Kerala,654.41,32,79.7,79.7,0.0,77.4,0.971,91.0,92.0,98.7,91.1,7,99.9,0,2.3,0,1.2,LOW,0.0,0.7
PRJ-1313,Railway,Uttarakhand,2171.11,48,21.0,14.2,6.8,14.8,1.042,75.1,82.1,72.9,83.6,30,74.2,2,5.5,1,4.3,MEDIUM,3.0,6.8
PRJ-1314,Irrigation,Maharashtra,525.0,32,62.7,62.1,0.6,62.2,1.002,90.6,97.6,88.1,85.6,6,98.1,1,0.7,0,0.9,LOW,0.2,1.8
PRJ-1315,Water Supply,Jammu & Kashmir,768.79,29,61.2,61.2,0.0,64.9,1.06,93.9,97.4,92.9,86.6,2,99.7,0,2.4,0,1.0,LOW,0.1,1.2
PRJ-1316,Railway,Odisha,8257.11,30,65.1,46.9,18.2,61.7,1.316,70.1,54.3,66.4,56.8,84,70.3,6,4.1,1,5.5,HIGH,6.9,12.2
PRJ-1317,Irrigation,Delhi NCR,1285.47,12,64.0,59.0,5.0,62.3,1.056,82.6,74.1,85.6,71.8,20,92.2,2,4.0,1,3.6,MEDIUM,1.5,7.5
PRJ-1318,Metro,Odisha,10138.7,58,62.7,62.7,0.0,63.7,1.016,94.7,93.3,93.8,91.5,1,100.0,0,1.4,0,1.9,LOW,0.2,0.3
PRJ-1319,Metro,Uttarakhand,10712.68,39,49.3,49.3,0.0,48.5,0.984,93.0,88.2,91.2,95.3,2,100.0,0,2.8,0,1.5,LOW,0.1,1.7
PRJ-1320,Airport,Himachal Pradesh,8064.56,43,27.9,2.0,25.9,5.0,2.5,35.2,39.7,35.9,41.3,137,15.0,8,8.4,3,8.7,CRITICAL,8.6,33.3
PRJ-1321,Power Infrastructure,Delhi NCR,7694.86,29,78.8,77.5,1.3,81.8,1.055,96.2,87.0,88.6,89.2,0,99.0,0,1.2,0,2.0,LOW,0.1,1.3
PRJ-1322,Water Supply,Madhya Pradesh,1800.87,36,86.8,73.8,13.0,91.5,1.24,60.5,68.4,62.8,62.8,80,87.6,8,3.3,1,7.0,HIGH,4.8,11.1
PRJ-1323,Irrigation,Rajasthan,4010.83,28,51.9,51.9,0.0,49.7,0.958,93.9,92.3,96.4,88.2,3,97.6,0,0.4,0,0.9,LOW,0.3,0.0
PRJ-1324,Railway,Madhya Pradesh,1378.72,51,39.3,39.3,0.0,39.5,1.005,98.4,91.2,96.3,91.9,2,92.5,0,1.3,0,1.0,LOW,0.1,1.1
PRJ-1325,Power Infrastructure,Rajasthan,1865.29,41,90.9,87.3,3.6,92.9,1.064,84.3,80.6,78.8,72.8,32,93.1,2,3.1,0,4.5,MEDIUM,3.6,5.5
PRJ-1326,Power Infrastructure,Assam,999.36,18,31.8,28.1,3.7,30.4,1.082,81.6,80.3,79.5,73.5,17,83.3,3,5.2,1,4.7,MEDIUM,2.6,7.5
PRJ-1327,Irrigation,Maharashtra,207.67,33,49.1,47.0,2.1,51.9,1.104,95.4,98.6,90.1,87.8,0,97.9,0,1.6,0,1.3,LOW,0.0,0.5
PRJ-1328,Power Infrastructure,Andhra Pradesh,2703.92,30,34.1,34.1,0.0,33.9,0.994,92.6,92.1,92.4,90.1,0,100.0,0,0.4,0,1.6,LOW,0.2,1.4
PRJ-1329,Metro,Jammu & Kashmir,2347.83,52,25.4,25.4,0.0,26.1,1.028,91.7,95.2,94.7,93.4,0,95.0,0,2.1,0,0.7,LOW,0.3,0.1
PRJ-1330,Bridge,Kerala,1625.18,31,46.4,46.4,0.0,46.4,1.0,92.1,91.0,98.0,89.8,8,100.0,0,2.9,0,1.1,LOW,0.0,0.7
PRJ-1331,Airport,Andhra Pradesh,3226.02,24,68.9,68.9,0.0,71.5,1.038,94.6,96.5,89.3,97.5,0,100.0,0,1.1,0,1.5,LOW,0.2,1.7
PRJ-1332,Airport,Madhya Pradesh,2585.73,49,63.7,56.1,7.6,61.4,1.094,85.9,70.3,73.7,81.7,34,85.2,2,3.3,1,4.3,MEDIUM,1.8,7.9
PRJ-1333,Urban Development,Maharashtra,624.09,22,80.2,61.2,19.0,83.7,1.368,44.4,30.8,38.9,42.0,125,81.5,10,8.7,4,9.4,CRITICAL,10.2,21.4
PRJ-1334,Urban Development,West Bengal,789.21,26,78.4,70.2,8.2,72.4,1.031,73.6,80.8,79.5,79.3,26,92.2,1,4.2,1,4.2,MEDIUM,3.8,6.2
PRJ-1335,Railway,Rajasthan,2823.27,61,70.8,51.3,19.5,63.9,1.246,58.6,66.0,63.7,60.4,99,69.8,5,4.8,3,5.5,HIGH,5.2,15.4
PRJ-1336,Water Supply,Jammu & Kashmir,1749.28,25,75.6,42.6,33.0,54.7,1.284,46.4,36.5,52.8,49.7,176,55.8,3,10.0,2,9.4,CRITICAL,16.3,27.6
PRJ-1337,Urban Development,Rajasthan,643.51,29,55.2,26.0,29.2,33.4,1.285,53.7,44.7,35.9,39.2,145,46.7,2,6.5,2,9.4,CRITICAL,9.8,23.4
PRJ-1338,Power Infrastructure,Jammu & Kashmir,2531.85,39,76.1,71.9,4.2,77.6,1.079,80.0,82.2,84.1,82.5,32,94.8,0,3.5,0,3.6,MEDIUM,1.6,5.2
PRJ-1339,Power Infrastructure,Maharashtra,2574.47,32,75.4,57.2,18.2,67.2,1.175,63.4,60.8,63.2,67.4,117,80.3,2,6.0,3,5.4,HIGH,7.5,12.5
PRJ-1340,Railway,Telangana,5642.79,40,61.0,47.7,13.3,55.0,1.153,69.1,61.9,56.0,57.0,80,77.8,4,4.8,2,6.4,HIGH,6.0,17.7
PRJ-1341,Bridge,Assam,511.2,23,52.2,28.8,23.4,34.8,1.208,39.2,50.3,43.5,53.0,138,54.8,2,10.0,3,8.4,CRITICAL,15.5,24.8
PRJ-1342,Bridge,Telangana,1325.52,40,44.6,22.8,21.8,29.1,1.276,44.8,46.0,46.6,44.4,133,52.5,6,5.7,2,7.8,CRITICAL,8.1,25.0
PRJ-1343,Irrigation,Jammu & Kashmir,408.28,31,26.3,16.0,10.3,18.7,1.169,65.6,62.6,58.5,65.0,65,63.1,3,6.2,1,5.7,HIGH,6.5,15.8
PRJ-1344,Urban Development,Uttarakhand,439.08,27,66.0,54.7,11.3,66.0,1.207,61.4,66.5,62.0,59.1,76,84.6,5,6.8,2,6.9,HIGH,4.6,16.7
PRJ-1345,Irrigation,Odisha,4127.23,28,80.8,79.3,1.5,83.0,1.047,80.6,77.2,78.9,75.8,17,94.2,3,2.6,0,3.3,MEDIUM,3.4,7.6
PRJ-1346,Urban Development,Andhra Pradesh,340.17,12,49.8,49.8,0.0,48.7,0.978,89.7,91.9,95.3,96.4,1,100.0,0,1.8,0,2.0,LOW,0.3,2.1
PRJ-1347,Irrigation,Delhi NCR,729.06,36,76.9,66.0,10.9,70.2,1.064,61.7,59.0,57.7,61.9,98,81.4,1,3.5,2,5.0,HIGH,4.4,14.4
PRJ-1348,Airport,Telangana,4912.36,61,47.9,41.7,6.2,42.9,1.029,72.8,76.9,80.2,70.6,53,86.6,0,4.2,1,4.2,MEDIUM,2.1,7.7
PRJ-1349,Airport,Rajasthan,5505.92,61,90.8,90.8,0.0,92.4,1.018,92.5,90.2,97.4,90.4,0,96.7,0,1.9,0,0.6,LOW,0.4,0.8
PRJ-1350,Railway,West Bengal,4486.93,70,75.4,62.7,12.7,71.2,1.136,65.3,53.8,61.0,61.6,89,84.6,1,6.9,1,5.6,HIGH,4.1,16.4
PRJ-1351,Irrigation,Gujarat,260.49,49,45.9,45.5,0.4,45.9,1.009,95.1,97.7,90.0,89.7,2,99.9,0,1.1,0,1.6,LOW,0.1,2.8
PRJ-1352,Urban Development,Bihar,288.45,30,22.8,8.5,14.3,9.1,1.071,57.1,60.0,63.6,59.4,60,36.9,1,3.1,2,7.1,HIGH,6.3,16.9
PRJ-1353,Bridge,West Bengal,1517.01,34,43.3,35.3,8.0,38.1,1.079,65.6,54.3,65.0,59.2,100,84.4,5,6.7,2,5.2,HIGH,6.8,12.4
PRJ-1354,Power Infrastructure,Madhya Pradesh,522.94,44,80.4,71.3,9.1,84.6,1.187,58.5,63.5,66.4,63.9,86,92.9,7,4.9,2,5.5,HIGH,6.2,15.4
PRJ-1355,Urban Development,Telangana,1570.12,22,52.9,52.8,0.1,53.7,1.017,89.1,95.7,97.7,96.5,1,96.9,0,0.8,0,1.7,LOW,0.3,2.2
PRJ-1356,Railway,West Bengal,1908.26,57,66.3,62.6,3.7,68.0,1.086,73.7,76.5,78.0,82.0,18,88.5,0,4.3,1,3.6,MEDIUM,3.3,5.6
PRJ-1357,Airport,Rajasthan,7469.86,56,62.1,52.5,9.6,59.7,1.137,60.0,54.4,57.4,61.8,55,90.8,4,3.4,2,6.9,HIGH,6.2,13.6
PRJ-1358,Irrigation,Bihar,1589.95,17,91.2,89.7,1.5,97.8,1.09,83.2,79.1,75.0,70.7,25,97.7,3,3.0,0,2.5,MEDIUM,2.6,8.3
PRJ-1359,Airport,Maharashtra,17094.61,47,27.8,13.2,14.6,15.5,1.174,55.5,60.8,63.1,66.7,85,42.1,3,5.2,1,7.1,HIGH,5.1,11.4
PRJ-1360,Urban Development,Karnataka,169.09,39,41.9,6.5,35.4,9.0,1.385,39.8,41.8,51.5,39.1,138,19.2,8,5.5,4,8.8,CRITICAL,13.0,27.8
PRJ-1361,Airport,Uttar Pradesh,1972.4,42,20.1,2.0,18.1,5.0,2.5,53.8,41.5,39.1,39.5,116,15.0,2,6.5,3,7.8,CRITICAL,8.9,29.3
PRJ-1362,Highway,Himachal Pradesh,832.16,19,49.3,48.7,0.6,50.4,1.035,95.3,89.3,89.5,89.9,0,96.8,0,1.1,0,0.8,LOW,0.8,1.4
PRJ-1363,Airport,Karnataka,2423.99,56,33.9,28.1,5.8,28.9,1.028,76.9,78.3,77.4,82.6,29,80.7,2,1.9,0,3.7,MEDIUM,2.2,8.3
PRJ-1364,Power Infrastructure,Gujarat,1536.81,23,69.3,49.5,19.8,62.4,1.261,55.6,58.6,66.7,64.3,57,72.9,4,6.2,1,7.2,HIGH,7.4,16.1
PRJ-1365,Highway,Telangana,655.64,37,57.5,54.0,3.5,57.7,1.069,77.9,76.0,72.4,77.1,37,94.8,3,2.5,0,2.8,MEDIUM,3.0,8.7
PRJ-1366,Power Infrastructure,Jammu & Kashmir,1774.43,32,80.2,79.9,0.3,83.1,1.04,95.7,88.7,88.2,97.4,3,96.6,0,2.9,0,0.9,LOW,0.2,1.7
PRJ-1367,Power Infrastructure,Andhra Pradesh,789.46,30,59.1,59.1,0.0,55.6,0.941,95.4,95.2,94.7,87.7,1,96.9,0,2.3,0,0.8,LOW,0.5,0.5
PRJ-1368,Metro,Uttar Pradesh,4477.36,40,61.5,59.5,2.0,60.5,1.017,72.4,70.2,85.2,71.7,22,97.4,2,1.6,0,4.4,MEDIUM,2.0,6.6
PRJ-1369,Airport,Jammu & Kashmir,7062.52,42,52.6,52.6,0.0,50.8,0.966,92.9,96.3,95.4,94.9,6,100.0,0,1.7,0,1.2,LOW,0.1,1.5
PRJ-1370,Railway,Tamil Nadu,3732.1,27,32.3,30.8,1.5,31.1,1.01,75.6,77.4,86.6,81.9,38,98.4,1,2.5,0,4.3,MEDIUM,1.5,4.9
PRJ-1371,Water Supply,Jammu & Kashmir,1741.77,36,81.3,56.8,24.5,73.5,1.294,35.0,41.5,41.9,33.5,133,68.7,8,10.0,5,7.6,CRITICAL,10.6,28.3
PRJ-1372,Railway,Uttar Pradesh,8142.78,29,89.2,89.2,0.0,94.0,1.054,88.2,94.3,93.0,90.9,3,99.0,0,0.8,0,1.6,LOW,0.3,2.1
PRJ-1373,Metro,Karnataka,5354.0,57,30.2,30.2,0.0,29.5,0.977,98.5,90.3,99.5,90.0,0,100.0,0,2.3,0,1.9,LOW,0.0,0.2
PRJ-1374,Airport,Tamil Nadu,5471.68,44,26.1,2.0,24.1,5.0,2.5,53.2,30.1,40.0,46.4,131,15.0,6,9.2,5,9.0,CRITICAL,11.8,31.1
PRJ-1375,Bridge,Gujarat,5160.85,48,76.7,57.6,19.1,67.8,1.177,70.5,67.7,68.1,60.0,94,74.9,2,4.8,1,7.1,HIGH,7.0,11.6
PRJ-1376,Urban Development,Odisha,805.29,25,21.6,14.3,7.3,16.2,1.133,81.5,79.5,85.6,80.9,18,67.8,3,1.6,0,3.2,MEDIUM,2.7,7.3
PRJ-1377,Bridge,Uttarakhand,670.96,30,32.0,6.0,26.0,7.6,1.267,41.8,36.3,40.1,44.4,107,15.0,6,9.1,2,8.1,CRITICAL,9.5,23.0
PRJ-1378,Water Supply,Delhi NCR,203.99,32,39.4,37.1,2.3,39.9,1.075,75.1,77.0,79.1,82.4,31,89.1,4,4.1,1,3.9,MEDIUM,2.8,7.3
PRJ-1379,Power Infrastructure,Telangana,1653.99,29,55.1,26.9,28.2,37.4,1.39,41.3,39.3,46.4,40.1,145,50.9,9,9.1,5,8.5,CRITICAL,9.0,22.4
PRJ-1380,Water Supply,Telangana,597.41,33,40.8,40.5,0.3,38.5,0.951,93.0,93.9,95.3,95.4,0,94.2,0,2.1,0,1.0,LOW,0.3,0.8
PRJ-1381,Highway,Gujarat,844.82,21,62.0,62.0,0.0,65.7,1.06,93.9,88.6,89.9,90.8,0,100.0,0,2.2,0,1.2,LOW,0.6,0.5
PRJ-1382,Bridge,West Bengal,3446.25,41,88.2,87.7,0.5,84.7,0.966,90.4,86.8,91.9,91.5,4,95.9,1,0.5,0,0.7,LOW,0.1,1.0
PRJ-1383,Airport,Tamil Nadu,1929.14,74,39.0,39.0,0.0,38.1,0.977,94.7,98.5,95.1,91.7,4,98.5,0,1.3,0,2.1,LOW,0.0,2.6
PRJ-1384,Metro,Rajasthan,1445.71,48,72.1,64.8,7.3,73.7,1.137,81.3,76.4,85.3,74.1,44,92.7,3,4.0,0,4.1,MEDIUM,2.8,4.8
PRJ-1385,Metro,Himachal Pradesh,1781.03,48,90.4,82.3,8.1,84.6,1.028,78.3,71.8,78.4,76.7,60,94.1,0,3.3,1,3.5,MEDIUM,2.7,5.4
PRJ-1386,Railway,Bihar,7949.35,40,36.6,12.6,24.0,16.3,1.294,44.3,30.4,48.4,36.6,224,34.4,6,7.4,2,9.1,CRITICAL,9.8,25.5
PRJ-1387,Highway,Odisha,3107.89,46,43.0,43.0,0.0,41.1,0.956,93.0,86.2,89.4,90.7,3,100.0,0,0.6,0,1.1,LOW,0.5,0.0
PRJ-1388,Power Infrastructure,Jammu & Kashmir,3051.54,36,55.5,54.3,1.2,54.2,0.998,94.1,95.8,91.4,86.9,2,100.0,0,1.6,0,0.8,LOW,0.1,1.0
PRJ-1389,Airport,Uttar Pradesh,2519.3,26,65.2,51.1,14.1,57.5,1.125,66.2,54.3,60.7,68.6,100,80.4,3,4.5,3,5.0,HIGH,4.8,15.5
PRJ-1390,Bridge,Telangana,1089.31,42,60.3,57.6,2.7,61.7,1.071,73.8,72.8,79.7,71.2,47,95.4,1,4.5,0,3.6,MEDIUM,3.2,6.5
PRJ-1391,Airport,Delhi NCR,4546.47,69,66.7,48.7,18.0,54.4,1.117,37.5,44.8,35.1,52.2,183,66.8,2,9.2,4,7.4,CRITICAL,8.5,25.2
PRJ-1392,Railway,Rajasthan,7811.83,31,41.5,41.5,0.0,41.6,1.002,88.6,98.2,94.3,91.5,5,99.7,0,0.9,0,1.1,LOW,0.1,1.5
PRJ-1393,Airport,West Bengal,3155.91,44,90.2,89.9,0.3,89.6,0.997,89.2,97.2,98.1,94.6,4,98.4,0,1.7,0,1.7,LOW,0.0,0.8
PRJ-1394,Water Supply,Gujarat,285.7,30,77.4,77.4,0.0,78.4,1.013,92.0,95.8,99.6,93.9,0,97.9,0,0.5,0,1.9,LOW,0.0,0.9
PRJ-1395,Urban Development,Rajasthan,1412.16,16,44.5,28.3,16.2,34.1,1.205,65.2,63.1,69.3,57.7,67,59.1,4,6.1,1,6.3,HIGH,4.9,17.2
PRJ-1396,Metro,Madhya Pradesh,2265.27,62,74.7,70.4,4.3,71.0,1.009,80.6,75.6,82.5,76.4,33,87.9,2,4.0,0,3.0,MEDIUM,2.4,7.8
PRJ-1397,Metro,Tamil Nadu,3204.75,27,41.7,22.2,19.5,26.7,1.203,64.3,56.9,59.9,62.0,109,57.5,1,3.3,3,6.7,HIGH,4.7,13.6
PRJ-1398,Highway,Bihar,642.18,37,82.8,79.0,3.8,84.2,1.066,77.2,71.9,72.6,81.3,35,96.4,1,2.3,0,3.5,MEDIUM,2.1,5.9
PRJ-1399,Airport,Telangana,14264.26,43,22.2,20.7,1.5,21.0,1.014,85.3,77.8,84.3,78.0,21,90.4,0,3.1,1,4.8,MEDIUM,2.6,7.5
PRJ-1400,Power Infrastructure,Gujarat,3456.58,19,73.4,49.7,23.7,63.8,1.284,50.7,36.1,53.6,35.9,90,64.4,7,6.6,4,8.8,CRITICAL,9.8,31.4
PRJ-1401,Power Infrastructure,Telangana,1366.61,24,25.1,22.7,2.4,23.0,1.013,93.6,97.3,91.5,94.1,5,88.5,1,0.4,0,1.5,LOW,0.3,0.6
PRJ-1402,Water Supply,Madhya Pradesh,364.08,24,71.7,49.4,22.3,66.8,1.352,63.6,59.8,59.2,62.4,59,70.0,10,4.9,3,6.5,HIGH,7.1,15.1
PRJ-1403,Urban Development,Himachal Pradesh,1490.01,32,58.4,53.8,4.6,53.7,0.998,74.4,79.5,78.3,70.4,31,88.8,0,4.3,1,3.8,MEDIUM,2.4,9.0
PRJ-1404,Power Infrastructure,Delhi NCR,4764.03,46,65.9,57.9,8.0,64.5,1.114,85.4,82.3,84.8,75.2,50,92.8,1,2.0,0,3.5,MEDIUM,2.2,5.9
PRJ-1405,Railway,Uttar Pradesh,3353.3,46,59.9,40.1,19.8,49.5,1.234,58.3,66.1,62.6,61.7,65,67.0,3,3.6,2,7.1,HIGH,6.5,16.0
PRJ-1406,Water Supply,Andhra Pradesh,206.51,29,49.0,25.0,24.0,31.8,1.272,45.2,50.0,51.9,39.2,168,50.0,6,5.6,3,8.1,CRITICAL,10.5,28.4
PRJ-1407,Airport,Maharashtra,2647.12,44,21.1,9.9,11.2,11.7,1.182,57.2,56.0,61.2,62.2,66,43.5,5,3.8,1,6.7,HIGH,5.2,13.9
PRJ-1408,Railway,Rajasthan,5269.8,32,65.6,60.5,5.1,65.7,1.086,76.2,74.2,74.2,70.6,32,92.6,1,2.4,0,3.0,MEDIUM,2.7,7.2
PRJ-1409,Highway,Madhya Pradesh,3759.07,48,53.6,17.8,35.8,23.7,1.331,53.4,40.3,46.5,49.5,99,33.1,3,7.0,5,7.2,CRITICAL,14.2,24.4
PRJ-1410,Highway,Bihar,2818.68,40,31.9,30.2,1.7,31.2,1.033,91.8,95.2,92.4,88.4,0,90.9,0,1.5,0,1.9,LOW,0.3,1.9
PRJ-1411,Power Infrastructure,Uttarakhand,812.35,29,78.3,75.7,2.6,76.4,1.009,78.2,80.7,77.8,80.7,40,96.5,2,3.6,1,3.3,MEDIUM,2.0,7.9
PRJ-1412,Power Infrastructure,Madhya Pradesh,1358.23,38,49.3,41.5,7.8,44.3,1.067,83.5,74.4,82.6,73.2,21,84.4,1,3.0,1,4.1,MEDIUM,2.4,3.7
PRJ-1413,Metro,Odisha,6932.09,53,76.2,68.2,8.0,75.0,1.1,84.2,71.1,75.7,70.7,33,88.0,2,3.6,0,2.9,MEDIUM,2.5,4.7
PRJ-1414,Power Infrastructure,Tamil Nadu,2011.67,48,71.8,71.3,0.5,71.3,1.0,91.2,95.9,94.5,93.2,1,98.2,0,0.5,0,1.2,LOW,0.0,1.3
PRJ-1415,Power Infrastructure,Kerala,547.34,34,84.6,70.9,13.7,81.4,1.148,57.3,66.2,54.1,65.8,76,83.5,3,5.3,3,6.4,HIGH,6.4,15.3
PRJ-1416,Water Supply,Andhra Pradesh,302.9,15,30.7,19.5,11.2,22.0,1.128,66.4,53.2,69.6,60.4,86,64.6,3,3.1,1,6.0,HIGH,5.1,11.1
PRJ-1417,Irrigation,Gujarat,1074.89,38,21.4,2.0,19.4,5.0,2.5,50.5,51.0,53.5,42.7,176,15.0,10,9.1,2,8.7,CRITICAL,11.6,31.0
PRJ-1418,Metro,Andhra Pradesh,7443.06,33,61.2,61.1,0.1,61.5,1.007,88.8,92.0,95.4,87.7,0,98.3,2,0.4,0,2.1,LOW,0.1,1.7
PRJ-1419,Water Supply,Jammu & Kashmir,1023.87,20,38.3,38.3,0.0,38.9,1.016,97.2,89.7,92.4,97.6,0,97.8,1,2.8,0,1.1,LOW,0.1,2.0
PRJ-1420,Airport,Assam,1451.1,71,35.1,34.8,0.3,34.7,0.997,89.8,86.6,92.7,95.2,3,97.4,0,2.3,0,1.9,LOW,0.3,0.2
PRJ-1421,Urban Development,Uttar Pradesh,751.41,30,80.4,80.1,0.3,84.7,1.057,95.3,95.2,88.1,88.2,0,100.0,1,1.2,0,1.0,LOW,0.0,0.8
PRJ-1422,Power Infrastructure,Tamil Nadu,5950.26,29,49.2,49.2,0.0,47.9,0.974,89.7,91.5,88.8,85.2,4,100.0,0,1.4,0,1.8,LOW,0.0,1.6
PRJ-1423,Irrigation,Madhya Pradesh,206.59,28,76.7,44.8,31.9,61.4,1.371,41.8,48.2,35.5,42.8,113,57.7,8,6.1,3,8.8,CRITICAL,10.0,24.1
PRJ-1424,Irrigation,Gujarat,919.03,39,82.8,75.0,7.8,82.1,1.095,74.2,80.4,73.6,75.4,27,91.9,1,3.5,0,4.6,MEDIUM,2.0,6.9
PRJ-1425,Water Supply,Uttarakhand,300.47,37,91.1,86.8,4.3,95.7,1.103,79.2,84.3,79.2,77.4,24,97.4,5,4.7,0,3.1,MEDIUM,3.3,5.2
PRJ-1426,Highway,Himachal Pradesh,1363.94,51,61.8,61.8,0.0,59.0,0.955,93.6,90.3,94.1,85.9,0,100.0,0,1.4,0,1.9,LOW,0.0,0.3
PRJ-1427,Power Infrastructure,Odisha,1452.07,20,73.5,44.9,28.6,57.4,1.278,49.8,34.7,49.3,49.8,159,57.6,2,8.6,2,9.2,CRITICAL,8.9,22.4
PRJ-1428,Highway,West Bengal,481.65,33,72.8,69.0,3.8,75.6,1.096,83.1,72.0,79.8,78.8,30,93.2,1,3.8,1,4.4,MEDIUM,2.8,7.7
PRJ-1429,Urban Development,Kerala,1135.6,18,69.5,51.1,18.4,62.9,1.231,55.6,67.9,59.5,59.3,83,75.2,3,4.3,2,5.2,HIGH,6.7,16.6
PRJ-1430,Power Infrastructure,Delhi NCR,2984.86,31,39.2,39.2,0.0,38.6,0.985,91.0,88.4,96.2,95.7,1,98.6,0,1.4,0,0.9,LOW,0.4,2.3
PRJ-1431,Highway,West Bengal,452.04,36,62.1,62.1,0.0,58.8,0.947,95.8,97.3,99.2,91.3,1,94.3,0,1.0,0,0.9,LOW,0.1,1.7
PRJ-1432,Airport,Himachal Pradesh,2251.75,26,67.6,66.0,1.6,66.8,1.012,91.2,97.4,97.2,86.1,2,100.0,0,2.0,0,1.0,LOW,0.0,2.3
PRJ-1433,Metro,Telangana,1242.7,59,63.5,60.6,2.9,65.8,1.086,74.2,81.8,77.4,70.7,40,94.3,4,1.9,1,3.4,MEDIUM,4.0,6.8
PRJ-1434,Power Infrastructure,Jammu & Kashmir,1985.81,36,82.1,81.4,0.7,81.1,0.996,94.2,90.3,89.9,86.0,0,100.0,0,3.0,0,2.1,LOW,0.2,0.0
PRJ-1435,Railway,Maharashtra,2024.43,36,24.2,24.0,0.2,24.0,1.0,94.1,91.5,94.8,94.4,2,99.5,1,1.0,0,1.6,LOW,0.0,0.8
PRJ-1436,Bridge,Bihar,2734.33,38,72.5,56.6,15.9,68.3,1.207,65.9,66.1,54.7,65.0,46,80.3,3,3.1,2,7.1,HIGH,5.6,17.8
PRJ-1437,Airport,Himachal Pradesh,2272.65,45,85.4,84.8,0.6,86.0,1.014,88.2,92.8,95.6,92.1,5,97.2,0,2.2,0,1.6,LOW,0.2,2.2
PRJ-1438,Highway,Himachal Pradesh,605.45,30,79.3,68.2,11.1,75.2,1.103,56.3,66.2,55.3,57.8,71,90.7,3,4.5,1,6.1,HIGH,6.7,16.0
PRJ-1439,Water Supply,Tamil Nadu,376.62,40,54.9,32.7,22.2,38.9,1.19,64.0,64.2,55.8,61.9,80,59.6,1,6.0,3,6.8,HIGH,7.0,10.9
PRJ-1440,Bridge,Gujarat,688.79,20,61.7,41.6,20.1,48.9,1.175,70.3,62.3,57.5,61.1,55,67.1,2,4.9,3,5.7,HIGH,4.3,11.7
PRJ-1441,Power Infrastructure,Gujarat,2132.32,47,22.3,22.3,0.0,21.8,0.978,96.4,97.5,96.7,94.9,1,98.9,0,2.3,0,1.4,LOW,0.1,1.4
PRJ-1442,Metro,Jammu & Kashmir,1218.74,58,90.9,78.1,12.8,89.5,1.146,65.5,57.9,68.3,67.5,75,92.7,3,5.1,3,5.7,HIGH,6.6,14.8
PRJ-1443,Airport,Uttarakhand,5408.59,63,29.9,11.9,18.0,14.4,1.21,50.6,50.1,45.7,36.1,200,41.3,6,10.0,4,9.2,CRITICAL,10.1,24.1
PRJ-1444,Airport,Odisha,4307.25,46,60.1,33.6,26.5,41.7,1.241,35.6,43.5,49.3,42.9,128,57.3,4,6.9,2,9.4,CRITICAL,12.0,19.9
PRJ-1445,Power Infrastructure,Jammu & Kashmir,1657.72,22,54.7,41.3,13.4,46.6,1.128,65.8,62.8,61.4,62.6,64,76.2,1,6.2,1,5.2,HIGH,5.4,14.9
PRJ-1446,Bridge,Delhi NCR,3547.93,41,55.5,54.5,1.0,55.0,1.009,95.5,98.9,90.8,92.8,0,100.0,0,1.6,0,0.6,LOW,0.4,1.2
PRJ-1447,Urban Development,Karnataka,983.53,33,57.4,50.9,6.5,55.8,1.096,84.4,73.6,76.2,75.5,23,88.3,2,1.7,1,3.5,MEDIUM,2.7,7.3
PRJ-1448,Water Supply,West Bengal,1103.86,12,49.1,46.8,2.3,45.9,0.981,93.1,86.3,90.7,96.4,0,96.6,0,1.3,0,2.0,LOW,0.0,0.2
PRJ-1449,Urban Development,Karnataka,395.03,25,30.6,24.0,6.6,25.2,1.05,77.9,72.8,72.3,70.2,38,81.3,1,3.1,0,4.6,MEDIUM,2.0,4.6
PRJ-1450,Railway,Madhya Pradesh,2557.35,49,31.5,29.3,2.2,31.2,1.065,74.3,70.4,81.4,81.0,23,93.0,1,4.4,1,4.5,MEDIUM,1.8,5.3
PRJ-1451,Water Supply,Andhra Pradesh,1870.98,24,68.4,29.0,39.4,39.3,1.355,42.2,38.4,46.8,41.1,108,42.0,5,7.9,4,8.4,CRITICAL,9.5,29.4
PRJ-1452,Urban Development,Madhya Pradesh,903.49,26,56.1,56.1,0.0,55.4,0.988,95.5,94.8,96.0,86.1,0,97.4,1,2.4,0,1.3,LOW,0.3,1.2
PRJ-1453,Highway,Telangana,5047.22,59,79.8,79.8,0.0,77.4,0.97,92.5,90.9,99.1,90.6,1,97.3,0,2.1,0,0.7,LOW,0.3,1.0
PRJ-1454,Airport,Jammu & Kashmir,5157.43,48,54.9,52.2,2.7,53.9,1.033,77.0,70.7,84.7,82.2,36,100.0,1,5.3,1,2.7,MEDIUM,3.3,3.4
PRJ-1455,Metro,Delhi NCR,6665.04,66,38.3,38.3,0.0,38.0,0.992,98.7,86.8,97.7,95.2,5,95.3,0,0.9,0,1.0,LOW,0.2,0.6
PRJ-1456,Urban Development,Jammu & Kashmir,3089.47,15,52.8,40.9,11.9,48.0,1.174,69.0,55.9,54.1,68.7,71,76.7,3,6.4,1,6.0,HIGH,7.4,17.6
PRJ-1457,Irrigation,Andhra Pradesh,2146.1,12,91.8,86.1,5.7,87.3,1.014,79.2,82.2,83.7,72.5,25,92.5,1,3.9,0,3.3,MEDIUM,2.7,8.6
PRJ-1458,Urban Development,Himachal Pradesh,2679.16,27,81.0,74.7,6.3,79.6,1.066,77.9,79.4,76.3,75.6,35,87.5,2,5.8,0,2.9,MEDIUM,2.0,7.6
PRJ-1459,Water Supply,Delhi NCR,2513.36,32,25.9,18.9,7.0,20.4,1.079,74.6,76.7,81.0,77.8,29,74.9,3,2.5,1,3.4,MEDIUM,3.3,4.8
PRJ-1460,Irrigation,West Bengal,2423.33,26,64.9,51.2,13.7,56.2,1.098,59.2,56.3,63.8,57.2,61,81.2,1,6.8,3,5.6,HIGH,6.1,11.8
PRJ-1461,Bridge,Assam,1444.94,32,21.2,21.2,0.0,21.8,1.028,98.4,88.3,89.2,94.0,3,96.9,0,1.9,0,1.6,LOW,0.2,1.2
PRJ-1462,Bridge,Odisha,2838.46,18,73.8,45.1,28.7,55.8,1.237,36.6,43.3,37.1,41.1,163,58.1,3,8.8,2,7.6,CRITICAL,7.9,29.7
PRJ-1463,Highway,Andhra Pradesh,518.34,46,51.1,51.1,0.0,52.3,1.023,95.8,89.6,89.5,91.7,8,99.7,0,1.5,0,1.3,LOW,0.6,1.9
PRJ-1464,Power Infrastructure,Assam,2494.82,46,82.9,78.6,4.3,83.9,1.067,82.7,78.7,73.1,75.8,27,98.0,0,5.3,0,3.8,MEDIUM,3.1,7.0
PRJ-1465,Water Supply,Karnataka,208.41,23,43.1,31.6,11.5,36.7,1.161,62.9,55.6,60.1,63.7,94,72.0,3,5.2,3,5.2,HIGH,6.3,15.8
PRJ-1466,Power Infrastructure,Uttar Pradesh,2239.69,34,80.9,74.1,6.8,77.9,1.051,84.7,83.5,86.6,75.0,22,90.8,0,4.2,1,2.9,MEDIUM,1.7,5.4
PRJ-1467,Metro,Uttarakhand,3501.37,76,66.1,31.6,34.5,43.0,1.361,41.4,34.0,48.6,32.4,174,46.0,8,6.6,3,9.2,CRITICAL,8.0,29.9
PRJ-1468,Irrigation,Gujarat,272.81,28,32.4,3.1,29.3,5.0,1.613,46.7,49.9,54.2,38.4,193,15.0,7,7.9,5,9.1,CRITICAL,10.9,22.0
PRJ-1469,Power Infrastructure,Gujarat,983.0,18,69.5,63.9,5.6,68.4,1.07,85.8,75.9,77.4,76.4,18,98.1,3,2.5,0,3.7,MEDIUM,2.4,6.3
PRJ-1470,Urban Development,Delhi NCR,277.4,36,20.2,11.3,8.9,12.1,1.071,73.4,83.6,75.2,79.9,36,54.3,0,2.1,0,4.2,MEDIUM,2.3,6.6
PRJ-1471,Highway,Karnataka,727.9,22,81.0,77.2,3.8,80.2,1.039,72.5,71.9,75.4,83.9,43,92.9,1,3.9,1,3.6,MEDIUM,1.6,6.8
PRJ-1472,Water Supply,Karnataka,806.51,21,67.7,53.2,14.5,59.4,1.117,59.6,68.0,66.2,62.8,92,79.7,1,6.9,3,5.8,HIGH,6.3,12.6
PRJ-1473,Railway,Jammu & Kashmir,15054.44,42,63.5,58.4,5.1,63.4,1.086,84.0,77.2,83.7,81.2,43,84.2,1,2.9,0,4.3,MEDIUM,2.5,6.3
PRJ-1474,Airport,Andhra Pradesh,3145.65,63,63.6,63.6,0.0,65.0,1.022,89.7,94.4,90.2,93.5,0,98.3,0,1.9,0,1.7,LOW,0.3,2.2
PRJ-1475,Water Supply,Tamil Nadu,520.82,48,54.0,50.0,4.0,55.2,1.104,74.8,73.2,72.1,76.1,30,86.6,2,2.4,0,3.2,MEDIUM,1.7,4.6
PRJ-1476,Irrigation,Himachal Pradesh,1838.3,33,56.7,31.1,25.6,39.7,1.277,48.4,44.8,38.9,40.3,176,53.3,2,9.2,3,7.9,CRITICAL,14.3,29.6
PRJ-1477,Water Supply,Andhra Pradesh,1672.36,33,84.1,82.1,2.0,79.6,0.97,92.7,92.4,88.7,87.6,2,96.2,0,2.4,0,1.7,LOW,0.2,0.9
PRJ-1478,Power Infrastructure,Himachal Pradesh,1721.92,27,89.6,89.3,0.3,90.9,1.018,95.2,92.2,98.3,96.6,0,100.0,1,3.0,0,0.7,LOW,0.4,1.6
PRJ-1479,Highway,Tamil Nadu,1914.71,28,78.6,72.7,5.9,75.3,1.036,76.8,71.6,79.6,83.3,41,92.2,1,1.8,0,4.0,MEDIUM,2.9,6.0
PRJ-1480,Bridge,Telangana,602.88,47,51.4,26.5,24.9,34.5,1.302,39.0,43.0,50.1,40.9,250,49.3,6,7.9,5,7.4,CRITICAL,12.8,31.4
PRJ-1481,Bridge,Tamil Nadu,1405.18,18,80.6,68.5,12.1,76.1,1.111,65.4,55.4,68.2,55.1,118,83.4,1,6.4,3,5.2,HIGH,5.5,12.2
PRJ-1482,Water Supply,Gujarat,1539.59,26,36.6,15.7,20.9,18.7,1.191,40.6,42.9,43.4,32.7,204,39.4,4,9.4,2,8.7,CRITICAL,12.6,24.3
PRJ-1483,Railway,Delhi NCR,1495.06,70,60.1,60.1,0.0,59.3,0.987,93.8,92.3,92.2,89.1,4,100.0,0,2.3,0,0.8,LOW,0.0,2.2
PRJ-1484,Metro,Telangana,10905.52,59,73.0,71.5,1.5,74.6,1.043,81.7,78.9,85.2,78.0,24,99.3,1,2.6,1,2.8,MEDIUM,3.1,7.0
PRJ-1485,Highway,Uttar Pradesh,2966.64,45,62.3,47.1,15.2,56.0,1.189,63.1,55.8,62.7,62.7,73,77.3,4,3.6,2,7.1,HIGH,6.4,13.8
PRJ-1486,Irrigation,Uttar Pradesh,1181.3,33,23.0,2.0,21.0,5.0,2.5,43.7,42.5,38.0,42.7,151,15.0,2,7.1,4,7.0,CRITICAL,12.6,35.8
PRJ-1487,Airport,Kerala,13294.56,43,28.8,28.2,0.6,26.9,0.954,91.4,92.4,97.3,91.0,0,98.7,1,2.3,0,1.4,LOW,0.0,0.6
PRJ-1488,Irrigation,Odisha,396.34,17,39.6,39.2,0.4,39.9,1.018,95.2,88.9,89.0,85.6,1,98.7,0,0.9,0,1.4,LOW,0.5,1.5
PRJ-1489,Metro,Rajasthan,1420.93,45,56.5,56.5,0.0,58.3,1.032,93.2,96.0,89.3,90.7,1,95.6,1,2.0,0,1.7,LOW,0.2,1.1
PRJ-1490,Urban Development,Odisha,4351.14,28,25.2,25.2,0.0,25.0,0.992,98.7,90.1,92.9,89.6,0,100.0,0,1.7,0,2.0,LOW,0.1,2.2
PRJ-1491,Metro,Bihar,11678.0,68,22.5,2.6,19.9,5.0,1.923,47.2,49.8,45.2,46.1,230,15.0,10,6.8,5,7.5,CRITICAL,10.7,20.4
PRJ-1492,Metro,Tamil Nadu,7444.12,66,42.3,36.9,5.4,38.8,1.051,81.3,80.1,75.8,72.5,46,85.4,3,2.5,0,3.0,MEDIUM,2.0,4.8
PRJ-1493,Water Supply,Rajasthan,914.34,16,39.7,36.5,3.2,36.8,1.008,74.8,79.5,80.5,74.6,21,94.6,1,2.6,1,4.0,MEDIUM,2.6,7.3
PRJ-1494,Power Infrastructure,Karnataka,1004.64,23,80.1,80.1,0.0,85.5,1.067,98.4,89.0,92.7,91.3,4,99.0,2,1.6,0,1.8,LOW,0.1,0.0
PRJ-1495,Bridge,Delhi NCR,1459.98,28,48.9,34.3,14.6,42.7,1.245,61.6,59.2,65.2,67.8,71,70.0,4,6.8,3,6.2,HIGH,3.9,20.0
PRJ-1496,Airport,Delhi NCR,5063.02,48,36.4,31.6,4.8,34.3,1.085,76.9,75.2,80.9,83.5,29,86.0,2,4.4,0,4.7,MEDIUM,1.8,4.9
PRJ-1497,Airport,Maharashtra,3218.96,55,68.5,52.3,16.2,60.3,1.153,59.2,54.5,55.4,68.1,65,77.7,1,5.3,1,6.0,HIGH,6.6,13.1
PRJ-1498,Power Infrastructure,Telangana,910.15,37,85.1,75.2,9.9,84.3,1.121,68.7,56.3,58.9,58.1,84,91.0,3,6.3,2,6.6,HIGH,5.8,14.9
PRJ-1499,Urban Development,Bihar,1284.25,25,30.3,15.8,14.5,18.1,1.146,65.6,54.2,64.2,65.2,105,54.9,1,6.1,1,5.0,HIGH,5.2,16.1
PRJ-1500,Railway,Delhi NCR,2653.39,32,56.2,22.1,34.1,30.6,1.385,46.2,46.3,53.3,35.5,164,40.6,7,8.8,2,8.0,CRITICAL,14.6,28.7
PRJ-1501,Irrigation,Telangana,1357.6,17,72.5,69.0,3.5,70.9,1.028,76.9,83.8,86.0,83.7,35,97.3,3,2.2,1,4.5,MEDIUM,1.8,6.2
PRJ-1502,Water Supply,Madhya Pradesh,515.87,27,42.6,32.0,10.6,36.5,1.141,70.7,58.1,63.8,61.1,98,75.6,4,4.2,3,5.7,HIGH,7.0,13.6
PRJ-1503,Power Infrastructure,Telangana,833.47,37,48.7,37.8,10.9,42.2,1.116,73.0,71.5,78.2,75.8,18,76.5,3,2.4,0,4.3,MEDIUM,2.5,8.9
PRJ-1504,Bridge,Assam,1281.46,52,52.3,38.4,13.9,44.3,1.154,57.1,68.4,64.2,66.3,74,69.0,3,7.8,2,6.2,HIGH,5.6,14.7
PRJ-1505,Power Infrastructure,Gujarat,495.52,37,27.2,12.3,14.9,14.8,1.203,69.5,66.8,57.8,59.3,87,48.2,3,3.3,3,5.6,HIGH,5.5,14.9
PRJ-1506,Bridge,Assam,904.11,32,49.3,47.8,1.5,50.7,1.061,80.1,71.7,78.3,81.0,31,93.8,0,3.5,1,2.9,MEDIUM,2.3,7.0
PRJ-1507,Irrigation,Telangana,1464.32,44,23.8,14.4,9.4,16.7,1.16,86.0,74.6,85.3,73.8,37,60.5,1,3.5,1,2.8,MEDIUM,2.4,4.7
PRJ-1508,Airport,Maharashtra,2862.71,24,77.9,77.3,0.6,81.6,1.056,92.4,95.2,94.1,97.2,0,94.6,1,2.0,0,1.1,LOW,0.1,0.2
PRJ-1509,Water Supply,Madhya Pradesh,822.68,21,52.5,32.8,19.7,38.5,1.174,62.4,57.1,63.8,56.0,59,60.5,5,3.2,3,6.2,HIGH,5.7,11.5
PRJ-1510,Highway,Uttar Pradesh,609.19,23,23.3,23.3,0.0,23.7,1.017,94.5,88.4,98.7,89.5,2,99.7,0,2.1,0,1.7,LOW,0.2,0.0
PRJ-1511,Power Infrastructure,Telangana,492.41,49,56.7,53.4,3.3,55.1,1.032,84.1,77.9,79.9,74.7,43,94.4,1,4.4,0,4.5,MEDIUM,2.1,4.8
PRJ-1512,Bridge,Kerala,5840.7,51,78.0,62.4,15.6,76.9,1.232,60.6,54.8,54.5,66.0,78,76.7,4,5.6,3,5.7,HIGH,4.9,10.2
PRJ-1513,Bridge,West Bengal,4799.4,42,43.0,14.1,28.9,18.4,1.305,46.8,40.6,43.0,45.5,130,29.8,5,9.4,5,8.7,CRITICAL,6.5,24.3
PRJ-1514,Airport,Karnataka,3330.33,46,78.6,78.6,0.0,81.1,1.032,97.8,97.9,90.6,92.0,0,94.6,0,0.3,0,1.7,LOW,0.3,0.6
PRJ-1515,Railway,Uttar Pradesh,7066.48,52,27.1,23.2,3.9,23.3,1.004,74.4,74.3,85.0,80.3,31,82.7,0,4.2,0,3.6,MEDIUM,2.2,7.2
PRJ-1516,Airport,Delhi NCR,2846.36,50,63.1,34.8,28.3,44.4,1.276,48.1,39.0,39.1,34.6,138,59.0,4,6.8,2,8.9,CRITICAL,6.5,26.4
PRJ-1517,Highway,Kerala,4671.3,29,83.3,65.1,18.2,77.4,1.189,62.3,65.1,63.5,68.0,61,78.4,2,5.2,3,5.1,HIGH,6.5,13.2
PRJ-1518,Metro,Tamil Nadu,7016.35,29,80.4,75.4,5.0,81.4,1.08,81.7,71.7,80.5,77.1,29,95.6,2,2.2,1,4.6,MEDIUM,1.6,5.7
PRJ-1519,Airport,Andhra Pradesh,14152.49,62,26.8,19.6,7.2,20.9,1.066,81.2,73.4,78.3,80.4,31,69.8,3,4.0,1,3.0,MEDIUM,2.2,4.5
PRJ-1520,Water Supply,Bihar,4622.36,16,28.3,2.0,26.3,5.0,2.5,35.6,32.3,54.3,33.1,154,15.0,3,9.2,5,7.9,CRITICAL,13.3,27.5
PRJ-1521,Bridge,Karnataka,3401.38,32,37.5,37.5,0.0,38.3,1.021,96.7,92.0,100.0,87.6,4,98.6,1,2.1,0,1.6,LOW,0.0,0.0
PRJ-1522,Urban Development,Kerala,531.18,14,65.1,59.5,5.6,66.3,1.114,84.9,84.0,77.5,83.6,28,92.0,4,3.9,0,4.3,MEDIUM,3.3,8.6
PRJ-1523,Urban Development,Uttarakhand,581.43,36,79.4,60.7,18.7,73.7,1.214,43.1,44.0,52.1,49.7,179,76.2,2,9.0,4,9.1,CRITICAL,15.2,23.8
PRJ-1524,Airport,Bihar,6758.56,24,37.3,36.7,0.6,36.6,0.997,94.2,96.6,96.3,91.2,1,98.1,0,1.7,0,0.7,LOW,0.4,1.0
PRJ-1525,Airport,Jammu & Kashmir,8736.33,34,28.3,12.2,16.1,14.2,1.164,58.9,64.5,65.0,62.9,72,43.0,1,5.1,1,6.9,HIGH,4.7,12.5
PRJ-1526,Airport,Andhra Pradesh,2918.86,49,33.4,33.4,0.0,33.8,1.012,89.0,92.3,89.1,90.4,7,97.3,0,0.5,0,2.0,LOW,0.2,1.0
PRJ-1527,Railway,Delhi NCR,7755.75,52,56.8,41.4,15.4,49.7,1.2,68.6,57.3,57.1,68.5,86,75.2,3,5.2,2,5.5,HIGH,5.4,9.9
PRJ-1528,Railway,Karnataka,5359.25,28,78.1,77.5,0.6,80.0,1.032,89.1,93.4,92.8,87.0,0,100.0,2,1.2,0,0.5,LOW,0.0,1.3
PRJ-1529,Bridge,Assam,4461.77,47,26.1,19.0,7.1,20.3,1.068,84.7,77.9,83.9,71.8,17,77.1,2,3.2,1,3.0,MEDIUM,2.3,7.1
PRJ-1530,Urban Development,Kerala,464.5,40,56.2,48.0,8.2,53.6,1.117,79.6,83.2,80.2,80.6,43,84.8,2,3.0,1,4.0,MEDIUM,2.2,6.1
PRJ-1531,Railway,Assam,3792.18,52,56.7,39.8,16.9,42.9,1.078,58.6,52.3,63.2,60.7,94,69.0,1,5.0,3,7.0,HIGH,4.8,16.4
PRJ-1532,Highway,Madhya Pradesh,1878.82,33,21.7,19.3,2.4,19.9,1.031,94.9,86.7,90.5,92.6,0,92.5,0,0.4,0,1.6,LOW,0.1,0.9
PRJ-1533,Urban Development,Gujarat,964.61,24,82.9,58.4,24.5,73.9,1.265,42.7,35.8,54.6,46.5,170,72.2,6,8.6,4,9.3,CRITICAL,8.8,25.0
PRJ-1534,Power Infrastructure,Kerala,4231.4,51,41.6,27.8,13.8,32.7,1.176,60.3,60.8,57.6,57.2,64,64.4,4,6.9,2,5.2,HIGH,6.1,16.6
PRJ-1535,Airport,Assam,5082.29,46,66.7,46.9,19.8,57.8,1.232,37.5,35.5,43.6,32.3,213,65.0,4,8.8,4,9.0,CRITICAL,14.2,19.9
PRJ-1536,Irrigation,Gujarat,216.41,24,45.0,42.1,2.9,43.4,1.031,90.0,91.5,92.7,95.9,5,94.9,1,1.4,0,1.9,LOW,0.2,1.7
PRJ-1537,Bridge,Jammu & Kashmir,559.47,44,89.8,74.9,14.9,92.7,1.238,65.5,68.6,68.0,57.5,67,82.5,8,7.9,2,6.1,HIGH,4.4,14.0
PRJ-1538,Highway,Himachal Pradesh,604.7,50,59.6,56.4,3.2,62.1,1.101,85.7,71.7,75.2,78.6,25,95.8,5,4.6,1,2.7,MEDIUM,2.8,8.3
PRJ-1539,Irrigation,Rajasthan,549.16,33,88.9,88.9,0.0,91.3,1.027,95.0,89.1,93.2,97.9,0,100.0,0,1.9,0,0.6,LOW,0.6,1.5
PRJ-1540,Railway,Delhi NCR,1346.11,43,25.6,7.6,18.0,9.9,1.303,46.7,50.8,47.9,49.9,159,29.1,9,6.0,2,9.5,CRITICAL,9.7,27.6
PRJ-1541,Airport,Odisha,11302.42,24,65.0,57.8,7.2,61.3,1.061,79.1,84.4,74.6,73.8,31,88.0,2,3.7,1,3.4,MEDIUM,1.0,6.3
PRJ-1542,Railway,Karnataka,5421.07,44,67.1,64.6,2.5,72.8,1.127,73.8,71.4,74.7,71.5,28,92.4,3,3.6,0,4.0,MEDIUM,2.2,7.0
PRJ-1543,Highway,Uttar Pradesh,569.5,41,81.6,70.7,10.9,79.4,1.123,63.6,55.6,67.0,59.6,79,83.1,3,6.1,3,5.2,HIGH,7.1,11.5
PRJ-1544,Airport,Jammu & Kashmir,8300.74,51,82.2,53.0,29.2,67.2,1.268,35.3,46.5,36.8,45.7,164,65.0,2,7.7,2,8.1,CRITICAL,14.1,20.1
PRJ-1545,Railway,Gujarat,3883.97,58,58.0,58.0,0.0,58.7,1.012,99.0,86.9,88.5,88.5,0,100.0,2,0.7,0,2.0,LOW,0.4,1.2
PRJ-1546,Bridge,Himachal Pradesh,1579.13,39,68.9,68.9,0.0,68.5,0.994,94.5,89.5,95.8,91.0,0,100.0,0,4.3,0,2.0,LOW,0.1,0.6
PRJ-1547,Metro,Assam,4535.43,46,28.7,12.9,15.8,15.0,1.163,71.0,63.8,58.9,62.1,75,42.9,1,7.9,1,6.7,HIGH,6.2,15.4
PRJ-1548,Power Infrastructure,Kerala,1468.41,47,62.8,53.6,9.2,61.5,1.147,67.1,59.7,57.4,59.6,72,80.9,5,4.6,3,6.8,HIGH,6.1,20.3
PRJ-1549,Urban Development,Odisha,890.99,29,70.4,52.4,18.0,65.5,1.25,52.4,36.6,47.5,45.7,149,75.6,7,8.7,4,9.4,CRITICAL,8.8,25.5
PRJ-1550,Metro,Odisha,16230.54,67,50.6,47.2,3.4,49.7,1.053,83.8,79.7,78.1,70.8,31,89.8,1,1.5,1,3.2,MEDIUM,1.2,8.5
PRJ-1551,Railway,Jammu & Kashmir,1952.15,64,23.6,18.3,5.3,20.2,1.104,80.6,79.4,76.4,79.3,26,76.3,2,4.0,0,4.5,MEDIUM,3.3,9.4
PRJ-1552,Water Supply,Madhya Pradesh,1961.66,30,62.2,48.5,13.7,52.4,1.08,65.9,67.3,60.2,58.5,80,87.1,2,6.1,2,6.5,HIGH,5.4,11.9
PRJ-1553,Highway,Kerala,1976.89,33,80.6,80.6,0.0,76.3,0.947,95.0,94.9,94.4,85.9,0,100.0,0,2.9,0,1.3,LOW,0.2,2.4
PRJ-1554,Bridge,Delhi NCR,2337.24,34,53.7,36.9,16.8,43.8,1.187,57.0,58.6,62.5,60.4,68,68.0,3,5.4,2,5.6,HIGH,7.2,15.9
PRJ-1555,Power Infrastructure,Rajasthan,5533.34,29,37.3,15.8,21.5,19.8,1.253,45.9,46.2,44.8,52.1,219,44.0,4,5.1,2,7.7,CRITICAL,9.1,26.1
PRJ-1556,Irrigation,Gujarat,893.37,25,25.0,2.0,23.0,5.0,2.5,52.9,48.7,51.9,33.3,139,15.0,8,9.2,4,8.9,CRITICAL,14.1,23.7
PRJ-1557,Irrigation,Himachal Pradesh,1374.85,21,72.5,65.7,6.8,68.6,1.044,74.9,77.8,85.8,75.6,36,96.0,0,4.9,1,3.0,MEDIUM,2.1,6.0
PRJ-1558,Irrigation,Uttar Pradesh,1272.18,19,27.8,23.5,4.3,25.7,1.094,74.8,81.9,83.1,70.6,36,83.6,0,2.9,1,3.3,MEDIUM,2.5,6.2
PRJ-1559,Water Supply,Madhya Pradesh,201.18,21,85.1,69.6,15.5,81.3,1.168,69.8,65.8,67.3,64.8,49,81.1,2,5.3,3,5.4,HIGH,4.4,14.5
PRJ-1560,Bridge,Gujarat,2023.2,38,55.1,37.7,17.4,44.7,1.186,59.0,53.6,66.0,67.5,91,71.0,1,3.7,3,6.8,HIGH,7.0,16.9
PRJ-1561,Power Infrastructure,Tamil Nadu,1262.76,26,59.1,51.8,7.3,59.0,1.139,85.6,73.9,76.6,73.9,44,87.3,4,2.0,0,3.5,MEDIUM,2.6,5.9
PRJ-1562,Bridge,Maharashtra,3338.1,30,22.6,18.5,4.1,20.1,1.086,77.0,74.4,74.6,76.4,45,77.2,4,3.9,0,3.4,MEDIUM,2.0,7.2
PRJ-1563,Highway,Andhra Pradesh,4527.48,35,74.0,71.2,2.8,76.3,1.072,77.6,77.6,86.9,71.4,33,92.8,2,2.0,1,2.8,MEDIUM,2.5,7.4
PRJ-1564,Bridge,Karnataka,1297.44,28,28.0,27.2,0.8,29.6,1.088,92.1,91.4,91.6,87.3,0,95.8,1,1.7,0,0.8,LOW,0.2,0.3
PRJ-1565,Bridge,Tamil Nadu,5611.63,20,49.6,49.5,0.1,45.9,0.927,91.7,88.7,97.6,91.9,1,100.0,0,1.6,0,0.9,LOW,0.3,2.4
PRJ-1566,Urban Development,West Bengal,317.34,28,62.1,57.1,5.0,61.8,1.082,84.3,75.6,73.1,80.0,34,86.3,2,4.4,0,3.2,MEDIUM,2.2,6.2
PRJ-1567,Bridge,Rajasthan,723.23,37,49.6,38.1,11.5,43.4,1.139,61.8,59.2,68.0,61.8,113,81.2,2,4.6,2,5.1,HIGH,6.4,14.5
PRJ-1568,Irrigation,Karnataka,4875.03,35,28.4,2.0,26.4,5.0,2.5,42.4,43.5,36.1,43.0,169,15.0,7,7.3,4,7.8,CRITICAL,11.1,25.2
PRJ-1569,Highway,Madhya Pradesh,2199.8,36,84.9,81.5,3.4,84.6,1.038,81.5,73.1,73.7,81.2,40,97.0,2,4.0,0,3.5,MEDIUM,1.4,6.0
PRJ-1570,Metro,Karnataka,1212.29,58,22.0,2.0,20.0,5.0,2.5,36.2,35.2,43.5,36.4,200,15.0,8,8.3,2,7.1,CRITICAL,11.0,24.3
PRJ-1571,Urban Development,Madhya Pradesh,256.88,36,59.1,36.0,23.1,49.0,1.361,52.5,50.6,38.1,34.5,115,61.7,9,5.2,2,7.4,CRITICAL,13.2,30.8
PRJ-1572,Metro,Gujarat,3072.18,53,90.4,84.7,5.7,84.2,0.994,85.3,80.1,80.2,82.1,30,91.5,0,1.5,1,4.5,MEDIUM,1.8,4.7
PRJ-1573,Highway,Karnataka,2965.55,49,52.8,52.8,0.0,49.8,0.943,98.7,90.8,90.5,92.1,0,100.0,0,2.3,0,1.9,LOW,0.3,0.9
PRJ-1574,Highway,Kerala,1324.9,26,37.7,26.2,11.5,28.4,1.084,57.7,54.6,65.3,60.8,83,74.5,2,8.6,3,7.0,HIGH,5.9,15.3
PRJ-1575,Bridge,Andhra Pradesh,2358.09,28,54.8,41.8,13.0,46.4,1.11,55.1,57.8,69.5,58.2,84,75.4,2,5.8,1,6.9,HIGH,6.5,12.2
PRJ-1576,Highway,Bihar,3066.1,18,47.0,29.4,17.6,32.2,1.095,55.3,65.6,69.2,66.7,88,70.3,1,3.1,2,6.0,HIGH,5.4,14.5
PRJ-1577,Airport,Uttar Pradesh,4009.03,51,70.6,70.6,0.0,72.9,1.033,90.0,94.0,92.9,93.7,0,97.6,2,1.7,0,2.0,LOW,0.2,2.4
PRJ-1578,Metro,Odisha,2267.2,58,23.3,7.7,15.6,9.6,1.247,58.9,53.1,56.9,59.9,105,37.2,4,3.5,2,6.2,HIGH,6.8,15.2
PRJ-1579,Urban Development,Gujarat,1477.7,21,65.1,55.9,9.2,61.9,1.107,58.0,58.0,63.2,68.5,98,84.6,2,6.5,1,7.1,HIGH,5.0,16.7
PRJ-1580,Railway,Jammu & Kashmir,3683.59,50,44.9,26.0,18.9,33.3,1.281,44.7,42.2,51.5,32.1,123,57.7,7,8.3,5,7.2,CRITICAL,12.7,20.1
PRJ-1581,Power Infrastructure,Kerala,1121.06,39,30.5,29.2,1.3,32.1,1.099,92.8,94.4,91.3,87.7,0,90.7,2,2.2,0,0.5,LOW,0.0,0.9
PRJ-1582,Urban Development,Gujarat,472.3,23,91.4,83.8,7.6,93.0,1.11,84.6,82.5,72.7,82.2,36,88.0,0,4.3,0,4.2,MEDIUM,2.3,6.8
PRJ-1583,Power Infrastructure,Uttarakhand,790.72,51,42.8,36.2,6.6,38.3,1.058,77.9,82.8,83.6,79.7,28,84.7,1,3.2,1,4.3,MEDIUM,3.4,5.7
PRJ-1584,Bridge,Uttar Pradesh,4816.17,37,47.3,39.3,8.0,43.4,1.104,64.1,63.0,64.8,59.4,55,83.5,3,6.5,1,7.1,HIGH,5.8,19.2
PRJ-1585,Urban Development,Telangana,337.18,36,60.8,60.8,0.0,59.8,0.984,94.3,91.8,95.9,89.4,1,100.0,0,0.3,0,1.0,LOW,0.0,2.1
PRJ-1586,Power Infrastructure,Maharashtra,2901.69,36,81.7,77.9,3.8,87.2,1.119,77.0,82.5,72.7,75.5,27,91.8,2,2.4,0,3.2,MEDIUM,1.7,7.6
PRJ-1587,Highway,Jammu & Kashmir,2060.85,34,49.2,40.1,9.1,46.1,1.15,69.3,63.1,65.8,55.5,91,85.4,6,4.8,1,7.0,HIGH,7.4,10.1
PRJ-1588,Water Supply,Odisha,324.05,23,65.1,47.2,17.9,58.8,1.246,60.3,55.9,68.2,55.9,72,68.0,3,3.2,2,5.9,HIGH,7.6,15.5
PRJ-1589,Railway,Jammu & Kashmir,9107.38,54,65.9,51.4,14.5,61.5,1.196,58.3,53.2,65.6,64.8,86,78.9,3,6.5,1,6.8,HIGH,5.1,12.3
PRJ-1590,Power Infrastructure,Tamil Nadu,5372.19,24,41.0,40.6,0.4,41.6,1.025,98.6,90.4,97.3,90.1,0,99.6,0,2.2,0,1.1,LOW,0.1,1.9
PRJ-1591,Railway,Andhra Pradesh,7431.53,55,62.9,59.2,3.7,63.1,1.066,77.9,82.5,72.3,72.4,21,90.7,3,1.8,0,4.2,MEDIUM,1.5,6.3
PRJ-1592,Metro,Tamil Nadu,3393.35,44,92.0,86.7,5.3,91.0,1.05,79.1,72.9,85.1,75.4,32,93.7,0,3.2,1,4.1,MEDIUM,1.7,7.6
PRJ-1593,Metro,Madhya Pradesh,7985.11,40,52.1,48.7,3.4,51.5,1.057,85.0,71.4,77.6,75.3,48,95.7,1,3.6,1,2.6,MEDIUM,2.5,4.8
PRJ-1594,Urban Development,Andhra Pradesh,1789.24,37,34.0,32.5,1.5,33.0,1.015,93.6,87.6,99.3,87.7,1,98.7,1,2.4,0,2.1,LOW,0.2,1.3
PRJ-1595,Water Supply,Uttarakhand,3110.82,25,47.5,46.3,1.2,47.9,1.035,90.9,86.7,99.1,85.6,4,96.6,1,3.4,0,0.7,LOW,0.1,1.6
PRJ-1596,Airport,Delhi NCR,1734.82,52,63.1,61.3,1.8,63.6,1.038,92.4,93.6,96.9,85.4,0,94.9,0,0.9,0,1.9,LOW,0.5,2.2
PRJ-1597,Urban Development,Odisha,239.24,34,50.5,44.8,5.7,46.7,1.042,77.0,76.1,85.6,83.6,30,91.0,0,2.0,1,3.0,MEDIUM,3.0,8.5
PRJ-1598,Railway,Gujarat,1387.59,24,87.6,87.6,0.0,88.0,1.005,93.2,92.4,88.2,87.6,4,95.6,0,0.5,0,1.7,LOW,0.0,0.9
PRJ-1599,Urban Development,West Bengal,1317.28,26,21.3,18.4,2.9,19.4,1.054,76.2,82.7,81.0,76.8,15,90.8,2,2.9,1,4.5,MEDIUM,2.9,9.0
PRJ-1600,Water Supply,Delhi NCR,363.28,33,68.5,68.5,0.0,65.2,0.952,93.4,91.0,90.2,90.9,4,100.0,0,1.0,0,1.3,LOW,0.6,2.6
PRJ-1601,Bridge,Odisha,1315.37,44,35.8,22.5,13.3,25.6,1.138,58.4,60.8,62.6,55.2,74,65.4,6,4.0,2,6.2,HIGH,5.3,14.3
PRJ-1602,Irrigation,Delhi NCR,318.01,37,61.3,50.5,10.8,56.5,1.119,67.7,60.3,54.6,59.1,77,77.6,2,6.1,2,6.8,HIGH,5.6,16.6
PRJ-1603,Water Supply,Odisha,1354.16,32,90.5,86.2,4.3,94.7,1.099,72.0,83.4,76.7,83.1,29,93.6,1,2.4,0,4.3,MEDIUM,2.3,5.5
PRJ-1604,Railway,Andhra Pradesh,11988.61,38,91.3,61.9,29.4,85.5,1.381,39.0,37.5,41.4,36.1,112,68.3,7,9.3,2,8.4,CRITICAL,14.0,26.2
PRJ-1605,Water Supply,Andhra Pradesh,485.01,42,75.0,74.1,0.9,77.3,1.043,98.5,87.0,89.1,86.9,0,97.8,1,1.3,0,2.1,LOW,0.1,0.8
PRJ-1606,Airport,Kerala,2922.58,47,58.2,44.7,13.5,52.2,1.168,58.8,56.5,59.4,58.6,57,81.2,3,5.0,2,5.7,HIGH,6.7,12.3
PRJ-1607,Metro,Jammu & Kashmir,4362.29,49,48.0,23.5,24.5,30.2,1.285,43.2,41.6,40.5,38.6,103,53.6,6,10.0,3,7.3,CRITICAL,7.9,17.3
PRJ-1608,Railway,Tamil Nadu,5272.16,37,91.5,91.5,0.0,90.9,0.993,98.6,96.8,93.6,93.1,0,98.5,0,1.9,0,1.4,LOW,0.1,2.7
PRJ-1609,Railway,Tamil Nadu,1753.93,51,90.9,88.3,2.6,91.5,1.036,84.2,71.1,85.1,74.0,37,95.6,1,3.1,0,4.6,MEDIUM,1.1,6.3
PRJ-1610,Water Supply,Gujarat,770.06,25,67.1,62.7,4.4,67.0,1.069,74.8,83.6,76.0,73.2,33,92.1,1,2.3,1,4.0,MEDIUM,3.1,7.6
PRJ-1611,Irrigation,Karnataka,443.73,28,70.2,52.4,17.8,66.4,1.267,70.4,54.1,58.1,56.7,83,77.5,5,6.3,2,5.5,HIGH,5.6,15.6
PRJ-1612,Urban Development,Uttar Pradesh,653.28,34,32.5,7.5,25.0,9.7,1.293,37.7,42.3,38.7,37.4,108,25.6,5,5.2,3,7.8,CRITICAL,14.5,21.7
PRJ-1613,Urban Development,Himachal Pradesh,169.69,27,33.7,17.4,16.3,21.7,1.247,56.4,54.0,65.4,64.8,74,47.2,5,4.7,1,7.1,HIGH,6.9,13.6
PRJ-1614,Irrigation,Gujarat,1362.37,33,66.8,51.2,15.6,58.9,1.15,55.6,65.0,55.6,63.5,70,74.4,4,4.6,3,5.6,HIGH,5.6,16.6
PRJ-1615,Water Supply,Kerala,735.68,39,25.3,2.0,23.3,5.0,2.5,44.3,47.4,53.3,46.3,140,15.0,8,8.5,3,8.4,CRITICAL,12.1,30.8
PRJ-1616,Water Supply,Uttar Pradesh,762.31,46,31.8,25.4,6.4,26.3,1.035,78.9,77.3,73.2,78.5,35,72.4,1,2.1,0,3.2,MEDIUM,2.0,6.2
PRJ-1617,Airport,Telangana,9677.54,69,62.4,62.4,0.0,64.2,1.029,93.4,96.7,92.9,96.0,2,100.0,2,2.5,0,1.3,LOW,0.2,0.7
PRJ-1618,Irrigation,Gujarat,318.53,32,45.0,38.1,6.9,41.0,1.076,80.9,78.9,73.8,72.0,24,81.8,1,2.5,1,2.8,MEDIUM,2.5,8.5
PRJ-1619,Urban Development,West Bengal,264.81,50,70.5,69.0,1.5,72.3,1.048,77.7,75.5,84.4,76.1,41,99.0,2,2.0,1,3.1,MEDIUM,1.6,5.1
PRJ-1620,Metro,Jammu & Kashmir,1428.94,31,91.0,85.7,5.3,89.9,1.049,77.2,79.7,77.3,79.3,38,99.1,2,4.6,0,3.6,MEDIUM,2.2,5.2
PRJ-1621,Bridge,Gujarat,987.07,40,36.2,34.2,2.0,36.2,1.058,94.5,86.8,99.7,91.8,0,95.2,1,1.3,0,0.9,LOW,0.1,1.6
PRJ-1622,Irrigation,Himachal Pradesh,1173.83,35,68.5,54.9,13.6,62.1,1.131,69.4,57.7,69.1,64.6,77,82.4,2,4.5,3,6.5,HIGH,5.5,12.8
PRJ-1623,Irrigation,Gujarat,512.47,12,53.0,16.2,36.8,21.8,1.346,46.9,39.2,36.2,38.5,168,26.1,3,7.2,3,7.6,CRITICAL,9.0,21.6
PRJ-1624,Airport,Rajasthan,3012.43,37,70.5,69.3,1.2,72.6,1.048,88.5,97.5,98.7,97.4,0,99.4,0,1.4,0,1.5,LOW,0.4,1.5
PRJ-1625,Water Supply,Himachal Pradesh,1144.92,37,43.1,35.8,7.3,37.7,1.053,76.4,75.2,83.4,78.3,33,83.6,0,4.2,0,3.7,MEDIUM,3.1,6.0
PRJ-1626,Urban Development,Maharashtra,1339.43,29,50.6,49.1,1.5,50.3,1.024,97.4,92.2,97.9,86.3,5,96.3,1,2.1,0,2.1,LOW,0.0,1.7
PRJ-1627,Airport,Maharashtra,1419.47,43,56.0,25.6,30.4,34.4,1.344,41.8,34.2,39.1,35.8,178,48.3,9,5.8,2,9.4,CRITICAL,10.5,34.4
PRJ-1628,Metro,Madhya Pradesh,1353.6,52,50.8,35.6,15.2,43.7,1.228,61.9,60.5,68.3,61.0,83,69.5,7,6.2,2,5.3,HIGH,5.6,16.3
PRJ-1629,Airport,Andhra Pradesh,2432.66,36,89.2,86.5,2.7,86.9,1.005,77.2,76.9,76.9,83.8,45,99.5,0,2.0,0,4.1,MEDIUM,3.4,7.2
PRJ-1630,Irrigation,Maharashtra,1486.68,34,26.6,10.6,16.0,12.4,1.17,59.2,61.9,61.1,66.2,87,39.8,2,3.1,2,5.2,HIGH,6.8,15.9
PRJ-1631,Metro,Karnataka,10230.54,52,68.5,62.8,5.7,69.8,1.111,85.1,78.8,76.5,70.5,42,92.6,4,1.9,1,4.3,MEDIUM,2.4,7.6
PRJ-1632,Water Supply,Tamil Nadu,2096.44,17,62.7,54.3,8.4,61.9,1.14,78.1,71.8,73.2,73.7,37,90.7,2,3.5,0,3.0,MEDIUM,2.4,7.4
PRJ-1633,Metro,Maharashtra,1566.67,66,70.9,58.1,12.8,66.3,1.141,56.4,68.9,68.4,62.7,70,84.0,6,3.1,2,6.9,HIGH,5.5,14.2
PRJ-1634,Railway,Uttarakhand,1856.63,31,82.0,64.7,17.3,74.2,1.147,64.6,62.8,54.7,60.8,85,78.1,1,8.4,2,5.1,HIGH,5.5,16.4
PRJ-1635,Bridge,Assam,4883.29,33,49.7,44.6,5.1,49.5,1.11,72.6,82.5,75.1,75.7,33,90.8,2,3.6,0,3.9,MEDIUM,2.8,5.3
PRJ-1636,Water Supply,Delhi NCR,198.13,37,40.3,39.1,1.2,39.6,1.013,98.5,86.3,99.9,96.8,0,96.0,1,0.9,0,0.6,LOW,0.0,0.0
PRJ-1637,Irrigation,Bihar,623.03,49,53.5,47.4,6.1,49.4,1.042,78.2,72.1,81.6,80.1,22,85.0,2,3.8,1,4.5,MEDIUM,2.6,5.5
PRJ-1638,Irrigation,Telangana,782.55,14,63.2,58.7,4.5,61.4,1.046,76.3,71.9,83.4,79.2,41,90.1,1,4.1,1,3.8,MEDIUM,2.7,8.6
PRJ-1639,Irrigation,Tamil Nadu,326.01,38,38.9,36.4,2.5,37.0,1.016,82.7,83.3,82.5,75.4,28,92.4,1,2.5,0,3.7,MEDIUM,2.4,2.9
PRJ-1640,Highway,Karnataka,1239.15,24,90.7,72.3,18.4,91.6,1.267,56.4,64.5,69.9,63.3,87,77.4,7,6.3,1,5.2,HIGH,6.0,19.3
PRJ-1641,Metro,Uttar Pradesh,2934.82,54,70.2,51.7,18.5,61.7,1.193,59.0,58.5,66.4,67.4,73,74.0,5,5.0,2,6.8,HIGH,5.2,16.0
PRJ-1642,Railway,Madhya Pradesh,3717.94,73,37.7,36.0,1.7,39.4,1.094,75.4,81.3,72.3,74.4,14,96.2,4,2.3,0,4.4,MEDIUM,2.3,9.4
PRJ-1643,Power Infrastructure,Odisha,2490.17,25,90.9,73.3,17.6,87.1,1.188,60.3,61.1,56.2,66.0,57,82.3,3,5.2,2,6.9,HIGH,5.2,13.4
PRJ-1644,Power Infrastructure,Delhi NCR,527.14,38,69.2,66.6,2.6,69.2,1.039,85.1,74.6,72.7,77.8,26,97.9,2,3.5,1,4.4,MEDIUM,1.7,5.8
PRJ-1645,Water Supply,Madhya Pradesh,4573.35,28,61.3,47.4,13.9,53.7,1.133,63.7,60.0,58.3,62.1,78,75.2,1,3.2,3,6.2,HIGH,5.8,11.5
PRJ-1646,Bridge,Uttarakhand,1027.23,21,70.3,52.2,18.1,63.4,1.215,63.6,61.4,55.7,56.5,74,73.4,2,8.3,1,5.1,HIGH,5.6,12.1
PRJ-1647,Railway,Kerala,4002.13,37,57.9,54.3,3.6,55.9,1.029,82.8,77.7,81.1,76.2,42,87.9,0,4.5,0,4.1,MEDIUM,2.7,9.1
PRJ-1648,Water Supply,Gujarat,366.19,31,58.7,52.1,6.6,58.9,1.131,81.5,84.7,84.4,75.7,25,91.3,5,3.5,1,3.5,MEDIUM,2.4,7.7
PRJ-1649,Airport,Jammu & Kashmir,4675.79,32,80.3,73.9,6.4,81.7,1.106,77.7,81.0,86.5,72.6,34,89.1,1,4.7,1,3.0,MEDIUM,1.7,7.7
PRJ-1650,Urban Development,Telangana,1339.31,26,35.8,27.8,8.0,30.3,1.09,83.4,81.9,84.4,81.5,45,77.9,3,2.1,0,3.5,MEDIUM,1.2,4.2
PRJ-1651,Highway,Rajasthan,795.91,24,45.9,33.5,12.4,40.4,1.206,67.8,65.4,59.8,63.1,90,69.5,5,7.0,2,6.1,HIGH,5.6,13.1
PRJ-1652,Water Supply,Uttar Pradesh,289.25,17,40.9,34.7,6.2,37.5,1.081,82.4,74.7,83.5,82.9,27,88.9,1,1.6,1,4.2,MEDIUM,1.8,10.2
PRJ-1653,Highway,West Bengal,4418.42,28,88.2,83.5,4.7,85.0,1.018,78.6,71.4,83.9,79.6,33,97.0,0,1.7,1,3.4,MEDIUM,2.3,4.9
PRJ-1654,Airport,West Bengal,1303.95,40,41.0,24.4,16.6,30.1,1.234,63.8,54.0,69.1,58.9,81,60.2,5,4.2,1,6.1,HIGH,4.1,14.4
PRJ-1655,Metro,Madhya Pradesh,3343.19,45,29.1,7.8,21.3,9.3,1.192,41.4,31.6,53.9,44.3,167,33.7,5,8.5,4,8.8,CRITICAL,7.7,26.5
PRJ-1656,Airport,Andhra Pradesh,3118.53,40,82.8,61.2,21.6,75.5,1.234,68.0,63.5,57.9,56.9,79,69.4,4,5.1,3,5.7,HIGH,5.3,13.2
PRJ-1657,Railway,Maharashtra,4064.04,28,70.1,69.8,0.3,66.9,0.958,91.8,98.9,92.5,88.4,5,100.0,0,1.9,0,1.8,LOW,0.3,2.3
PRJ-1658,Power Infrastructure,Odisha,802.39,30,23.7,9.3,14.4,11.0,1.183,63.0,64.7,63.0,58.5,87,39.0,2,3.3,3,6.5,HIGH,6.1,15.5
PRJ-1659,Metro,Karnataka,1899.95,24,39.5,33.5,6.0,35.7,1.066,84.8,76.1,82.2,73.2,40,84.1,2,3.7,0,3.6,MEDIUM,2.4,7.1
PRJ-1660,Water Supply,Himachal Pradesh,892.66,19,30.3,16.0,14.3,18.9,1.181,62.9,66.8,66.4,60.0,61,51.9,4,4.2,2,6.0,HIGH,6.4,11.3
PRJ-1661,Bridge,Uttarakhand,5283.26,30,44.7,44.7,0.0,43.1,0.964,95.4,92.1,92.6,90.1,0,100.0,0,2.1,0,0.7,LOW,0.1,0.7
PRJ-1662,Urban Development,Kerala,913.79,44,55.4,50.1,5.3,50.5,1.008,81.4,70.4,79.0,77.8,53,85.8,0,2.6,1,4.4,MEDIUM,2.0,6.4
PRJ-1663,Railway,Assam,3415.1,52,50.1,45.5,4.6,46.1,1.013,76.5,72.6,78.1,71.5,31,94.3,1,3.2,0,3.1,MEDIUM,1.9,5.1
PRJ-1664,Highway,Odisha,2682.32,26,90.7,73.5,17.2,86.5,1.177,66.2,69.0,65.4,60.9,65,76.7,5,6.0,1,6.5,HIGH,7.1,8.6
PRJ-1665,Highway,Delhi NCR,1673.33,27,23.4,19.5,3.9,20.7,1.062,83.0,72.5,73.6,78.1,47,88.8,3,3.7,1,4.3,MEDIUM,1.9,3.8
PRJ-1666,Railway,Andhra Pradesh,1521.47,50,31.2,31.2,0.0,31.9,1.022,88.5,88.6,94.7,94.3,0,100.0,1,0.9,0,2.0,LOW,0.0,0.8
PRJ-1667,Water Supply,Assam,962.06,19,87.3,87.1,0.2,87.1,1.0,91.1,96.5,90.5,96.4,7,96.3,0,2.5,0,0.9,LOW,0.3,0.0
PRJ-1668,Water Supply,Telangana,835.26,38,48.0,44.3,3.7,49.4,1.115,85.5,84.7,83.9,83.7,26,94.7,4,4.5,0,2.9,MEDIUM,2.4,5.7
PRJ-1669,Railway,Assam,6163.64,56,76.4,76.1,0.3,76.0,0.999,95.1,94.7,98.0,95.4,0,100.0,0,2.6,0,1.6,LOW,0.2,2.2
PRJ-1670,Highway,Andhra Pradesh,1647.97,28,49.3,43.3,6.0,44.9,1.037,85.5,84.0,84.7,75.0,42,87.8,2,4.3,0,3.4,MEDIUM,2.9,6.1
PRJ-1671,Metro,Delhi NCR,2168.02,42,89.3,61.3,28.0,80.5,1.313,41.1,43.9,54.7,50.3,148,69.7,5,8.9,2,8.7,CRITICAL,14.8,29.6
PRJ-1672,Irrigation,Tamil Nadu,2045.82,34,36.3,34.8,1.5,35.7,1.026,89.9,98.7,93.9,93.4,0,96.2,1,0.3,0,1.7,LOW,0.0,2.4
PRJ-1673,Water Supply,Gujarat,152.88,34,48.4,47.8,0.6,46.4,0.971,94.8,86.2,93.9,88.0,2,100.0,1,1.7,0,1.8,LOW,0.0,1.1
PRJ-1674,Bridge,Odisha,1374.43,47,33.4,33.4,0.0,34.4,1.03,93.4,86.5,95.9,93.8,2,100.0,1,2.1,0,0.8,LOW,0.0,0.5
PRJ-1675,Water Supply,Uttarakhand,2088.96,30,41.0,36.7,4.3,38.8,1.057,78.0,75.5,84.0,82.9,19,88.4,2,4.6,0,4.3,MEDIUM,2.6,3.3
PRJ-1676,Railway,Assam,1379.17,54,60.0,60.0,0.0,60.7,1.012,91.8,86.6,92.8,86.3,0,100.0,0,1.4,0,1.8,LOW,0.2,0.7
PRJ-1677,Airport,Andhra Pradesh,3360.5,25,59.1,39.2,19.9,49.7,1.268,43.9,45.3,46.6,51.8,160,62.1,5,8.1,4,8.4,CRITICAL,11.3,21.8
PRJ-1678,Bridge,Andhra Pradesh,1278.48,37,41.2,25.7,15.5,28.4,1.105,69.4,62.7,65.9,63.9,59,62.0,2,6.3,3,6.2,HIGH,5.7,18.7
PRJ-1679,Metro,Tamil Nadu,2915.39,54,86.2,86.2,0.0,85.5,0.992,91.9,95.8,95.4,94.2,7,96.5,0,1.3,0,1.0,LOW,0.3,1.3
PRJ-1680,Urban Development,Gujarat,535.66,22,66.6,38.9,27.7,49.4,1.27,49.9,49.1,37.1,44.3,170,62.0,4,6.6,4,8.2,CRITICAL,12.0,34.2
PRJ-1681,Urban Development,Uttarakhand,227.81,33,26.7,21.1,5.6,23.0,1.09,76.0,79.8,80.0,82.6,30,80.6,1,4.8,1,3.6,MEDIUM,2.9,5.5
PRJ-1682,Bridge,Kerala,3069.56,30,87.6,84.1,3.5,88.1,1.048,78.6,74.4,83.1,80.8,15,93.4,1,4.9,1,4.3,MEDIUM,2.3,4.7
PRJ-1683,Irrigation,Karnataka,868.47,26,32.0,3.5,28.5,5.0,1.429,47.5,47.5,50.0,42.2,165,15.0,4,9.2,2,8.1,CRITICAL,15.7,25.3
PRJ-1684,Bridge,Gujarat,2374.54,28,53.3,43.8,9.5,48.3,1.103,73.2,70.7,80.0,71.6,24,87.3,0,3.6,0,4.1,MEDIUM,2.9,6.0
PRJ-1685,Metro,Madhya Pradesh,3966.19,24,80.7,79.2,1.5,82.2,1.038,78.5,74.9,81.1,80.2,23,98.0,1,4.1,1,4.5,MEDIUM,2.2,7.6
PRJ-1686,Bridge,Bihar,1384.29,22,84.8,84.8,0.0,86.0,1.014,90.2,91.4,94.5,93.6,0,95.4,0,1.5,0,1.6,LOW,0.1,0.0
PRJ-1687,Metro,Tamil Nadu,4382.98,42,82.9,74.1,8.8,81.0,1.093,80.7,76.9,86.0,72.0,18,91.6,2,2.7,0,4.4,MEDIUM,2.8,7.6
PRJ-1688,Metro,Jammu & Kashmir,1639.1,57,36.7,5.8,30.9,7.7,1.328,48.0,41.7,36.7,35.9,185,15.6,6,7.2,2,9.3,CRITICAL,12.5,32.1
PRJ-1689,Power Infrastructure,Delhi NCR,512.9,25,87.0,80.9,6.1,86.8,1.073,75.3,83.2,80.1,79.9,37,95.3,2,4.1,1,3.0,MEDIUM,2.8,3.1
PRJ-1690,Irrigation,Andhra Pradesh,1331.87,28,44.5,43.0,1.5,42.2,0.981,95.8,97.9,96.0,90.2,0,96.1,1,1.3,0,0.6,LOW,0.0,1.9
PRJ-1691,Metro,Delhi NCR,1256.66,43,59.7,59.7,0.0,60.9,1.02,90.0,94.2,95.4,86.8,1,99.5,0,1.5,0,1.1,LOW,0.2,1.0
PRJ-1692,Railway,Jammu & Kashmir,1564.69,49,69.2,40.0,29.2,54.8,1.37,47.3,39.6,40.0,40.6,202,60.0,6,7.5,4,8.5,CRITICAL,10.5,28.5
PRJ-1693,Power Infrastructure,Telangana,499.95,30,62.0,50.5,11.5,57.1,1.131,65.6,67.3,65.6,59.8,104,82.5,3,5.8,1,6.9,HIGH,5.4,15.4
PRJ-1694,Airport,Uttar Pradesh,1465.15,24,72.6,72.4,0.2,73.5,1.015,89.4,96.4,94.8,90.9,1,100.0,0,2.3,0,2.1,LOW,0.1,1.1
PRJ-1695,Irrigation,Uttarakhand,1237.88,23,52.0,46.1,5.9,49.7,1.078,74.2,83.6,75.5,79.3,29,92.8,2,3.6,0,4.7,MEDIUM,2.7,4.6
PRJ-1696,Railway,Telangana,2573.58,45,50.2,34.5,15.7,39.9,1.157,65.1,67.0,66.8,59.9,101,62.2,2,4.5,1,6.5,HIGH,4.2,15.6
PRJ-1697,Power Infrastructure,Delhi NCR,2502.48,33,36.8,32.9,3.9,32.7,0.994,74.7,72.0,86.0,73.1,30,89.3,1,1.9,1,3.6,MEDIUM,2.9,6.4
PRJ-1698,Highway,Uttar Pradesh,2187.68,31,64.6,64.6,0.0,65.5,1.014,92.6,93.2,91.6,88.8,0,99.8,1,0.9,0,2.2,LOW,0.1,0.7
PRJ-1699,Irrigation,Telangana,556.49,41,73.4,43.3,30.1,56.1,1.296,37.1,36.2,39.2,39.4,120,55.3,3,5.6,2,7.3,CRITICAL,10.6,26.4
PRJ-1700,Railway,Tamil Nadu,1414.87,70,60.0,58.5,1.5,59.3,1.014,75.7,80.0,77.4,78.0,31,100.0,1,3.1,0,3.0,MEDIUM,2.3,7.2
PRJ-1701,Urban Development,Assam,207.98,36,45.4,39.6,5.8,42.6,1.076,82.4,78.5,76.6,83.4,32,89.3,2,4.0,0,3.4,MEDIUM,2.3,8.0
PRJ-1702,Power Infrastructure,Himachal Pradesh,457.94,44,20.0,2.0,18.0,5.0,2.5,53.5,34.9,44.5,32.6,174,15.0,3,6.3,3,7.7,CRITICAL,11.0,23.2
PRJ-1703,Highway,Delhi NCR,463.83,49,67.0,59.3,7.7,68.6,1.157,75.5,84.4,73.0,73.6,39,87.4,5,2.8,0,2.8,MEDIUM,2.5,6.8
PRJ-1704,Bridge,Andhra Pradesh,3000.78,24,57.8,36.0,21.8,43.0,1.194,68.5,65.0,59.7,65.6,90,56.5,1,7.0,1,5.8,HIGH,6.5,11.0
PRJ-1705,Power Infrastructure,Uttarakhand,890.17,38,83.5,80.1,3.4,84.8,1.059,81.0,76.2,85.6,77.7,35,97.9,0,4.4,0,3.1,MEDIUM,2.5,7.2
PRJ-1706,Metro,Uttar Pradesh,4366.3,50,69.7,63.6,6.1,68.2,1.072,85.7,77.4,77.9,82.3,41,88.3,2,2.9,1,3.8,MEDIUM,2.8,7.9
PRJ-1707,Power Infrastructure,Gujarat,1929.76,37,53.6,40.5,13.1,45.0,1.111,69.9,56.2,59.1,60.3,94,85.4,1,6.9,3,5.8,HIGH,6.7,13.9
PRJ-1708,Irrigation,Tamil Nadu,2413.46,34,85.3,74.0,11.3,85.1,1.15,62.6,59.3,64.3,57.9,92,86.6,2,6.8,3,7.1,HIGH,6.6,13.5
PRJ-1709,Urban Development,Bihar,843.7,13,62.1,32.0,30.1,45.6,1.425,36.3,35.6,39.0,38.6,142,53.3,9,7.4,2,7.7,CRITICAL,12.9,23.9
PRJ-1710,Highway,Rajasthan,514.26,30,77.0,68.0,9.0,72.8,1.071,75.8,71.8,77.7,79.6,33,89.3,1,4.0,1,4.6,MEDIUM,2.8,7.6
PRJ-1711,Power Infrastructure,Delhi NCR,911.79,46,44.3,33.6,10.7,39.7,1.182,63.0,59.3,59.2,56.4,65,70.1,5,5.6,1,5.4,HIGH,5.8,10.7
PRJ-1712,Urban Development,Uttarakhand,442.86,36,31.9,20.5,11.4,25.0,1.22,69.1,68.4,67.7,63.9,71,59.0,5,4.1,1,5.1,HIGH,4.6,15.1
PRJ-1713,Metro,Kerala,12117.54,72,44.3,26.4,17.9,32.4,1.227,69.8,62.7,66.6,65.3,99,62.6,2,5.4,1,6.4,HIGH,7.0,15.6
PRJ-1714,Irrigation,Telangana,1593.9,35,73.0,73.0,0.0,78.2,1.071,97.9,87.3,91.0,88.0,0,99.2,1,1.7,0,1.7,LOW,0.3,1.5
PRJ-1715,Water Supply,Odisha,469.12,45,43.2,15.8,27.4,21.0,1.329,35.2,50.9,50.9,42.9,163,37.2,7,5.9,4,8.6,CRITICAL,11.7,21.7
PRJ-1716,Irrigation,Uttar Pradesh,561.15,17,20.1,11.2,8.9,12.0,1.071,82.5,75.2,79.8,80.5,39,53.1,0,2.6,0,2.5,MEDIUM,1.3,5.6
PRJ-1717,Irrigation,Tamil Nadu,593.89,24,77.1,51.6,25.5,64.3,1.246,41.8,46.5,53.9,32.7,98,62.0,3,6.7,5,8.9,CRITICAL,8.8,29.4
PRJ-1718,Irrigation,Gujarat,928.57,28,57.9,56.8,1.1,55.2,0.972,90.3,86.5,96.1,96.4,1,93.5,0,1.0,0,0.9,LOW,0.0,0.2
PRJ-1719,Urban Development,Assam,189.59,28,77.3,47.1,30.2,65.9,1.399,51.7,49.7,39.8,42.0,154,58.7,11,7.2,4,9.4,CRITICAL,12.5,27.0
PRJ-1720,Airport,Madhya Pradesh,3026.81,37,76.4,47.9,28.5,62.9,1.313,46.2,41.7,53.8,42.0,153,63.4,4,8.3,3,8.7,CRITICAL,11.0,27.7
PRJ-1721,Metro,Andhra Pradesh,6578.14,64,37.7,36.8,0.9,36.3,0.986,97.2,88.2,96.4,85.6,0,99.2,0,0.7,0,1.3,LOW,0.0,0.0
PRJ-1722,Railway,Karnataka,7117.68,55,32.9,24.8,8.1,25.5,1.028,77.9,78.1,77.6,74.6,32,73.2,0,3.9,0,2.5,MEDIUM,2.7,6.7
PRJ-1723,Irrigation,Telangana,888.68,29,68.5,62.6,5.9,64.9,1.037,77.1,77.1,84.0,76.9,40,86.2,0,2.9,1,3.3,MEDIUM,2.2,6.3
PRJ-1724,Water Supply,Karnataka,723.03,36,82.8,66.8,16.0,83.2,1.246,69.8,64.2,55.8,61.7,88,78.4,7,3.7,3,6.9,HIGH,5.5,14.3
PRJ-1725,Railway,Telangana,3436.61,26,50.5,32.1,18.4,39.3,1.224,53.7,38.1,45.5,39.2,174,63.1,4,8.8,3,9.4,CRITICAL,16.3,28.7
PRJ-1726,Urban Development,Assam,1374.37,37,73.8,73.8,0.0,74.8,1.014,98.0,92.8,95.3,96.7,4,100.0,0,4.3,0,1.1,LOW,0.2,0.7
PRJ-1727,Irrigation,Karnataka,815.51,36,47.0,30.0,17.0,35.3,1.177,59.3,52.7,59.8,57.3,98,60.7,4,4.5,3,7.2,HIGH,5.1,11.2
PRJ-1728,Urban Development,Tamil Nadu,351.72,24,33.5,13.7,19.8,16.4,1.197,62.5,59.0,63.2,67.4,95,41.9,3,4.0,3,7.1,HIGH,8.5,12.9
PRJ-1729,Water Supply,Uttarakhand,1273.32,14,30.5,24.4,6.1,26.4,1.082,73.3,75.9,79.7,76.8,28,87.0,0,5.5,0,4.5,MEDIUM,2.6,5.6
PRJ-1730,Irrigation,Maharashtra,2038.25,23,87.8,87.3,0.5,92.0,1.054,94.7,94.0,90.0,91.5,2,100.0,0,1.8,0,1.4,LOW,0.0,2.5
PRJ-1731,Irrigation,Telangana,686.88,36,70.6,49.8,20.8,60.9,1.223,68.0,60.5,69.3,62.2,49,72.5,5,6.0,1,5.5,HIGH,8.8,12.1
PRJ-1732,Metro,West Bengal,1874.67,64,76.3,55.6,20.7,62.6,1.126,62.7,63.3,55.3,64.6,102,75.1,1,6.4,1,5.5,HIGH,4.4,14.2
PRJ-1733,Irrigation,Jammu & Kashmir,1524.22,17,86.7,67.4,19.3,79.6,1.181,61.5,63.8,67.5,58.7,106,78.2,3,5.2,2,5.1,HIGH,5.9,15.8
PRJ-1734,Bridge,Rajasthan,4929.69,22,56.0,21.5,34.5,29.3,1.363,45.2,41.4,53.1,50.3,117,36.3,6,8.6,3,7.6,CRITICAL,12.5,23.9
PRJ-1735,Metro,Karnataka,6032.51,37,45.5,36.3,9.2,40.3,1.11,83.0,80.2,80.7,74.5,39,73.3,1,2.6,0,4.2,MEDIUM,2.6,3.9
PRJ-1736,Railway,Telangana,3200.72,37,25.3,19.9,5.4,20.8,1.045,80.2,75.4,81.2,76.9,24,76.2,2,4.1,0,3.5,MEDIUM,2.3,5.7
PRJ-1737,Railway,Uttarakhand,4275.3,50,55.2,51.4,3.8,54.5,1.06,76.8,72.6,80.3,81.7,26,93.2,3,5.4,0,2.5,MEDIUM,2.7,4.3
PRJ-1738,Urban Development,Uttarakhand,758.08,29,25.7,25.7,0.0,25.8,1.004,89.2,93.1,95.1,85.4,1,100.0,0,1.7,0,1.9,LOW,0.3,1.5
PRJ-1739,Highway,Andhra Pradesh,2256.43,46,67.7,50.5,17.2,61.1,1.21,69.4,52.3,65.2,60.3,65,73.9,3,6.8,3,5.8,HIGH,5.5,18.2
PRJ-1740,Metro,Assam,4052.11,49,25.1,24.5,0.6,25.7,1.049,96.9,93.3,99.2,92.4,3,98.1,0,3.9,0,1.2,LOW,0.0,1.9
PRJ-1741,Metro,Bihar,4918.14,63,81.3,77.6,3.7,79.8,1.028,80.7,78.8,81.1,74.9,26,89.3,1,3.4,0,2.9,MEDIUM,2.3,6.7
PRJ-1742,Metro,Bihar,1979.51,53,22.9,2.0,20.9,5.0,2.5,41.3,51.1,51.5,41.9,194,15.0,6,8.0,5,7.4,CRITICAL,6.5,25.1
PRJ-1743,Power Infrastructure,Uttar Pradesh,839.39,57,30.0,27.0,3.0,30.3,1.122,85.3,72.0,83.5,76.2,31,86.3,6,3.4,1,4.7,MEDIUM,2.3,6.8
PRJ-1744,Water Supply,Kerala,1294.79,34,67.7,59.7,8.0,67.8,1.136,63.5,56.0,65.9,64.6,74,88.0,4,6.0,3,6.8,HIGH,5.4,13.0
PRJ-1745,Bridge,Delhi NCR,3448.16,26,35.1,22.0,13.1,24.6,1.118,69.0,53.8,54.5,58.4,97,62.3,5,3.4,3,6.5,HIGH,4.7,14.6
PRJ-1746,Airport,Delhi NCR,6780.49,52,63.9,29.9,34.0,40.2,1.344,53.4,37.0,36.9,38.4,118,48.1,4,8.2,3,7.3,CRITICAL,14.2,27.5
PRJ-1747,Bridge,Himachal Pradesh,3667.82,38,71.7,70.2,1.5,72.1,1.027,77.3,72.8,83.4,79.0,23,98.6,1,3.4,0,4.6,MEDIUM,2.1,6.4
PRJ-1748,Bridge,Telangana,2739.81,27,25.6,7.6,18.0,9.7,1.276,52.0,30.7,51.2,46.8,134,30.8,9,7.5,2,9.1,CRITICAL,11.8,29.0
PRJ-1749,Power Infrastructure,West Bengal,2481.87,49,23.2,7.8,15.4,9.1,1.167,59.6,61.0,66.8,60.9,103,29.3,3,4.9,1,6.9,HIGH,5.6,15.1
PRJ-1750,Irrigation,Delhi NCR,1649.66,29,73.7,56.1,17.6,64.5,1.15,69.4,63.1,60.4,61.0,59,79.0,3,3.3,1,5.5,HIGH,6.9,14.7
PRJ-1751,Power Infrastructure,Telangana,563.64,23,87.6,83.8,3.8,84.1,1.004,76.1,70.8,84.5,70.7,39,97.0,0,4.2,1,4.0,MEDIUM,2.9,5.0
PRJ-1752,Water Supply,Uttarakhand,667.06,25,91.8,86.6,5.2,88.3,1.02,76.7,82.5,81.2,81.0,34,95.4,1,4.6,1,2.6,MEDIUM,3.1,5.5
PRJ-1753,Urban Development,Odisha,632.79,27,48.8,42.8,6.0,44.3,1.035,80.8,80.5,77.6,81.3,26,84.6,0,2.9,1,3.6,MEDIUM,1.6,5.7
PRJ-1754,Metro,West Bengal,2721.15,40,52.9,34.4,18.5,41.4,1.203,56.7,61.1,55.6,60.7,61,65.9,4,6.2,3,5.8,HIGH,4.8,13.5
PRJ-1755,Metro,Madhya Pradesh,6073.84,45,37.2,35.9,1.3,37.6,1.047,90.1,96.9,90.0,88.1,2,99.0,0,1.5,0,2.1,LOW,0.1,1.6
PRJ-1756,Highway,Jammu & Kashmir,479.18,43,32.1,32.1,0.0,32.1,1.0,94.1,92.8,91.0,94.4,5,100.0,0,2.1,0,1.2,LOW,0.1,0.0
PRJ-1757,Irrigation,Himachal Pradesh,496.97,41,34.3,34.2,0.1,34.6,1.012,92.2,92.3,98.0,93.2,2,98.0,0,2.9,0,1.6,LOW,0.0,1.4
PRJ-1758,Railway,Uttarakhand,1492.71,63,46.0,43.9,2.1,47.7,1.087,82.0,81.2,78.5,83.5,15,97.3,1,3.3,1,3.7,MEDIUM,2.0,7.6
PRJ-1759,Railway,Telangana,4081.78,61,78.9,50.4,28.5,63.4,1.258,43.2,42.0,36.2,48.6,164,64.6,4,5.4,2,8.0,CRITICAL,15.4,32.7
PRJ-1760,Railway,Bihar,1755.75,79,70.3,67.8,2.5,70.9,1.046,80.7,71.8,83.6,70.2,25,97.6,3,4.1,1,4.2,MEDIUM,3.0,7.5
PRJ-1761,Airport,Delhi NCR,3256.56,37,70.2,67.9,2.3,70.2,1.034,96.6,95.4,95.9,86.5,0,93.9,0,0.6,0,1.2,LOW,0.4,0.0
PRJ-1762,Urban Development,Karnataka,330.36,30,77.2,57.9,19.3,67.0,1.157,53.9,44.3,39.3,48.0,129,78.7,1,5.9,4,9.1,CRITICAL,9.1,27.9
PRJ-1763,Water Supply,Tamil Nadu,359.21,23,71.9,54.9,17.0,64.7,1.179,55.6,60.4,56.4,63.2,87,76.2,2,4.9,2,6.3,HIGH,7.7,12.6
PRJ-1764,Bridge,Delhi NCR,4312.93,35,49.5,49.5,0.0,51.2,1.034,92.2,91.0,94.7,91.9,0,100.0,0,0.5,0,1.3,LOW,0.0,1.2
PRJ-1765,Irrigation,Maharashtra,211.99,30,40.1,19.1,21.0,24.1,1.262,59.1,65.7,66.0,68.8,79,48.5,6,6.0,3,5.7,HIGH,4.6,13.6
PRJ-1766,Water Supply,Uttar Pradesh,2640.96,22,48.2,43.9,4.3,48.1,1.096,74.0,73.4,81.3,75.4,32,89.1,2,1.7,1,3.2,MEDIUM,2.2,5.9
PRJ-1767,Water Supply,Uttarakhand,908.2,37,64.4,61.2,3.2,68.2,1.114,76.6,84.9,77.3,77.0,18,95.4,1,3.6,1,4.6,MEDIUM,2.1,7.6
PRJ-1768,Irrigation,Rajasthan,422.2,27,86.3,86.2,0.1,88.0,1.021,95.5,92.6,96.3,92.9,3,97.5,1,0.6,0,1.2,LOW,0.3,2.5
PRJ-1769,Water Supply,Tamil Nadu,703.29,44,49.5,15.3,34.2,21.8,1.425,45.5,45.9,53.1,36.1,123,31.6,10,9.0,5,8.5,CRITICAL,9.6,24.2
PRJ-1770,Irrigation,Rajasthan,497.25,29,46.5,44.5,2.0,45.8,1.029,92.2,91.9,88.2,91.9,4,100.0,0,2.0,0,1.9,LOW,0.2,1.7
PRJ-1771,Highway,Andhra Pradesh,4246.05,42,84.6,84.3,0.3,88.8,1.053,89.4,87.0,93.4,92.9,2,100.0,2,0.4,0,0.9,LOW,0.5,1.1
PRJ-1772,Railway,Andhra Pradesh,11494.56,49,82.8,59.7,23.1,74.6,1.25,44.5,43.1,51.8,50.9,90,71.6,6,5.1,3,7.0,CRITICAL,10.2,26.5
PRJ-1773,Metro,Karnataka,6144.0,67,46.6,43.5,3.1,50.2,1.154,85.3,71.6,72.5,77.9,30,89.6,4,3.3,1,4.1,MEDIUM,1.9,6.7
PRJ-1774,Highway,Telangana,1533.28,18,26.5,26.5,0.0,26.9,1.015,90.3,93.5,89.8,96.1,0,100.0,0,0.8,0,0.7,LOW,0.3,0.0
PRJ-1775,Power Infrastructure,Karnataka,587.31,30,34.3,7.9,26.4,11.0,1.392,51.3,33.9,52.2,34.1,188,18.7,9,7.4,4,7.2,CRITICAL,11.6,24.1
PRJ-1776,Power Infrastructure,Delhi NCR,6709.56,39,31.3,26.0,5.3,27.4,1.054,82.8,74.2,76.3,79.8,22,84.2,1,4.2,1,4.8,MEDIUM,1.7,6.6
PRJ-1777,Highway,Tamil Nadu,5595.39,26,61.9,57.8,4.1,60.9,1.054,74.8,84.8,75.6,72.7,20,95.2,2,4.0,0,3.3,MEDIUM,2.8,7.1
PRJ-1778,Highway,Madhya Pradesh,5258.32,32,31.9,20.5,11.4,24.5,1.195,64.8,60.2,63.6,62.6,62,66.1,5,3.7,2,6.7,HIGH,6.0,14.2
PRJ-1779,Bridge,Karnataka,1103.35,34,49.1,31.1,18.0,39.0,1.254,35.2,46.8,49.8,45.8,178,65.7,8,8.7,2,7.7,CRITICAL,11.9,19.4
PRJ-1780,Urban Development,Uttarakhand,378.78,42,40.5,37.9,2.6,38.5,1.016,90.7,89.6,98.8,93.2,0,90.6,0,2.4,0,1.7,LOW,0.0,2.0
PRJ-1781,Water Supply,Gujarat,1946.92,33,28.9,28.9,0.0,28.9,1.0,97.3,89.0,97.8,93.2,4,97.2,1,0.7,0,0.7,LOW,0.0,0.2
PRJ-1782,Airport,Rajasthan,1235.01,57,54.0,54.0,0.0,52.6,0.974,88.6,91.6,97.5,88.0,0,95.0,1,1.8,0,2.1,LOW,0.3,1.7
PRJ-1783,Airport,Gujarat,4527.31,35,91.8,65.2,26.6,80.1,1.229,42.7,42.0,53.9,47.4,221,67.6,3,5.7,5,8.4,CRITICAL,15.1,23.0
PRJ-1784,Highway,Rajasthan,552.11,35,33.9,33.2,0.7,35.0,1.054,89.7,96.2,97.1,85.3,0,97.2,1,2.0,0,0.8,LOW,0.2,0.6
PRJ-1785,Water Supply,Delhi NCR,793.86,28,86.5,85.7,0.8,84.9,0.991,97.8,93.6,95.4,93.2,1,100.0,1,1.8,0,1.1,LOW,0.0,0.7
PRJ-1786,Railway,Gujarat,9923.69,72,28.3,23.1,5.2,24.5,1.061,82.8,74.0,76.9,81.9,23,86.5,1,2.4,0,4.5,MEDIUM,2.7,7.3
PRJ-1787,Power Infrastructure,Himachal Pradesh,1579.89,23,64.5,44.0,20.5,53.2,1.209,59.9,58.9,63.2,60.5,67,65.6,3,5.8,1,6.5,HIGH,5.2,12.4
PRJ-1788,Highway,Uttarakhand,5966.07,35,28.0,28.0,0.0,27.5,0.982,89.6,95.1,92.4,85.5,2,100.0,0,2.0,0,1.7,LOW,0.2,0.3
PRJ-1789,Bridge,Karnataka,785.71,33,63.0,63.0,0.0,63.0,1.0,96.2,95.1,99.2,94.2,9,100.0,0,0.7,0,1.5,LOW,0.2,1.0
PRJ-1790,Airport,Odisha,2744.31,55,30.1,2.7,27.4,5.0,1.852,47.0,41.1,45.7,42.9,155,15.0,6,5.1,4,8.8,CRITICAL,12.8,28.6
PRJ-1791,Highway,Kerala,1725.88,50,38.2,19.7,18.5,23.1,1.173,62.4,63.9,65.8,68.3,77,52.8,3,6.5,2,7.0,HIGH,8.5,14.8
PRJ-1792,Bridge,Odisha,716.61,21,37.6,22.7,14.9,27.2,1.198,69.7,64.2,65.8,58.1,54,62.4,7,6.2,1,7.0,HIGH,6.5,14.2
PRJ-1793,Metro,Tamil Nadu,3105.52,44,75.3,74.5,0.8,72.9,0.979,98.8,91.0,98.1,95.5,0,95.7,1,2.5,0,1.3,LOW,0.2,1.4
PRJ-1794,Urban Development,Kerala,1564.23,42,43.2,25.0,18.2,31.4,1.256,38.7,30.7,52.0,48.5,221,61.8,8,6.6,2,8.9,CRITICAL,6.5,26.0
PRJ-1795,Railway,Uttarakhand,3658.54,66,82.9,79.5,3.4,82.8,1.042,84.5,75.1,76.6,73.2,28,93.4,1,5.2,0,3.7,MEDIUM,2.2,6.1
PRJ-1796,Urban Development,Uttarakhand,2363.63,32,27.6,27.2,0.4,25.9,0.952,95.7,91.5,97.0,96.4,5,98.9,0,3.7,0,1.6,LOW,0.6,0.7
PRJ-1797,Urban Development,Himachal Pradesh,627.29,32,72.7,66.5,6.2,70.3,1.057,84.9,70.9,78.0,81.2,23,95.8,2,6.2,1,2.9,MEDIUM,1.9,8.9
PRJ-1798,Highway,Assam,3002.48,55,68.3,55.6,12.7,63.6,1.144,65.0,68.8,67.1,67.5,84,83.4,5,4.2,2,6.5,HIGH,5.0,13.7
PRJ-1799,Power Infrastructure,Uttar Pradesh,872.82,25,30.6,22.5,8.1,23.1,1.027,83.1,84.8,72.4,73.1,25,72.2,1,3.6,1,2.9,MEDIUM,3.1,8.0
PRJ-1800,Water Supply,Kerala,849.1,17,28.6,27.3,1.3,27.0,0.989,88.7,94.7,93.6,87.2,0,93.2,0,3.2,0,0.7,LOW,0.5,1.4
PRJ-1801,Airport,Maharashtra,3727.24,51,31.2,18.9,12.3,20.9,1.106,67.5,63.6,64.7,63.8,59,60.7,1,3.6,3,7.1,HIGH,5.0,14.9
PRJ-1802,Irrigation,Tamil Nadu,184.8,38,59.8,58.2,1.6,59.7,1.026,93.6,97.7,89.0,89.5,0,98.0,0,1.7,0,1.6,LOW,0.1,1.1
PRJ-1803,Irrigation,Rajasthan,2013.31,41,41.5,36.3,5.2,38.0,1.047,73.5,76.3,83.5,74.5,37,90.5,2,2.7,0,3.0,MEDIUM,1.9,7.7
PRJ-1804,Railway,Andhra Pradesh,1585.3,25,68.9,66.2,2.7,68.3,1.032,92.0,91.6,92.7,91.5,6,98.7,1,2.4,0,1.2,LOW,0.2,2.5
PRJ-1805,Metro,Uttar Pradesh,6067.32,35,84.0,62.0,22.0,76.3,1.231,36.2,43.8,37.9,52.4,186,74.4,2,7.3,2,8.2,CRITICAL,13.6,34.3
PRJ-1806,Irrigation,Himachal Pradesh,695.47,36,42.0,42.0,0.0,43.1,1.026,96.1,92.7,88.1,87.8,0,100.0,0,2.4,0,1.6,LOW,0.0,1.2
PRJ-1807,Irrigation,Bihar,803.75,23,22.9,2.0,20.9,5.0,2.5,48.1,42.5,42.5,38.8,105,15.0,4,7.9,2,9.1,CRITICAL,11.5,29.1
PRJ-1808,Power Infrastructure,Jammu & Kashmir,6373.95,31,61.1,45.5,15.6,51.5,1.132,66.0,55.7,60.3,63.4,75,70.7,2,6.7,2,6.7,HIGH,5.7,12.3
PRJ-1809,Metro,Karnataka,2302.47,38,68.5,38.4,30.1,47.8,1.245,52.1,41.1,41.3,39.1,137,54.4,1,9.0,5,8.7,CRITICAL,16.1,22.4
PRJ-1810,Railway,Delhi NCR,4559.52,47,29.7,21.7,8.0,26.1,1.203,64.1,53.8,60.0,66.3,84,77.2,6,4.0,3,6.3,HIGH,4.5,13.8
PRJ-1811,Highway,Telangana,3126.68,46,30.6,25.9,4.7,27.4,1.058,79.2,83.3,86.8,79.1,27,86.2,0,1.8,1,3.5,MEDIUM,2.7,5.8
PRJ-1812,Bridge,Uttar Pradesh,759.65,22,68.3,45.0,23.3,59.1,1.313,50.2,40.7,51.1,43.0,231,64.1,8,6.9,5,9.3,CRITICAL,7.1,24.7
PRJ-1813,Bridge,Uttar Pradesh,1738.3,46,76.2,64.7,11.5,73.9,1.142,64.9,57.7,64.9,62.0,84,83.6,2,4.9,3,5.5,HIGH,5.6,10.5
PRJ-1814,Irrigation,Telangana,388.11,31,85.2,60.4,24.8,77.3,1.28,49.5,41.1,51.3,48.3,145,76.6,7,8.8,5,8.8,CRITICAL,14.1,22.6
PRJ-1815,Urban Development,Assam,1651.52,22,71.8,71.1,0.7,70.6,0.993,90.1,88.0,90.8,94.7,0,96.2,1,1.9,0,2.1,LOW,0.2,0.1
PRJ-1816,Urban Development,Jammu & Kashmir,1676.44,37,32.3,17.4,14.9,20.6,1.184,69.8,55.5,63.7,62.4,85,52.0,5,5.9,3,6.5,HIGH,5.3,15.1
PRJ-1817,Airport,Uttar Pradesh,1570.43,41,51.6,44.7,6.9,45.6,1.02,82.5,81.2,79.8,74.3,28,90.0,1,3.5,1,3.6,MEDIUM,2.4,4.8
PRJ-1818,Bridge,Telangana,1186.84,36,38.8,20.9,17.9,25.1,1.201,67.6,62.6,67.4,65.9,88,48.4,5,6.0,3,6.3,HIGH,6.8,11.4
PRJ-1819,Irrigation,Uttar Pradesh,1372.87,30,51.7,51.7,0.0,54.3,1.05,92.1,97.7,91.4,94.6,2,100.0,2,2.4,0,1.0,LOW,0.1,0.6
PRJ-1820,Irrigation,Madhya Pradesh,837.67,37,37.1,36.6,0.5,36.2,0.989,95.5,97.1,94.4,90.8,0,98.3,1,1.0,0,2.0,LOW,0.4,0.6
PRJ-1821,Railway,Kerala,6497.6,54,80.0,71.6,8.4,78.7,1.099,82.5,73.7,72.0,72.3,30,90.8,2,5.5,1,4.5,MEDIUM,0.9,8.3
PRJ-1822,Water Supply,Assam,171.97,17,84.8,56.8,28.0,71.4,1.257,38.2,46.7,36.0,40.0,180,69.5,4,9.0,4,7.3,CRITICAL,13.9,24.4
PRJ-1823,Power Infrastructure,Assam,5938.51,34,82.3,62.5,19.8,74.1,1.186,57.6,57.7,54.5,66.5,81,73.3,4,4.4,2,6.9,HIGH,5.7,12.3
PRJ-1824,Irrigation,Bihar,198.07,20,25.8,10.9,14.9,12.2,1.119,65.1,64.4,59.9,67.2,76,39.9,1,3.9,1,5.6,HIGH,5.5,13.2
PRJ-1825,Power Infrastructure,Jammu & Kashmir,5988.73,31,84.7,84.7,0.0,85.7,1.012,95.8,96.8,98.5,93.0,2,100.0,1,3.4,0,1.0,LOW,0.1,1.3
PRJ-1826,Irrigation,Uttarakhand,1881.69,35,75.9,60.7,15.2,70.6,1.163,66.0,68.6,54.9,68.8,87,81.9,3,4.4,3,5.6,HIGH,4.9,16.5
PRJ-1827,Airport,Tamil Nadu,4399.16,24,33.7,26.2,7.5,28.6,1.092,76.3,72.4,81.2,76.8,41,73.4,1,3.5,0,3.4,MEDIUM,2.9,8.4
PRJ-1828,Water Supply,Tamil Nadu,233.06,21,42.0,18.2,23.8,22.8,1.253,45.3,36.6,48.3,43.0,226,45.5,6,7.9,2,7.3,CRITICAL,12.6,24.0
PRJ-1829,Water Supply,Bihar,815.77,20,51.4,35.8,15.6,43.9,1.226,69.4,61.8,65.9,59.3,77,71.9,3,5.3,3,6.4,HIGH,5.8,15.7
PRJ-1830,Urban Development,Telangana,2142.62,21,22.4,12.5,9.9,15.0,1.2,56.5,59.0,69.1,64.5,71,55.3,3,4.7,3,5.5,HIGH,4.7,14.3
PRJ-1831,Irrigation,Gujarat,193.13,25,81.7,74.9,6.8,86.5,1.155,76.4,73.4,78.1,80.7,29,94.2,4,1.6,0,4.1,MEDIUM,2.9,6.8
PRJ-1832,Railway,Andhra Pradesh,2840.01,51,67.6,66.2,1.4,64.1,0.968,89.5,91.6,89.2,96.2,0,98.2,0,1.1,0,2.0,LOW,0.1,2.2
PRJ-1833,Airport,Telangana,1435.19,49,52.0,52.0,0.0,53.1,1.021,89.5,87.9,97.1,93.9,1,97.0,0,1.9,0,0.6,LOW,0.2,2.2
PRJ-1834,Power Infrastructure,Odisha,2183.81,24,29.3,28.4,0.9,28.2,0.993,94.1,98.1,92.0,97.1,0,97.3,0,1.0,0,1.7,LOW,0.5,4.0
PRJ-1835,Metro,Delhi NCR,1989.31,25,42.9,42.9,0.0,42.8,0.998,98.7,98.3,93.8,85.1,4,100.0,1,2.5,0,0.7,LOW,0.2,0.9
PRJ-1836,Irrigation,Delhi NCR,305.04,17,52.1,50.2,1.9,50.2,1.0,92.7,94.4,99.2,91.1,3,96.5,0,0.4,0,1.9,LOW,0.2,1.7
PRJ-1837,Highway,Kerala,4511.89,42,22.6,21.7,0.9,20.7,0.954,90.4,93.5,91.2,86.8,5,90.9,0,3.2,0,0.7,LOW,0.1,1.0
PRJ-1838,Water Supply,Madhya Pradesh,983.25,27,56.1,26.3,29.8,32.3,1.228,42.2,37.9,44.3,43.9,134,49.2,4,6.2,3,8.7,CRITICAL,13.8,23.0
PRJ-1839,Highway,Tamil Nadu,1407.33,36,57.6,26.7,30.9,35.2,1.318,42.3,42.2,53.8,37.9,148,48.2,1,7.9,4,7.5,CRITICAL,11.9,25.5
PRJ-1840,Water Supply,Kerala,413.03,23,41.3,10.7,30.6,14.1,1.318,39.4,44.1,44.1,34.8,192,28.8,3,8.6,4,8.6,CRITICAL,15.7,25.2
PRJ-1841,Urban Development,Bihar,497.47,35,47.7,42.9,4.8,46.4,1.082,82.5,81.0,72.3,78.5,22,92.7,2,3.6,1,3.7,MEDIUM,1.2,7.8
PRJ-1842,Highway,Karnataka,1458.44,32,74.9,74.9,0.0,76.9,1.027,92.6,98.4,88.4,97.8,0,100.0,0,1.9,0,0.9,LOW,0.0,1.5
PRJ-1843,Power Infrastructure,Uttar Pradesh,9131.17,27,56.2,56.2,0.0,56.6,1.007,96.1,90.7,90.2,87.3,0,100.0,0,1.0,0,1.7,LOW,0.3,1.2
PRJ-1844,Metro,Tamil Nadu,19510.07,42,91.7,77.4,14.3,91.1,1.177,70.3,62.4,66.8,55.9,104,84.2,2,4.6,3,7.0,HIGH,7.7,15.4
PRJ-1845,Bridge,Kerala,2573.48,34,35.2,31.2,4.0,33.2,1.064,74.7,84.6,76.3,73.3,18,83.9,2,3.0,0,3.8,MEDIUM,2.7,8.6
PRJ-1846,Irrigation,Assam,1006.8,35,37.1,27.8,9.3,32.6,1.173,66.9,68.9,66.8,65.2,53,69.7,4,7.4,1,6.5,HIGH,5.8,13.6
PRJ-1847,Highway,Karnataka,7276.06,39,21.9,2.0,19.9,5.0,2.5,55.9,66.5,63.1,57.5,81,15.0,2,3.5,1,5.0,HIGH,5.5,14.8
PRJ-1848,Power Infrastructure,Kerala,2548.59,46,89.9,59.8,30.1,81.0,1.355,45.9,40.7,51.9,46.1,175,64.5,8,8.9,5,9.1,CRITICAL,11.1,25.4
PRJ-1849,Irrigation,Delhi NCR,1930.49,26,39.6,36.7,2.9,39.2,1.068,83.4,73.3,74.3,81.0,43,93.9,1,1.9,1,3.7,MEDIUM,1.9,6.2
PRJ-1850,Railway,Karnataka,3961.06,48,82.5,62.4,20.1,74.8,1.199,44.6,39.1,44.0,41.8,108,77.8,8,9.0,4,7.6,CRITICAL,11.8,26.3
PRJ-1851,Urban Development,Kerala,1863.41,22,21.3,17.5,3.8,17.7,1.011,73.1,83.5,85.7,72.1,31,81.5,3,5.6,1,2.8,MEDIUM,1.9,7.2
PRJ-1852,Water Supply,Andhra Pradesh,487.21,29,52.0,52.0,0.0,49.7,0.956,92.9,86.4,96.5,95.1,0,98.3,0,2.2,0,1.5,LOW,0.2,1.8
PRJ-1853,Airport,Rajasthan,2282.78,69,51.7,51.7,0.0,53.3,1.031,90.7,87.0,88.3,92.3,4,100.0,0,0.8,0,1.1,LOW,0.3,1.7
PRJ-1854,Railway,Maharashtra,2993.1,43,49.2,45.7,3.5,48.5,1.061,73.9,75.1,76.8,83.7,43,95.8,0,1.7,0,4.7,MEDIUM,2.2,5.9
PRJ-1855,Metro,Jammu & Kashmir,1708.81,63,51.2,45.0,6.2,45.1,1.002,80.0,73.1,77.1,82.8,24,93.8,0,4.1,1,4.0,MEDIUM,1.6,7.1
PRJ-1856,Urban Development,Assam,6324.13,41,62.5,60.9,1.6,64.0,1.051,97.3,86.1,90.6,93.9,0,95.1,1,3.2,0,1.2,LOW,0.2,1.8
PRJ-1857,Urban Development,Gujarat,355.01,34,23.6,9.9,13.7,11.4,1.152,67.0,56.8,57.5,61.7,113,37.9,2,6.7,2,5.4,HIGH,6.3,14.0
PRJ-1858,Airport,Madhya Pradesh,3258.66,48,87.1,60.3,26.8,75.8,1.257,36.3,46.4,41.8,47.3,148,65.8,2,6.6,2,7.7,CRITICAL,9.4,30.9
PRJ-1859,Power Infrastructure,West Bengal,2422.86,26,27.5,15.5,12.0,17.5,1.129,55.8,53.5,57.8,67.0,88,54.4,3,6.6,3,6.7,HIGH,3.8,16.3
PRJ-1860,Airport,Jammu & Kashmir,1411.01,63,59.3,57.7,1.6,59.8,1.036,91.9,97.7,92.6,98.0,0,95.2,0,2.8,0,0.6,LOW,0.3,1.7
PRJ-1861,Bridge,Gujarat,1789.36,44,33.4,20.7,12.7,23.3,1.126,65.8,63.7,64.4,57.6,94,60.8,3,4.7,3,5.8,HIGH,5.5,13.5
PRJ-1862,Metro,Tamil Nadu,9272.29,60,49.4,44.6,4.8,49.4,1.108,81.8,76.5,77.9,76.0,45,93.6,2,4.5,0,4.5,MEDIUM,1.8,6.4
PRJ-1863,Power Infrastructure,Bihar,3890.78,39,67.8,66.8,1.0,71.7,1.073,92.7,95.0,94.4,87.6,2,89.2,2,0.2,0,1.5,LOW,0.1,0.7
PRJ-1864,Power Infrastructure,Tamil Nadu,528.63,34,49.5,49.2,0.3,48.1,0.978,95.1,94.9,91.1,87.6,0,99.6,1,1.6,0,1.1,LOW,0.0,1.1
PRJ-1865,Irrigation,Kerala,488.75,27,20.2,17.5,2.7,17.9,1.023,72.3,82.4,85.7,71.5,31,87.2,1,3.8,1,3.4,MEDIUM,2.0,8.6
PRJ-1866,Railway,Himachal Pradesh,1871.04,45,37.0,27.3,9.7,31.6,1.158,61.8,60.3,63.5,59.1,110,70.3,2,4.9,1,6.8,HIGH,3.8,14.1
PRJ-1867,Urban Development,Telangana,478.44,13,68.6,65.5,3.1,63.1,0.963,78.1,70.1,79.4,74.9,35,88.3,0,2.3,0,4.5,MEDIUM,2.5,5.3
PRJ-1868,Airport,Bihar,2327.21,51,21.3,4.0,17.3,5.0,1.25,61.8,53.2,68.3,63.1,87,21.0,2,5.4,2,6.3,HIGH,6.2,13.9
PRJ-1869,Metro,Kerala,3530.78,27,75.5,74.8,0.7,70.7,0.945,94.7,92.4,90.4,85.2,0,100.0,1,3.6,0,1.4,LOW,0.2,1.2
PRJ-1870,Urban Development,Rajasthan,1098.66,33,38.8,30.2,8.6,34.2,1.132,81.5,82.4,76.1,83.0,27,73.8,2,3.1,0,3.2,MEDIUM,3.3,6.3
PRJ-1871,Railway,West Bengal,2056.77,27,88.3,85.9,2.4,85.1,0.991,94.4,86.7,89.0,94.9,6,100.0,0,0.7,0,1.1,LOW,0.2,0.0
PRJ-1872,Metro,Rajasthan,9705.84,71,75.3,52.3,23.0,65.9,1.26,36.6,48.5,43.5,34.5,133,69.4,4,7.0,5,7.9,CRITICAL,13.0,36.3
PRJ-1873,Power Infrastructure,Maharashtra,2928.64,47,31.2,2.9,28.3,5.0,1.724,36.9,32.5,49.9,47.2,175,15.0,5,6.2,2,9.0,CRITICAL,10.3,24.6
PRJ-1874,Irrigation,Himachal Pradesh,232.28,20,38.7,8.7,30.0,11.0,1.264,36.8,41.2,43.8,38.0,191,22.8,3,6.9,3,7.2,CRITICAL,13.2,23.3
PRJ-1875,Irrigation,Delhi NCR,391.37,34,45.8,28.5,17.3,32.7,1.147,64.2,68.6,67.2,56.3,60,61.7,2,4.7,3,6.7,HIGH,6.2,17.0
PRJ-1876,Urban Development,Karnataka,758.89,31,80.4,77.8,2.6,84.8,1.09,81.7,71.2,72.6,72.5,33,100.0,2,2.3,1,3.9,MEDIUM,2.6,7.3
PRJ-1877,Railway,Tamil Nadu,1271.29,43,51.8,25.9,25.9,34.1,1.317,51.1,37.2,41.8,42.3,174,50.1,6,9.0,4,7.1,CRITICAL,12.6,25.8
PRJ-1878,Airport,Assam,6377.13,45,65.9,60.7,5.2,62.0,1.021,75.2,79.9,77.9,80.6,22,93.2,1,2.7,0,4.2,MEDIUM,3.1,4.7
PRJ-1879,Power Infrastructure,Uttarakhand,1326.28,32,76.6,72.1,4.5,75.9,1.053,77.4,71.1,84.2,80.1,24,94.2,2,5.0,1,3.1,MEDIUM,2.9,7.3
PRJ-1880,Water Supply,Odisha,1045.98,25,73.3,66.5,6.8,73.7,1.108,83.2,79.9,85.4,83.9,30,93.0,2,4.2,1,3.8,MEDIUM,3.0,4.4
PRJ-1881,Railway,Karnataka,4360.07,32,53.8,49.4,4.4,51.3,1.038,78.9,72.5,78.2,81.2,15,90.8,2,3.9,0,4.3,MEDIUM,1.5,7.5
PRJ-1882,Irrigation,Tamil Nadu,211.77,28,64.3,26.5,37.8,37.3,1.408,37.2,50.8,52.3,46.3,144,45.7,11,5.1,3,8.8,CRITICAL,11.0,24.2
PRJ-1883,Power Infrastructure,Delhi NCR,5961.99,36,63.7,46.7,17.0,54.5,1.167,56.1,56.8,64.7,64.7,80,74.6,2,4.2,1,7.0,HIGH,6.0,15.1
PRJ-1884,Urban Development,Kerala,223.33,35,65.7,35.6,30.1,48.2,1.354,52.0,44.1,39.9,34.6,139,54.6,5,8.2,3,7.8,CRITICAL,10.7,19.9
PRJ-1885,Metro,Himachal Pradesh,3332.75,43,29.4,18.4,11.0,21.9,1.19,60.1,55.1,68.9,55.3,70,63.0,4,6.5,1,6.6,HIGH,7.0,16.8
PRJ-1886,Metro,Karnataka,1590.08,41,77.4,74.1,3.3,74.4,1.004,77.5,77.3,74.2,70.8,26,96.3,2,4.1,1,3.7,MEDIUM,3.2,5.8
PRJ-1887,Water Supply,Uttarakhand,320.87,42,28.8,20.9,7.9,22.5,1.077,73.1,83.5,78.0,82.8,41,70.0,0,5.3,1,3.7,MEDIUM,2.8,5.7
PRJ-1888,Highway,Gujarat,3283.89,44,87.5,81.7,5.8,86.9,1.064,75.4,77.9,75.5,78.5,36,96.4,2,3.9,0,4.1,MEDIUM,1.0,6.8
PRJ-1889,Urban Development,Karnataka,1175.11,34,65.2,49.6,15.6,59.1,1.192,60.3,61.0,55.4,63.2,71,78.9,4,3.9,3,5.6,HIGH,6.5,12.6
PRJ-1890,Airport,Bihar,9047.11,38,38.4,10.0,28.4,13.0,1.3,49.6,47.9,45.4,50.4,169,28.5,5,9.1,5,8.3,CRITICAL,13.3,26.4
PRJ-1891,Metro,Andhra Pradesh,2606.79,24,29.8,14.6,15.2,16.7,1.144,67.0,56.7,59.9,67.4,106,50.6,4,5.5,3,5.3,HIGH,6.3,16.9
PRJ-1892,Bridge,Kerala,3359.15,42,45.1,42.8,2.3,44.9,1.049,79.7,84.5,86.7,70.5,20,96.0,1,3.2,1,2.7,MEDIUM,2.8,5.9
PRJ-1893,Urban Development,Telangana,932.02,17,52.5,52.5,0.0,51.6,0.983,89.5,97.0,99.2,95.2,0,100.0,0,0.8,0,0.7,LOW,0.0,2.7
PRJ-1894,Railway,Madhya Pradesh,3420.44,57,39.2,38.3,0.9,40.3,1.052,89.1,86.5,91.2,89.7,0,92.4,0,0.6,0,1.9,LOW,0.2,1.1
PRJ-1895,Bridge,Himachal Pradesh,1647.6,28,88.6,71.0,17.6,86.1,1.213,63.9,53.9,59.8,57.8,49,77.5,4,7.2,3,5.5,HIGH,7.1,15.9
PRJ-1896,Airport,Karnataka,3732.18,49,23.0,17.8,5.2,18.7,1.051,84.8,76.1,79.0,70.1,23,84.6,2,4.0,1,3.2,MEDIUM,2.8,7.4
PRJ-1897,Airport,Himachal Pradesh,2261.68,54,75.7,75.7,0.0,79.2,1.046,88.4,89.3,99.0,95.8,4,96.1,1,3.9,0,1.0,LOW,0.2,1.4
PRJ-1898,Railway,Uttarakhand,1340.32,57,63.5,48.7,14.8,56.3,1.156,68.5,67.8,57.8,55.3,59,80.2,5,8.0,3,5.2,HIGH,6.6,15.7
PRJ-1899,Metro,Karnataka,13825.07,69,89.2,88.4,0.8,86.1,0.974,94.6,89.8,93.2,85.3,0,100.0,0,1.3,0,1.3,LOW,0.3,0.7
PRJ-1900,Metro,Andhra Pradesh,4947.26,37,91.6,91.6,0.0,93.1,1.016,92.5,90.1,98.9,92.9,3,100.0,0,2.4,0,1.0,LOW,0.0,1.2
PRJ-1901,Highway,Maharashtra,1430.3,32,67.8,65.8,2.0,68.6,1.043,72.2,81.2,81.6,74.7,45,94.5,1,1.7,0,3.8,MEDIUM,2.5,5.3
PRJ-1902,Railway,Uttar Pradesh,5705.57,36,45.4,45.4,0.0,46.2,1.018,92.0,87.9,95.1,94.3,0,100.0,1,0.9,0,1.0,LOW,0.3,3.1
PRJ-1903,Airport,West Bengal,5233.87,47,52.0,48.3,3.7,52.1,1.079,73.9,80.4,78.0,83.7,41,93.0,1,3.0,0,3.4,MEDIUM,2.5,9.5
PRJ-1904,Water Supply,Maharashtra,317.27,27,49.1,48.5,0.6,46.1,0.951,98.7,97.1,91.8,97.6,2,100.0,1,2.4,0,1.7,LOW,0.2,1.8
PRJ-1905,Power Infrastructure,Himachal Pradesh,680.77,24,55.9,54.4,1.5,63.1,1.16,81.7,75.8,72.4,78.5,33,100.0,7,5.4,0,3.1,MEDIUM,2.1,8.3
PRJ-1906,Airport,Telangana,3088.5,35,78.5,68.6,9.9,75.7,1.103,78.4,70.3,74.6,81.0,26,85.2,2,3.7,1,3.0,MEDIUM,3.3,4.0
PRJ-1907,Power Infrastructure,Rajasthan,3840.39,32,29.0,26.2,2.8,28.1,1.073,75.8,76.0,79.2,70.6,35,87.1,1,3.1,0,4.4,MEDIUM,1.9,7.7
PRJ-1908,Water Supply,Telangana,859.94,30,86.2,86.2,0.0,87.9,1.02,91.9,96.3,89.0,87.0,0,98.6,0,1.6,0,1.2,LOW,0.3,1.2
PRJ-1909,Power Infrastructure,Tamil Nadu,1116.42,59,20.1,18.6,1.5,17.9,0.962,76.1,79.5,72.1,84.0,37,92.6,2,3.3,1,3.7,MEDIUM,1.5,7.1
PRJ-1910,Highway,Bihar,517.39,18,38.8,31.8,7.0,33.5,1.053,80.4,81.5,86.4,82.1,28,82.2,2,3.4,1,4.4,MEDIUM,1.7,4.4
PRJ-1911,Power Infrastructure,Odisha,1038.85,43,45.4,45.4,0.0,45.7,1.007,89.3,98.9,97.9,89.9,1,98.9,0,1.4,0,1.6,LOW,0.2,1.3
PRJ-1912,Power Infrastructure,Delhi NCR,684.26,22,62.3,62.3,0.0,63.1,1.013,92.5,88.7,94.5,96.8,1,100.0,0,2.0,0,1.4,LOW,0.3,0.2
PRJ-1913,Bridge,Andhra Pradesh,2499.3,26,85.7,85.7,0.0,85.2,0.994,92.1,87.8,96.5,92.1,1,93.5,0,2.1,0,1.3,LOW,0.2,0.0
PRJ-1914,Metro,Andhra Pradesh,5993.86,35,26.1,4.4,21.7,5.5,1.25,40.4,30.3,37.3,46.9,100,18.9,7,6.1,5,9.5,CRITICAL,14.2,23.9
PRJ-1915,Irrigation,Kerala,183.01,25,91.8,85.3,6.5,90.5,1.061,83.4,73.3,80.0,83.2,37,92.6,1,3.2,0,4.1,MEDIUM,2.7,8.5
PRJ-1916,Water Supply,Karnataka,696.44,36,83.8,83.8,0.0,81.0,0.967,95.4,88.9,91.4,95.2,5,100.0,0,1.2,0,2.1,LOW,0.0,0.9
PRJ-1917,Irrigation,Uttarakhand,1892.71,26,89.3,85.7,3.6,87.5,1.021,77.2,72.8,72.2,82.5,19,96.0,0,2.7,0,3.1,MEDIUM,2.6,9.2
PRJ-1918,Urban Development,Gujarat,2480.79,31,76.5,50.1,26.4,61.5,1.228,37.1,45.6,54.9,41.5,156,66.9,3,8.3,2,8.1,CRITICAL,9.2,20.3
PRJ-1919,Irrigation,Rajasthan,455.22,31,85.8,80.4,5.4,85.2,1.06,83.6,82.5,84.4,77.1,37,95.4,0,2.0,0,4.0,MEDIUM,3.0,5.1
PRJ-1920,Power Infrastructure,Gujarat,814.17,45,35.4,2.0,33.4,5.0,2.5,53.8,47.5,47.6,53.5,122,15.0,9,7.3,3,9.3,CRITICAL,12.5,33.5
PRJ-1921,Airport,Delhi NCR,3094.03,45,42.7,29.4,13.3,36.0,1.224,60.3,64.4,64.0,55.1,45,67.4,5,4.0,2,6.8,HIGH,5.4,17.4
PRJ-1922,Bridge,Karnataka,832.84,35,59.7,58.6,1.1,60.6,1.034,88.5,88.0,95.7,86.0,0,93.8,1,1.1,0,0.8,LOW,0.2,1.6
PRJ-1923,Railway,Uttar Pradesh,3799.71,55,78.9,65.5,13.4,73.5,1.122,59.1,63.7,58.9,63.2,85,80.7,1,6.4,1,5.8,HIGH,6.0,16.1
PRJ-1924,Airport,Assam,14251.39,52,45.9,44.8,1.1,45.8,1.022,97.4,97.3,88.2,86.9,3,98.5,1,1.7,0,1.6,LOW,0.0,0.5
PRJ-1925,Water Supply,Rajasthan,3296.39,21,89.7,87.8,1.9,92.3,1.051,94.9,86.2,98.6,94.2,2,95.6,0,0.5,0,1.8,LOW,0.3,1.3
PRJ-1926,Metro,Andhra Pradesh,7541.28,56,31.8,30.9,0.9,31.6,1.023,94.3,86.9,95.0,96.8,0,99.5,0,0.5,0,0.7,LOW,0.1,2.4
PRJ-1927,Irrigation,West Bengal,2087.38,45,89.2,85.8,3.4,87.8,1.023,80.2,73.6,83.1,77.9,22,95.4,1,3.7,0,2.5,MEDIUM,2.9,4.6
PRJ-1928,Metro,Jammu & Kashmir,3727.19,72,77.4,75.8,1.6,78.7,1.038,91.7,96.3,90.5,96.0,2,100.0,1,2.9,0,1.2,LOW,0.2,0.3
PRJ-1929,Urban Development,Delhi NCR,1137.01,38,90.2,77.2,13.0,85.7,1.11,69.9,63.7,64.9,64.8,56,84.0,4,3.9,2,6.3,HIGH,7.1,14.1
PRJ-1930,Power Infrastructure,Telangana,4043.68,24,75.8,73.0,2.8,76.3,1.045,76.9,76.2,86.0,72.1,32,93.0,4,2.4,1,2.6,MEDIUM,2.3,7.1
PRJ-1931,Power Infrastructure,Maharashtra,1603.56,49,33.7,28.1,5.6,28.8,1.025,82.1,71.3,72.3,80.6,28,87.8,2,3.3,0,2.6,MEDIUM,2.5,7.4
PRJ-1932,Railway,Assam,2791.36,45,35.1,32.5,2.6,35.1,1.08,80.0,76.8,75.8,76.4,25,92.2,0,4.8,1,4.7,MEDIUM,2.5,5.9
PRJ-1933,Urban Development,Delhi NCR,1248.62,33,20.8,9.6,11.2,11.2,1.167,68.4,58.6,54.2,60.6,46,48.7,4,4.4,2,6.9,HIGH,8.3,15.4
PRJ-1934,Bridge,West Bengal,732.32,29,87.2,72.7,14.5,88.0,1.21,65.3,60.6,56.3,63.8,119,83.5,4,6.0,3,6.3,HIGH,5.2,12.8
PRJ-1935,Irrigation,Uttar Pradesh,1207.25,36,41.3,40.9,0.4,39.9,0.976,92.3,87.2,91.1,94.7,0,100.0,0,2.4,0,1.1,LOW,0.0,0.0
PRJ-1936,Highway,Telangana,1711.19,18,78.6,75.2,3.4,84.0,1.117,73.4,82.0,73.8,81.2,36,97.6,6,1.9,1,4.3,MEDIUM,2.5,6.4
PRJ-1937,Power Infrastructure,Jammu & Kashmir,1564.51,46,48.4,42.2,6.2,45.6,1.081,85.4,79.4,74.8,79.9,26,87.3,1,3.0,0,4.1,MEDIUM,1.7,9.7
PRJ-1938,Airport,Himachal Pradesh,4774.26,66,79.7,75.9,3.8,84.6,1.115,79.8,72.9,82.2,81.7,34,92.8,1,5.3,1,2.8,MEDIUM,2.8,6.0
PRJ-1939,Highway,Gujarat,11987.32,31,50.0,37.5,12.5,43.6,1.163,69.6,59.9,64.4,59.0,117,80.0,2,4.1,2,5.2,HIGH,5.5,14.2
PRJ-1940,Water Supply,Karnataka,1306.53,26,23.1,23.1,0.0,23.6,1.022,97.2,88.0,95.6,95.9,0,100.0,1,0.2,0,1.4,LOW,0.2,1.3
PRJ-1941,Airport,Kerala,9289.98,64,73.0,69.9,3.1,75.0,1.073,72.3,85.0,73.8,75.1,29,96.8,1,4.1,0,2.7,MEDIUM,2.6,6.9
PRJ-1942,Water Supply,Kerala,898.47,36,71.3,42.4,28.9,57.2,1.349,50.7,33.7,46.5,52.1,189,56.7,6,10.0,3,8.8,CRITICAL,14.1,29.6
PRJ-1943,Highway,Assam,993.92,49,50.8,47.6,3.2,50.2,1.055,81.1,84.5,80.3,70.9,37,99.5,1,4.0,1,3.8,MEDIUM,1.5,8.1
PRJ-1944,Highway,Himachal Pradesh,2801.82,44,36.8,31.0,5.8,33.2,1.071,72.3,76.2,76.0,82.5,27,86.3,2,3.6,1,3.1,MEDIUM,2.2,7.1
PRJ-1945,Bridge,Kerala,2100.92,21,30.1,25.3,4.8,26.7,1.055,72.4,84.7,75.0,82.1,35,87.8,1,3.2,1,3.0,MEDIUM,3.0,10.1
PRJ-1946,Urban Development,Telangana,524.27,26,56.3,47.3,9.0,54.3,1.148,64.4,55.8,63.4,68.8,49,85.4,6,6.3,1,5.8,HIGH,5.4,12.5
PRJ-1947,Railway,Assam,2879.23,38,50.6,20.6,30.0,26.7,1.296,46.7,43.4,39.3,35.0,90,36.9,2,8.8,3,8.1,CRITICAL,13.1,31.1
PRJ-1948,Urban Development,Delhi NCR,1483.28,26,33.3,33.3,0.0,33.6,1.009,89.1,97.6,94.9,93.0,7,100.0,0,1.7,0,2.0,LOW,0.0,2.3
PRJ-1949,Urban Development,Madhya Pradesh,852.17,29,48.1,42.6,5.5,45.4,1.066,84.2,70.1,82.7,77.3,29,88.5,1,2.4,1,2.6,MEDIUM,3.1,4.8
PRJ-1950,Railway,Karnataka,8286.8,54,57.7,44.8,12.9,50.4,1.125,66.7,64.5,55.7,66.8,90,75.9,1,4.1,3,6.4,HIGH,4.8,10.7
PRJ-1951,Railway,Assam,4548.4,30,54.3,51.8,2.5,50.1,0.967,92.1,97.5,96.0,92.6,5,93.2,0,1.6,0,1.8,LOW,0.3,1.3
PRJ-1952,Irrigation,Andhra Pradesh,358.48,37,71.3,61.3,10.0,70.3,1.147,58.7,53.8,58.3,58.7,82,88.9,4,5.1,2,5.8,HIGH,5.0,11.0
PRJ-1953,Urban Development,Kerala,3161.56,35,44.9,44.8,0.1,45.3,1.011,98.8,97.9,92.4,85.7,6,98.2,2,3.7,0,1.3,LOW,0.3,1.2
PRJ-1954,Metro,West Bengal,3773.05,24,59.2,52.0,7.2,59.2,1.138,82.8,76.0,79.6,72.5,36,83.3,2,3.4,1,4.3,MEDIUM,3.6,6.0
PRJ-1955,Urban Development,Assam,172.53,35,81.7,77.0,4.7,81.8,1.062,80.9,81.1,76.4,70.3,36,95.6,2,3.7,1,3.3,MEDIUM,2.1,6.3
PRJ-1956,Urban Development,Uttar Pradesh,523.05,32,62.9,56.2,6.7,59.0,1.05,82.8,76.1,79.4,84.0,34,91.2,3,2.6,0,3.3,MEDIUM,0.9,7.9
PRJ-1957,Highway,Uttar Pradesh,2636.63,39,58.1,58.1,0.0,56.6,0.974,96.9,87.5,97.2,88.8,5,100.0,0,1.1,0,0.8,LOW,0.0,1.6
PRJ-1958,Metro,Andhra Pradesh,4754.51,57,79.6,75.9,3.7,79.6,1.049,83.4,75.3,82.8,70.1,30,98.8,2,2.6,1,2.7,MEDIUM,2.6,3.5
PRJ-1959,Power Infrastructure,Uttarakhand,2938.54,28,42.2,31.5,10.7,36.0,1.143,67.4,68.6,65.1,69.0,83,73.3,5,5.8,1,6.9,HIGH,5.8,14.4
PRJ-1960,Power Infrastructure,Karnataka,2892.38,32,84.5,82.9,1.6,90.9,1.097,79.2,71.7,81.8,80.1,40,96.4,4,3.3,1,3.3,MEDIUM,2.1,8.0
PRJ-1961,Urban Development,Karnataka,1012.93,27,91.4,74.4,17.0,87.2,1.172,55.4,60.5,62.5,65.9,96,82.6,3,3.2,1,7.1,HIGH,6.0,14.4
PRJ-1962,Irrigation,Andhra Pradesh,1822.45,21,52.1,52.1,0.0,52.4,1.006,91.5,89.2,92.1,93.5,2,100.0,0,2.0,0,0.9,LOW,0.1,2.5
PRJ-1963,Metro,Assam,6945.98,36,71.8,71.8,0.0,73.3,1.021,97.9,92.3,91.4,85.6,0,99.8,1,3.4,0,1.7,LOW,0.1,1.6
PRJ-1964,Airport,Andhra Pradesh,5302.41,57,20.0,15.8,4.2,17.3,1.095,80.7,80.0,80.4,77.7,48,78.0,3,4.1,1,4.0,MEDIUM,2.3,7.3
PRJ-1965,Urban Development,Uttarakhand,255.3,30,65.3,47.1,18.2,57.8,1.227,66.2,54.0,56.0,55.6,56,71.1,2,4.7,3,7.1,HIGH,7.3,15.2
PRJ-1966,Urban Development,Jammu & Kashmir,573.04,26,51.3,24.3,27.0,29.4,1.21,42.3,39.1,42.0,46.6,169,38.2,6,7.9,2,9.0,CRITICAL,11.2,26.6
PRJ-1967,Airport,Jammu & Kashmir,4925.66,47,57.5,49.4,8.1,53.5,1.083,82.7,78.6,82.5,74.0,27,86.3,1,4.6,1,4.3,MEDIUM,2.5,4.6
PRJ-1968,Highway,Kerala,2033.59,36,72.2,65.6,6.6,68.0,1.037,78.0,80.9,74.2,80.0,23,88.6,0,3.1,1,3.6,MEDIUM,2.2,9.1
PRJ-1969,Irrigation,Gujarat,938.6,12,29.1,25.4,3.7,25.9,1.02,78.4,80.8,73.2,82.9,38,86.1,2,3.4,1,2.5,MEDIUM,1.1,5.9
PRJ-1970,Water Supply,Telangana,965.63,35,58.0,29.1,28.9,37.4,1.285,46.9,39.8,53.2,37.4,132,45.6,8,7.2,2,9.0,CRITICAL,10.5,23.3
PRJ-1971,Highway,Jammu & Kashmir,4551.23,35,71.3,30.8,40.5,41.9,1.36,38.6,39.9,53.4,53.6,160,35.6,6,10.0,4,8.9,CRITICAL,8.8,21.5
PRJ-1972,Airport,Rajasthan,1864.45,33,66.1,64.5,1.6,63.9,0.991,91.3,88.1,98.0,91.6,8,99.1,0,2.4,0,1.0,LOW,0.5,0.6
PRJ-1973,Highway,Jammu & Kashmir,1650.3,27,29.1,20.6,8.5,21.2,1.029,74.8,84.0,75.4,77.3,31,76.4,0,4.3,0,3.7,MEDIUM,2.4,6.2
PRJ-1974,Metro,Uttarakhand,8970.72,55,44.9,27.3,17.6,31.2,1.143,69.5,56.3,68.9,65.0,107,57.3,3,4.2,3,5.6,HIGH,5.5,13.8
PRJ-1975,Water Supply,Karnataka,264.44,31,24.6,23.4,1.2,23.7,1.013,94.4,92.8,93.8,88.6,0,97.7,0,0.9,0,1.8,LOW,0.1,2.2
PRJ-1976,Bridge,Uttar Pradesh,1266.93,29,57.8,23.6,34.2,32.3,1.369,41.9,34.0,52.9,41.2,124,45.5,10,5.7,5,8.2,CRITICAL,9.6,27.5
PRJ-1977,Railway,West Bengal,1379.39,41,58.5,57.0,1.5,60.5,1.061,73.4,78.1,84.3,83.8,33,99.3,3,2.2,0,3.8,MEDIUM,2.8,5.2
PRJ-1978,Highway,Delhi NCR,1417.63,52,84.0,78.4,5.6,85.8,1.094,83.8,82.4,82.8,81.5,25,95.0,1,4.1,1,3.1,MEDIUM,3.0,8.5
PRJ-1979,Irrigation,Odisha,3094.27,17,46.6,46.6,0.0,45.8,0.983,90.6,96.4,92.7,93.1,0,95.5,0,1.3,0,1.8,LOW,0.4,0.8
PRJ-1980,Metro,Odisha,5617.61,45,65.7,63.7,2.0,64.7,1.016,77.3,81.2,84.5,71.6,48,92.1,1,1.5,1,4.3,MEDIUM,2.3,4.8
PRJ-1981,Bridge,Odisha,3053.01,31,51.5,45.8,5.7,48.6,1.061,76.7,78.8,83.7,83.8,30,90.3,3,4.3,0,3.6,MEDIUM,1.8,5.7
PRJ-1982,Urban Development,Jammu & Kashmir,1120.88,24,73.4,71.9,1.5,75.6,1.051,72.5,84.6,72.2,72.8,10,100.0,3,5.4,0,4.7,MEDIUM,2.4,6.9
PRJ-1983,Highway,Karnataka,536.2,20,41.7,41.4,0.3,42.6,1.029,94.1,87.0,94.3,93.5,2,100.0,0,2.0,0,2.0,LOW,0.6,0.8
PRJ-1984,Urban Development,West Bengal,1027.89,28,26.6,6.9,19.7,8.4,1.217,46.6,43.5,45.0,33.1,157,27.1,3,6.4,5,8.7,CRITICAL,15.4,29.1
PRJ-1985,Urban Development,Andhra Pradesh,466.7,26,61.0,45.4,15.6,54.4,1.198,58.5,65.1,57.6,63.6,87,74.6,4,6.6,3,6.4,HIGH,6.3,14.7
PRJ-1986,Power Infrastructure,Uttarakhand,3085.36,35,89.5,87.3,2.2,94.4,1.081,94.2,95.9,98.4,93.4,0,95.4,1,2.6,0,0.9,LOW,0.4,2.3
PRJ-1987,Water Supply,Andhra Pradesh,1212.12,18,82.6,50.1,32.5,64.8,1.293,48.5,49.1,54.5,41.3,211,58.7,3,9.3,2,8.9,CRITICAL,9.7,28.7
PRJ-1988,Metro,Delhi NCR,2423.49,31,74.5,66.7,7.8,72.3,1.084,74.7,80.7,81.4,78.2,41,92.3,0,3.9,0,2.7,MEDIUM,2.6,4.7
PRJ-1989,Urban Development,Andhra Pradesh,952.08,39,44.0,13.2,30.8,17.7,1.341,35.2,49.1,39.4,52.2,197,30.2,10,7.1,3,9.4,CRITICAL,12.3,29.4
PRJ-1990,Urban Development,Kerala,160.16,27,28.4,14.4,14.0,17.1,1.188,62.8,62.5,58.6,66.9,105,56.4,4,7.5,3,5.7,HIGH,5.9,13.8
PRJ-1991,Airport,Jammu & Kashmir,5070.74,35,36.6,35.1,1.5,33.4,0.952,85.9,77.3,75.3,77.0,26,93.8,0,4.8,1,2.8,MEDIUM,2.1,5.1
PRJ-1992,Bridge,Rajasthan,479.78,20,25.9,19.7,6.2,21.1,1.071,82.7,80.3,80.5,77.8,29,75.5,2,2.7,1,3.1,MEDIUM,2.4,5.3
PRJ-1993,Airport,Himachal Pradesh,2587.56,42,81.7,66.1,15.6,79.1,1.197,70.0,58.1,60.4,68.8,136,85.4,2,7.1,1,6.5,HIGH,4.9,14.7
PRJ-1994,Airport,Rajasthan,11047.48,83,88.8,57.1,31.7,72.8,1.275,41.6,35.1,54.7,37.6,184,65.7,3,5.7,4,8.9,CRITICAL,11.9,26.5
PRJ-1995,Airport,Telangana,2362.38,24,55.3,35.2,20.1,43.1,1.224,65.8,65.2,68.0,58.9,80,65.5,5,3.6,2,6.5,HIGH,6.1,9.6
PRJ-1996,Bridge,Jammu & Kashmir,532.24,49,49.6,27.4,22.2,32.3,1.179,61.1,63.4,59.8,57.0,81,55.3,3,6.7,1,6.8,HIGH,5.1,16.5
PRJ-1997,Irrigation,Jammu & Kashmir,184.01,29,72.2,63.2,9.0,74.6,1.18,80.1,79.7,79.8,71.2,20,85.8,5,3.7,1,3.5,MEDIUM,2.0,8.1
PRJ-1998,Irrigation,Himachal Pradesh,155.96,34,65.7,30.2,35.5,39.4,1.305,51.8,48.5,53.9,52.2,173,45.9,1,8.5,3,8.6,CRITICAL,8.0,25.8
PRJ-1999,Airport,Telangana,3437.06,24,50.5,29.5,21.0,38.1,1.292,41.2,46.4,39.1,41.5,209,58.7,7,5.9,5,7.0,CRITICAL,12.1,27.8
PRJ-2000,Railway,Himachal Pradesh,2474.43,92,77.4,73.1,4.3,72.7,0.995,73.3,77.1,79.0,72.3,28,94.6,1,5.1,0,3.6,MEDIUM,2.5,6.5
PRJ-2001,Water Supply,Assam,838.76,21,65.6,65.5,0.1,63.2,0.965,90.0,96.7,89.2,86.3,1,95.0,0,2.3,0,0.8,LOW,0.2,0.6
PRJ-2002,Irrigation,Karnataka,503.58,27,27.5,23.6,3.9,24.5,1.038,83.3,72.6,73.6,74.8,26,83.0,1,3.0,0,3.5,MEDIUM,3.3,6.9
PRJ-2003,Airport,Uttar Pradesh,7326.32,45,63.9,61.2,2.7,66.1,1.08,82.2,79.8,73.4,79.7,37,95.7,4,3.6,0,4.5,MEDIUM,1.8,5.0
PRJ-2004,Airport,Tamil Nadu,4755.44,59,88.6,62.5,26.1,79.0,1.264,37.3,42.0,54.1,32.1,199,68.4,5,9.5,4,9.0,CRITICAL,15.2,23.5
PRJ-2005,Irrigation,Delhi NCR,3307.55,27,72.1,54.5,17.6,65.1,1.194,56.1,57.1,59.1,67.6,85,78.3,3,4.7,2,5.1,HIGH,5.4,13.7
PRJ-2006,Airport,Jammu & Kashmir,4283.16,34,41.7,35.4,6.3,39.3,1.11,84.1,79.5,75.2,75.1,26,83.7,2,3.5,0,3.1,MEDIUM,2.9,5.6
PRJ-2007,Bridge,West Bengal,2498.74,37,39.4,39.4,0.0,40.0,1.015,92.4,96.9,93.3,88.8,1,96.8,0,0.7,0,1.9,LOW,0.2,1.1
PRJ-2008,Urban Development,Madhya Pradesh,219.51,22,44.8,29.3,15.5,34.5,1.177,67.0,66.3,58.4,55.4,72,60.0,3,3.9,3,5.4,HIGH,6.2,13.8
PRJ-2009,Urban Development,Madhya Pradesh,2525.54,28,40.7,35.1,5.6,38.2,1.088,75.5,81.8,78.5,72.2,26,82.3,2,2.1,0,2.9,MEDIUM,2.3,9.1
PRJ-2010,Metro,Gujarat,5901.49,56,25.9,10.4,15.5,11.1,1.067,60.9,57.9,66.6,59.8,75,43.8,0,6.0,1,6.6,HIGH,3.3,14.9
PRJ-2011,Bridge,Rajasthan,2901.82,40,69.6,50.7,18.9,63.3,1.249,52.2,42.5,39.3,39.9,188,71.9,5,5.6,2,7.3,CRITICAL,12.4,29.2
PRJ-2012,Highway,Uttarakhand,466.33,38,68.2,41.4,26.8,50.8,1.227,36.8,36.2,47.7,42.0,221,59.6,2,7.7,3,8.8,CRITICAL,7.3,18.1
PRJ-2013,Bridge,Rajasthan,978.39,29,48.5,31.7,16.8,37.2,1.174,67.7,64.3,59.7,66.6,104,68.1,4,3.5,1,6.4,HIGH,7.0,13.1
PRJ-2014,Highway,Gujarat,1226.3,30,26.6,26.6,0.0,27.5,1.034,97.8,96.9,91.0,93.2,0,100.0,0,0.5,0,2.2,LOW,0.1,1.6
PRJ-2015,Water Supply,Andhra Pradesh,747.63,16,49.0,43.2,5.8,46.7,1.081,82.9,76.7,80.0,78.5,36,87.7,3,2.8,0,3.6,MEDIUM,2.5,6.2
PRJ-2016,Power Infrastructure,Gujarat,718.31,41,88.1,85.7,2.4,93.4,1.09,74.2,76.0,75.3,70.8,40,96.4,4,2.4,1,3.9,MEDIUM,3.4,6.0
PRJ-2017,Metro,Maharashtra,2309.41,40,36.2,36.2,0.0,36.7,1.014,94.7,87.1,95.7,94.5,4,97.4,1,1.3,0,1.7,LOW,0.4,0.5
PRJ-2018,Urban Development,Bihar,899.83,31,43.0,43.0,0.0,42.9,0.998,95.0,92.3,88.1,89.9,0,99.4,0,1.7,0,1.1,LOW,0.0,1.5
PRJ-2019,Water Supply,Jammu & Kashmir,542.81,23,53.0,45.8,7.2,47.9,1.046,83.1,79.9,78.2,76.1,21,87.9,3,4.6,0,4.8,MEDIUM,2.4,5.3
PRJ-2020,Power Infrastructure,West Bengal,1642.45,31,29.6,28.6,1.0,27.5,0.962,97.7,89.9,94.7,91.0,3,97.3,0,1.9,0,2.1,LOW,0.3,1.2
PRJ-2021,Airport,Andhra Pradesh,1731.93,29,66.0,65.4,0.6,69.3,1.06,90.5,88.2,94.7,97.3,2,96.4,0,1.5,0,1.8,LOW,0.3,2.0
PRJ-2022,Airport,Uttar Pradesh,5274.44,25,77.2,76.4,0.8,77.1,1.009,97.4,97.4,95.9,96.4,0,96.5,0,0.9,0,1.7,LOW,0.1,1.3
PRJ-2023,Railway,Rajasthan,8913.64,90,40.2,40.2,0.0,39.0,0.97,96.2,96.7,98.3,87.2,3,100.0,0,0.4,0,1.9,LOW,0.2,0.0
PRJ-2024,Urban Development,Uttar Pradesh,642.69,31,60.9,55.3,5.6,59.9,1.083,81.1,73.0,78.0,80.8,32,94.8,3,1.7,0,3.2,MEDIUM,2.7,5.2
PRJ-2025,Metro,Odisha,3918.56,49,62.1,62.1,0.0,63.5,1.023,94.0,98.0,99.0,96.0,2,100.0,0,2.3,0,0.7,LOW,0.1,1.9
PRJ-2026,Metro,Uttar Pradesh,6567.94,34,39.7,24.3,15.4,29.2,1.202,62.9,54.8,61.2,60.8,77,61.3,5,5.0,3,6.0,HIGH,6.2,13.3
PRJ-2027,Water Supply,Jammu & Kashmir,1190.31,41,23.5,19.0,4.5,21.2,1.116,83.8,82.6,75.5,72.6,30,79.4,5,3.4,0,4.1,MEDIUM,2.4,6.7
PRJ-2028,Metro,Telangana,3756.17,49,49.3,46.0,3.3,48.7,1.059,72.8,84.2,72.1,72.5,38,94.5,2,4.4,1,3.4,MEDIUM,2.5,4.9
PRJ-2029,Highway,Maharashtra,557.13,18,88.0,80.0,8.0,94.4,1.18,70.6,56.1,62.2,67.6,89,93.0,8,5.1,1,6.4,HIGH,6.6,14.8
PRJ-2030,Airport,Gujarat,3467.07,73,76.4,59.1,17.3,72.5,1.227,67.4,53.1,57.3,65.3,70,76.6,3,6.9,1,7.0,HIGH,5.0,17.4
PRJ-2031,Irrigation,Telangana,870.4,45,58.7,42.3,16.4,47.7,1.128,70.9,64.1,68.8,67.7,86,74.8,2,6.4,3,5.5,HIGH,7.2,18.4
PRJ-2032,Power Infrastructure,Himachal Pradesh,7738.22,18,52.4,30.3,22.1,39.4,1.3,42.1,33.6,39.2,38.6,183,52.6,8,9.1,3,8.4,CRITICAL,10.8,19.7
PRJ-2033,Urban Development,Jammu & Kashmir,1733.01,21,83.7,72.4,11.3,83.1,1.148,68.8,67.7,54.2,63.5,82,94.1,5,5.4,2,5.7,HIGH,4.7,10.2
PRJ-2034,Metro,Uttarakhand,8323.3,53,30.4,30.4,0.0,29.1,0.957,94.9,95.3,93.2,97.4,1,97.0,0,1.9,0,1.6,LOW,0.5,1.1
PRJ-2035,Power Infrastructure,Madhya Pradesh,3013.34,29,45.2,31.0,14.2,36.7,1.184,70.4,59.7,64.1,64.8,83,71.8,4,5.2,3,6.8,HIGH,7.0,13.3
PRJ-2036,Bridge,Gujarat,5971.05,39,31.7,16.2,15.5,18.4,1.136,68.1,63.9,68.8,59.5,72,55.5,1,5.8,1,5.8,HIGH,6.8,14.9
PRJ-2037,Irrigation,Bihar,374.02,40,70.0,65.1,4.9,69.2,1.063,78.0,74.3,79.2,77.1,35,91.7,0,4.1,1,3.8,MEDIUM,2.9,6.6
PRJ-2038,Power Infrastructure,Madhya Pradesh,1353.59,53,72.8,66.9,5.9,69.8,1.043,80.8,82.6,72.9,74.7,34,90.9,0,4.4,0,4.6,MEDIUM,2.6,6.2
PRJ-2039,Metro,Maharashtra,1750.3,43,91.5,72.5,19.0,87.9,1.212,48.2,51.3,50.7,44.1,125,78.7,3,6.0,4,7.8,CRITICAL,10.4,22.0
PRJ-2040,Irrigation,Telangana,551.01,46,29.2,23.9,5.3,26.3,1.1,85.3,80.1,78.2,83.0,29,84.0,3,2.9,1,4.5,MEDIUM,2.4,7.9
PRJ-2041,Bridge,Bihar,724.23,34,42.3,42.3,0.0,42.2,0.998,90.9,98.9,90.8,88.1,4,98.9,1,0.8,0,1.2,LOW,0.0,0.0
PRJ-2042,Water Supply,Odisha,379.85,38,70.5,57.3,13.2,65.6,1.145,63.9,63.7,57.8,61.4,69,78.7,5,6.3,2,6.0,HIGH,6.4,14.2
PRJ-2043,Urban Development,Andhra Pradesh,1397.71,37,28.9,10.9,18.0,13.5,1.239,42.3,31.5,45.5,35.3,136,41.9,6,7.7,5,9.0,CRITICAL,12.4,29.6
PRJ-2044,Railway,Assam,14792.94,63,51.0,39.1,11.9,46.0,1.176,55.7,57.0,63.4,61.5,50,78.5,4,5.6,3,5.4,HIGH,5.6,12.7
PRJ-2045,Railway,Bihar,1913.72,76,25.4,25.1,0.3,24.9,0.992,95.4,96.5,97.7,88.2,0,99.3,0,1.1,0,1.8,LOW,0.4,2.7
PRJ-2046,Metro,Jammu & Kashmir,2905.09,42,41.3,40.3,1.0,39.7,0.985,92.4,88.6,95.2,87.5,6,94.3,0,2.3,0,1.0,LOW,0.8,0.5
PRJ-2047,Irrigation,Rajasthan,347.02,32,74.3,49.1,25.2,62.2,1.267,47.8,30.1,44.5,47.2,131,62.4,4,5.9,3,9.4,CRITICAL,8.7,20.8
PRJ-2048,Highway,Madhya Pradesh,2826.33,38,21.5,2.0,19.5,5.0,2.5,63.3,57.9,58.1,67.5,49,15.0,2,4.0,3,5.8,HIGH,5.3,13.7
PRJ-2049,Water Supply,Rajasthan,188.58,32,65.6,60.0,5.6,63.5,1.058,74.2,70.1,77.2,76.6,35,87.9,2,3.8,1,3.7,MEDIUM,3.6,4.5
PRJ-2050,Power Infrastructure,Madhya Pradesh,874.76,42,83.0,81.5,1.5,83.6,1.026,72.6,80.1,75.2,73.1,32,96.1,1,4.5,1,4.6,MEDIUM,2.3,8.0
PRJ-2051,Irrigation,Telangana,161.44,23,63.9,63.9,0.0,65.3,1.022,90.1,90.8,98.3,96.7,4,100.0,0,1.3,0,0.7,LOW,0.4,1.9
PRJ-2052,Highway,Madhya Pradesh,1179.28,37,58.6,26.3,32.3,36.0,1.369,46.2,47.3,35.2,47.6,112,44.1,4,8.1,3,7.9,CRITICAL,12.8,27.0
PRJ-2053,Irrigation,Rajasthan,347.91,25,50.3,50.3,0.0,48.2,0.958,88.9,86.8,93.8,93.5,2,100.0,0,2.4,0,1.1,LOW,0.0,1.2
PRJ-2054,Highway,Gujarat,1018.44,21,31.6,24.4,7.2,25.4,1.041,72.8,72.3,86.2,77.1,19,78.0,0,3.1,1,3.2,MEDIUM,3.5,6.4
PRJ-2055,Power Infrastructure,Telangana,463.8,38,48.8,44.7,4.1,47.2,1.056,80.1,83.5,72.3,79.1,28,91.3,1,2.0,0,2.8,MEDIUM,2.2,8.2
PRJ-2056,Metro,Assam,3357.12,34,39.1,39.1,0.0,38.3,0.98,96.4,92.7,99.1,95.0,6,100.0,0,2.2,0,1.5,LOW,0.2,2.3
PRJ-2057,Urban Development,Telangana,1009.87,21,53.5,52.5,1.0,51.1,0.973,90.5,88.7,94.7,88.9,6,100.0,0,2.4,0,1.0,LOW,0.3,0.4
PRJ-2058,Railway,Telangana,3916.06,75,91.2,90.5,0.7,91.5,1.011,89.1,95.5,89.4,97.6,4,100.0,0,0.8,0,1.5,LOW,0.0,1.0
PRJ-2059,Irrigation,Rajasthan,584.19,16,32.0,31.4,0.6,32.0,1.019,91.7,93.5,89.2,94.9,0,98.2,0,2.4,0,2.2,LOW,0.7,0.0
PRJ-2060,Bridge,Karnataka,2266.18,39,87.2,80.0,7.2,88.5,1.106,84.1,77.8,77.2,82.0,27,89.0,1,3.4,0,2.7,MEDIUM,2.7,5.0
PRJ-2061,Power Infrastructure,Karnataka,1710.7,37,66.5,52.1,14.4,58.7,1.127,67.9,68.3,69.3,68.1,97,78.9,3,5.5,1,5.5,HIGH,6.2,15.9
PRJ-2062,Power Infrastructure,Kerala,772.25,31,68.2,64.6,3.6,64.8,1.003,72.4,73.0,78.0,74.0,32,92.2,0,3.7,1,4.2,MEDIUM,3.5,6.8
PRJ-2063,Water Supply,Himachal Pradesh,2470.39,15,44.3,44.3,0.0,44.0,0.993,98.2,88.3,98.6,87.6,2,100.0,0,2.4,0,0.8,LOW,0.6,1.0
PRJ-2064,Power Infrastructure,Himachal Pradesh,2829.41,43,77.0,75.4,1.6,79.2,1.05,97.4,88.5,93.3,90.2,2,98.9,0,1.6,0,2.1,LOW,0.2,0.3
PRJ-2065,Bridge,Rajasthan,537.1,28,60.6,59.1,1.5,61.7,1.044,84.4,70.9,81.5,80.9,33,93.1,2,2.5,1,3.9,MEDIUM,1.9,5.7
PRJ-2066,Railway,Uttarakhand,3554.78,69,51.5,36.8,14.7,43.1,1.171,60.6,63.0,55.9,60.4,81,70.8,3,4.8,2,5.2,HIGH,6.0,14.0
PRJ-2067,Power Infrastructure,Uttarakhand,7408.45,42,63.1,62.2,0.9,59.1,0.95,97.6,91.5,90.8,96.9,3,100.0,0,2.5,0,1.4,LOW,0.1,1.8
PRJ-2068,Irrigation,Tamil Nadu,177.74,33,62.5,39.6,22.9,51.9,1.311,66.1,56.6,68.6,57.7,94,56.5,7,4.2,2,6.9,HIGH,6.3,14.6
PRJ-2069,Railway,Uttar Pradesh,11473.56,55,67.8,36.0,31.8,50.7,1.408,35.1,33.0,43.8,38.0,192,57.0,9,5.7,2,9.5,CRITICAL,10.0,27.7
PRJ-2070,Urban Development,Uttarakhand,254.06,23,27.8,27.8,0.0,27.6,0.993,98.9,90.5,97.1,89.2,5,99.6,0,2.2,0,0.8,LOW,0.1,1.8
PRJ-2071,Bridge,Himachal Pradesh,2322.19,33,77.1,73.7,3.4,75.0,1.018,78.3,82.4,83.1,70.4,41,91.2,4,4.2,0,4.0,MEDIUM,2.8,7.6
PRJ-2072,Metro,Bihar,4805.99,71,69.5,68.6,0.9,68.4,0.997,97.3,88.3,98.9,96.4,0,98.1,1,1.2,0,1.4,LOW,0.4,0.9
PRJ-2073,Irrigation,Uttarakhand,361.27,24,89.9,59.5,30.4,82.2,1.382,35.6,33.2,38.8,32.2,202,67.4,9,9.4,3,8.5,CRITICAL,12.4,31.5
PRJ-2074,Power Infrastructure,Gujarat,2238.89,28,21.8,21.8,0.0,22.9,1.05,90.6,96.1,91.5,97.4,4,100.0,1,1.8,0,1.5,LOW,0.3,1.1
PRJ-2075,Bridge,Jammu & Kashmir,1240.13,35,72.6,70.4,2.2,74.1,1.053,83.1,76.6,79.8,80.2,31,95.2,3,5.6,1,4.0,MEDIUM,1.6,6.4
PRJ-2076,Railway,Uttarakhand,8443.32,65,42.2,34.8,7.4,38.7,1.112,74.8,75.3,86.7,82.1,35,84.3,1,5.8,0,2.8,MEDIUM,2.1,4.7
PRJ-2077,Power Infrastructure,Uttar Pradesh,1061.86,34,46.4,22.8,23.6,30.2,1.325,53.9,46.6,35.7,44.3,257,48.2,7,8.2,5,7.3,CRITICAL,11.6,26.4
PRJ-2078,Power Infrastructure,Karnataka,1753.19,45,57.4,52.9,4.5,59.4,1.123,75.9,78.0,81.4,79.1,32,93.3,1,3.4,0,3.7,MEDIUM,2.3,7.7
PRJ-2079,Urban Development,Odisha,855.41,33,91.8,62.9,28.9,83.1,1.321,40.7,36.8,37.0,38.9,105,70.5,4,5.2,2,7.4,CRITICAL,10.6,24.6
PRJ-2080,Power Infrastructure,Uttar Pradesh,665.86,38,38.4,21.1,17.3,23.5,1.114,64.9,61.6,56.8,57.4,45,55.2,2,7.0,2,7.2,HIGH,7.7,14.2
PRJ-2081,Urban Development,Delhi NCR,1845.12,27,56.8,52.8,4.0,61.2,1.159,78.0,77.3,82.3,73.9,43,92.1,4,3.8,1,4.7,MEDIUM,2.9,5.6
PRJ-2082,Airport,Maharashtra,4380.86,51,87.0,60.2,26.8,86.4,1.435,45.8,48.2,41.5,41.5,166,68.7,12,9.3,5,8.0,CRITICAL,11.5,25.7
PRJ-2083,Water Supply,Madhya Pradesh,701.84,33,23.0,18.3,4.7,18.4,1.005,85.4,72.7,80.0,81.9,27,79.7,1,1.6,0,4.7,MEDIUM,2.2,4.9
PRJ-2084,Highway,West Bengal,3189.87,40,53.1,50.1,3.0,53.1,1.06,78.5,74.5,75.5,75.4,30,96.3,2,4.3,0,4.2,MEDIUM,1.6,5.1
PRJ-2085,Railway,Uttar Pradesh,5581.77,45,69.4,63.9,5.5,67.2,1.052,76.2,70.1,79.7,83.7,28,93.6,0,2.0,1,4.4,MEDIUM,2.3,7.1
PRJ-2086,Water Supply,Kerala,243.42,39,22.9,4.5,18.4,5.5,1.222,62.5,55.8,67.4,66.5,45,22.3,5,5.3,1,6.4,HIGH,7.1,11.7
PRJ-2087,Railway,Himachal Pradesh,4277.62,44,60.2,60.2,0.0,64.5,1.071,90.5,87.0,95.5,92.5,0,99.8,1,3.2,0,1.9,LOW,0.1,2.1
PRJ-2088,Highway,Tamil Nadu,1204.81,31,36.0,28.9,7.1,30.3,1.048,77.1,74.0,75.4,71.1,35,79.1,0,1.7,0,4.5,MEDIUM,2.4,7.9
PRJ-2089,Power Infrastructure,Uttar Pradesh,1176.26,43,27.7,24.0,3.7,23.5,0.979,73.5,77.8,80.7,78.9,37,89.5,1,3.7,1,3.3,MEDIUM,2.7,9.6
PRJ-2090,Airport,Odisha,1723.41,50,34.5,34.3,0.2,34.6,1.009,89.7,86.6,98.3,86.9,0,97.2,1,0.7,0,1.6,LOW,0.2,1.8
PRJ-2091,Metro,Karnataka,3104.42,67,63.7,63.7,0.0,64.8,1.017,93.3,91.8,94.2,87.6,0,100.0,1,1.8,0,2.0,LOW,0.3,0.3
PRJ-2092,Water Supply,Kerala,547.87,26,70.5,54.3,16.2,62.9,1.158,59.9,56.8,68.0,55.6,95,75.2,1,7.3,3,6.4,HIGH,7.1,13.9
PRJ-2093,Water Supply,Delhi NCR,1096.03,14,82.0,68.5,13.5,79.4,1.159,63.8,54.9,69.7,66.2,70,88.0,4,3.7,1,5.8,HIGH,7.2,15.7
PRJ-2094,Water Supply,Assam,892.36,31,76.1,34.1,42.0,50.3,1.475,37.9,32.8,38.4,32.9,161,43.8,5,6.1,2,8.3,CRITICAL,13.7,24.8
PRJ-2095,Railway,Himachal Pradesh,2950.81,27,85.9,70.2,15.7,84.4,1.202,60.2,64.4,68.8,55.7,95,82.2,2,7.1,3,7.0,HIGH,5.2,13.5
PRJ-2096,Metro,Kerala,2444.55,45,68.6,65.2,3.4,62.8,0.963,84.7,78.9,78.9,71.9,20,100.0,0,5.4,1,3.0,MEDIUM,2.6,3.8
PRJ-2097,Railway,Bihar,4685.92,27,52.5,36.4,16.1,44.2,1.214,70.4,62.3,62.4,66.7,54,72.9,1,3.1,3,5.9,HIGH,6.7,10.3
PRJ-2098,Urban Development,Assam,226.82,26,87.6,69.0,18.6,85.3,1.236,37.1,31.6,43.6,43.3,120,79.3,7,9.4,2,9.1,CRITICAL,13.7,27.7
PRJ-2099,Urban Development,Karnataka,907.85,29,55.8,55.4,0.4,60.5,1.092,91.4,86.3,95.7,86.7,1,96.3,1,2.1,0,1.7,LOW,0.0,1.1
PRJ-2100,Bridge,Maharashtra,885.25,43,32.5,31.4,1.1,31.8,1.013,92.8,93.4,90.2,96.4,3,92.9,2,1.3,0,2.0,LOW,0.2,0.8
PRJ-2101,Highway,Telangana,954.67,33,71.4,53.1,18.3,60.8,1.145,60.1,61.0,67.5,57.4,80,76.4,0,6.8,1,6.5,HIGH,5.5,11.8
PRJ-2102,Power Infrastructure,Himachal Pradesh,602.49,42,52.5,42.1,10.4,45.2,1.074,56.2,68.3,68.6,58.7,110,77.7,2,7.5,2,5.1,HIGH,5.7,17.2
PRJ-2103,Water Supply,Himachal Pradesh,1727.17,39,54.8,40.5,14.3,45.8,1.131,65.8,64.4,59.7,62.4,68,63.9,4,6.9,1,6.8,HIGH,6.2,13.6
PRJ-2104,Water Supply,Rajasthan,498.12,28,68.6,67.1,1.5,66.3,0.988,72.1,73.8,81.5,75.3,40,96.9,0,1.7,0,4.6,MEDIUM,3.2,7.6
PRJ-2105,Bridge,Delhi NCR,1162.41,23,69.8,65.7,4.1,68.2,1.038,75.8,76.8,83.6,74.6,25,98.7,2,4.0,0,2.8,MEDIUM,2.3,5.5
PRJ-2106,Irrigation,Karnataka,372.79,17,36.4,33.7,2.7,35.0,1.039,76.5,80.3,75.9,83.5,24,91.5,2,4.3,0,3.1,MEDIUM,2.8,5.1
PRJ-2107,Airport,West Bengal,12892.82,41,40.6,10.7,29.9,14.4,1.346,47.2,36.9,39.5,51.6,104,24.4,6,8.8,3,8.9,CRITICAL,14.5,24.2
PRJ-2108,Railway,Uttar Pradesh,2020.97,36,44.1,33.1,11.0,37.2,1.124,62.4,67.3,57.5,62.9,103,77.5,4,6.0,1,7.0,HIGH,5.2,15.3
PRJ-2109,Water Supply,Maharashtra,1457.63,24,24.7,2.1,22.6,5.0,2.381,48.5,30.7,36.7,35.2,201,15.0,8,9.2,4,8.1,CRITICAL,13.0,30.8
PRJ-2110,Bridge,West Bengal,918.48,24,42.0,42.0,0.0,41.5,0.988,95.4,96.8,94.5,96.6,8,98.0,0,0.4,0,1.4,LOW,0.4,0.8
PRJ-2111,Railway,Gujarat,5846.97,61,61.7,45.2,16.5,54.4,1.204,64.4,52.9,69.8,60.8,51,68.1,3,6.2,1,5.9,HIGH,3.8,16.4
PRJ-2112,Highway,Delhi NCR,634.61,44,61.2,58.9,2.3,62.3,1.058,81.0,84.4,84.0,74.8,30,94.4,1,3.6,1,4.1,MEDIUM,2.2,6.6
PRJ-2113,Highway,Rajasthan,3509.43,50,35.1,33.6,1.5,34.9,1.039,79.9,83.5,85.5,83.0,38,100.0,1,4.3,1,4.0,MEDIUM,2.8,6.6
PRJ-2114,Highway,Assam,3914.7,32,88.1,77.2,10.9,90.0,1.166,69.3,52.0,59.6,60.7,80,86.3,6,4.5,3,7.1,HIGH,6.0,15.0
PRJ-2115,Power Infrastructure,Rajasthan,4774.87,18,65.2,47.2,18.0,58.3,1.235,43.8,44.1,46.3,45.4,183,69.4,6,6.4,5,7.8,CRITICAL,13.1,17.4
PRJ-2116,Urban Development,West Bengal,661.67,16,29.3,16.8,12.5,20.1,1.196,56.2,61.0,64.4,61.0,73,61.5,6,4.1,1,5.1,HIGH,5.9,14.4
PRJ-2117,Highway,Karnataka,894.43,42,52.1,51.8,0.3,51.4,0.992,92.2,89.7,92.2,88.1,5,96.0,0,0.2,0,1.7,LOW,0.3,2.4
PRJ-2118,Urban Development,Telangana,1828.3,22,22.1,9.7,12.4,11.0,1.134,60.4,52.7,63.4,64.0,82,41.4,2,4.6,3,5.3,HIGH,4.2,15.0
PRJ-2119,Bridge,Andhra Pradesh,4572.46,33,43.3,41.6,1.7,43.9,1.055,96.6,87.0,91.8,93.0,0,94.7,0,0.9,0,1.4,LOW,0.0,2.5
PRJ-2120,Irrigation,Rajasthan,484.72,36,21.5,20.6,0.9,20.6,1.0,88.7,93.8,100.0,88.4,0,96.6,1,0.4,0,1.6,LOW,0.2,0.5
PRJ-2121,Airport,Karnataka,6523.76,51,83.6,46.9,36.7,65.5,1.397,50.9,36.2,36.1,35.3,176,55.9,10,5.6,3,7.1,CRITICAL,13.0,23.9
PRJ-2122,Urban Development,Rajasthan,372.83,32,27.0,12.0,15.0,13.7,1.142,61.2,52.5,62.9,66.4,45,46.5,2,5.7,1,5.7,HIGH,6.0,9.5
PRJ-2123,Water Supply,Telangana,2044.18,13,31.2,27.3,3.9,28.8,1.055,78.3,78.3,77.1,70.4,33,87.5,3,3.7,1,4.5,MEDIUM,2.2,5.6
PRJ-2124,Airport,Uttar Pradesh,5444.27,60,32.5,2.0,30.5,5.0,2.5,44.4,41.8,35.6,42.3,137,15.0,4,8.1,2,8.1,CRITICAL,12.5,26.9
PRJ-2125,Urban Development,Bihar,536.2,28,57.4,42.4,15.0,47.7,1.125,66.5,62.7,65.0,55.2,78,76.3,1,5.3,1,5.5,HIGH,7.2,15.8
PRJ-2126,Water Supply,Himachal Pradesh,424.23,33,81.8,73.0,8.8,81.2,1.112,55.7,53.9,62.5,58.3,62,90.3,2,4.2,3,5.7,HIGH,6.8,15.0
PRJ-2127,Power Infrastructure,Uttar Pradesh,4549.53,33,64.0,64.0,0.0,61.9,0.967,96.8,98.7,90.2,86.3,0,100.0,0,2.3,0,2.1,LOW,0.5,1.6
PRJ-2128,Irrigation,Assam,529.9,24,52.0,26.5,25.5,34.1,1.287,56.4,67.5,60.2,59.7,97,50.7,3,5.6,3,6.7,HIGH,6.9,14.7
PRJ-2129,Urban Development,Andhra Pradesh,454.42,32,25.2,25.2,0.0,24.3,0.964,97.9,97.2,91.7,97.0,0,100.0,0,2.1,0,1.6,LOW,0.0,0.2
PRJ-2130,Water Supply,Odisha,541.6,33,76.0,76.0,0.0,75.0,0.987,95.7,94.8,93.7,95.2,2,99.6,0,1.9,0,1.0,LOW,0.4,0.6
PRJ-2131,Metro,Telangana,14266.38,45,34.0,5.9,28.1,8.1,1.373,35.2,38.6,53.1,44.0,124,26.2,11,9.0,4,7.6,CRITICAL,14.5,32.5
PRJ-2132,Water Supply,Bihar,2240.83,12,81.3,76.0,5.3,79.3,1.043,84.6,71.9,75.7,70.0,30,96.7,0,2.0,0,4.8,MEDIUM,2.6,7.3
PRJ-2133,Urban Development,Jammu & Kashmir,223.12,22,61.1,52.8,8.3,55.7,1.055,76.5,82.2,78.4,73.4,21,83.0,1,4.1,0,3.4,MEDIUM,2.6,7.3
PRJ-2134,Bridge,Rajasthan,880.43,42,65.7,60.9,4.8,67.7,1.112,80.8,84.9,85.4,72.7,28,92.9,3,3.3,1,3.7,MEDIUM,1.8,5.8
PRJ-2135,Airport,Karnataka,3015.45,48,41.7,26.8,14.9,31.2,1.164,68.8,68.6,67.9,64.3,107,65.8,4,4.6,3,6.0,HIGH,4.8,11.7
PRJ-2136,Power Infrastructure,Uttar Pradesh,1751.95,27,81.6,74.9,6.7,81.8,1.092,84.4,76.2,77.2,81.7,33,92.1,1,1.7,1,2.5,MEDIUM,1.9,6.1
PRJ-2137,Urban Development,Odisha,1117.65,23,37.3,37.2,0.1,38.1,1.024,96.6,98.0,99.5,85.5,4,96.9,1,1.9,0,1.3,LOW,0.1,1.3
PRJ-2138,Water Supply,Himachal Pradesh,799.77,32,54.4,49.8,4.6,55.0,1.104,78.7,71.2,83.5,83.3,23,92.1,3,4.1,0,3.4,MEDIUM,2.9,6.5
PRJ-2139,Urban Development,Karnataka,295.5,38,21.9,13.1,8.8,14.6,1.115,73.9,73.9,78.8,72.2,42,61.5,4,2.6,0,4.4,MEDIUM,2.2,6.6
PRJ-2140,Water Supply,Rajasthan,205.93,14,34.4,2.0,32.4,5.0,2.5,51.3,33.1,54.3,38.7,175,15.0,7,9.1,4,7.9,CRITICAL,12.3,28.5
PRJ-2141,Airport,West Bengal,2118.26,60,64.9,36.4,28.5,46.2,1.269,43.3,51.5,42.6,34.2,127,50.7,4,8.3,2,8.3,CRITICAL,12.4,38.4
PRJ-2142,Irrigation,Tamil Nadu,623.67,32,66.5,66.5,0.0,68.9,1.036,89.3,91.4,95.0,89.3,7,100.0,0,0.5,0,1.2,LOW,0.4,1.8
PRJ-2143,Power Infrastructure,Kerala,6496.86,38,84.1,82.7,1.4,88.0,1.064,96.0,98.3,89.9,85.4,2,100.0,2,2.7,0,0.7,LOW,0.2,1.6
PRJ-2144,Railway,Himachal Pradesh,2617.78,67,24.1,23.0,1.1,22.9,0.996,89.8,91.3,94.2,85.8,0,98.3,1,2.4,0,1.7,LOW,0.2,0.5
PRJ-2145,Bridge,Uttar Pradesh,1684.03,40,64.6,61.9,2.7,63.8,1.031,84.5,81.6,75.4,76.5,29,89.7,0,4.1,1,4.1,MEDIUM,2.3,5.7
PRJ-2146,Airport,Assam,1515.42,24,33.4,28.2,5.2,31.5,1.117,77.7,81.7,82.6,79.7,38,85.1,3,3.8,0,4.6,MEDIUM,3.0,8.0
PRJ-2147,Highway,Tamil Nadu,1441.6,28,53.0,49.0,4.0,52.8,1.078,72.8,82.2,86.0,79.1,35,91.1,1,4.0,0,3.9,MEDIUM,2.8,3.6
PRJ-2148,Bridge,Himachal Pradesh,3321.12,30,43.6,43.6,0.0,45.4,1.041,93.5,95.1,97.3,89.4,5,99.1,0,2.8,0,1.7,LOW,0.4,1.4
PRJ-2149,Bridge,Jammu & Kashmir,6118.0,31,63.9,32.9,31.0,43.0,1.307,37.1,39.0,51.3,49.0,186,51.4,1,9.0,2,7.2,CRITICAL,13.6,20.4
PRJ-2150,Bridge,Andhra Pradesh,1300.95,22,61.8,49.5,12.3,58.3,1.178,68.3,64.0,69.4,62.3,77,81.8,4,6.2,1,5.9,HIGH,3.3,12.4
PRJ-2151,Airport,Maharashtra,9089.76,59,37.3,35.8,1.5,38.1,1.064,76.1,80.2,82.6,80.8,31,94.8,2,3.2,0,4.2,MEDIUM,1.8,7.2
PRJ-2152,Bridge,West Bengal,1066.3,33,57.2,46.1,11.1,53.6,1.163,58.9,60.6,68.8,57.7,90,83.2,4,4.4,3,5.7,HIGH,5.2,15.6
PRJ-2153,Railway,Jammu & Kashmir,3906.76,39,48.6,28.7,19.9,33.7,1.174,57.6,54.7,54.1,58.4,69,59.4,5,7.9,1,7.0,HIGH,7.0,15.3
PRJ-2154,Bridge,West Bengal,680.94,37,22.4,22.4,0.0,22.0,0.982,92.7,92.5,97.1,89.4,4,100.0,0,1.1,0,1.9,LOW,0.2,0.7
PRJ-2155,Water Supply,Rajasthan,326.05,25,74.3,72.1,2.2,74.8,1.037,73.0,73.3,83.3,83.7,34,93.0,1,3.1,0,4.2,MEDIUM,2.0,7.0
PRJ-2156,Urban Development,Andhra Pradesh,808.62,42,62.6,54.5,8.1,59.9,1.099,85.2,75.8,76.5,79.0,45,89.6,0,1.6,0,4.5,MEDIUM,2.2,6.6
PRJ-2157,Airport,Assam,1319.65,35,27.0,2.0,25.0,5.0,2.5,50.2,36.0,40.1,41.4,180,15.0,7,7.1,5,9.1,CRITICAL,14.6,27.6
PRJ-2158,Power Infrastructure,Himachal Pradesh,837.24,42,67.3,62.9,4.4,70.6,1.122,75.5,77.9,80.9,81.6,27,91.5,1,3.5,1,3.9,MEDIUM,1.6,5.3
PRJ-2159,Irrigation,Telangana,297.0,35,66.2,66.2,0.0,63.1,0.953,96.2,89.0,95.7,96.7,0,99.2,0,2.3,0,1.7,LOW,0.3,1.1
PRJ-2160,Airport,Kerala,5432.65,55,57.7,48.2,9.5,54.1,1.122,80.4,83.0,82.3,71.1,22,84.5,0,3.6,1,4.2,MEDIUM,3.1,4.7
PRJ-2161,Urban Development,Jammu & Kashmir,1040.18,38,48.7,40.2,8.5,43.6,1.085,81.8,74.4,74.2,75.3,33,85.0,2,2.8,1,2.6,MEDIUM,2.3,8.9
PRJ-2162,Power Infrastructure,Gujarat,1694.03,34,26.9,12.5,14.4,15.4,1.232,58.7,57.4,65.9,68.0,95,42.5,7,5.9,3,5.1,HIGH,6.1,14.6
PRJ-2163,Power Infrastructure,Andhra Pradesh,4058.72,31,80.8,71.9,8.9,77.5,1.078,60.8,58.2,58.9,67.2,90,88.2,1,5.2,3,5.5,HIGH,7.4,12.7
PRJ-2164,Bridge,Kerala,639.36,40,82.3,82.3,0.0,84.0,1.021,97.0,97.7,89.3,94.0,1,95.4,0,3.5,0,1.8,LOW,0.2,1.8
PRJ-2165,Irrigation,Odisha,1286.41,19,41.4,13.0,28.4,17.7,1.362,35.7,41.7,46.3,48.0,114,29.1,6,5.4,5,8.7,CRITICAL,11.4,25.1
PRJ-2166,Highway,Rajasthan,5145.33,30,43.0,43.0,0.0,43.6,1.014,96.7,95.8,96.6,93.3,3,100.0,1,0.3,0,1.6,LOW,0.0,1.3
PRJ-2167,Metro,Maharashtra,1353.56,55,50.6,34.3,16.3,40.0,1.166,69.0,61.3,63.3,59.3,77,67.9,4,5.6,1,6.1,HIGH,5.6,10.5
PRJ-2168,Airport,Himachal Pradesh,4957.09,55,70.8,53.1,17.7,63.2,1.19,62.4,65.7,63.3,60.4,66,79.5,2,4.6,2,5.5,HIGH,5.9,15.9
PRJ-2169,Water Supply,Telangana,1949.19,28,58.9,40.5,18.4,48.4,1.195,66.2,62.3,63.9,66.3,66,67.2,3,4.5,1,7.1,HIGH,7.2,18.1
PRJ-2170,Metro,West Bengal,13557.27,42,62.0,43.4,18.6,53.4,1.23,67.9,62.4,64.4,62.6,46,74.3,4,6.9,3,6.0,HIGH,6.7,17.0
PRJ-2171,Irrigation,Rajasthan,2977.75,37,81.1,77.9,3.2,81.7,1.049,93.6,96.1,96.4,86.0,4,100.0,0,2.4,0,0.9,LOW,0.1,1.1
PRJ-2172,Water Supply,Rajasthan,426.79,32,24.6,2.0,22.6,5.0,2.5,44.3,31.6,48.1,50.4,194,15.0,6,5.8,5,8.7,CRITICAL,11.8,23.4
PRJ-2173,Power Infrastructure,Himachal Pradesh,973.29,26,91.5,91.5,0.0,94.5,1.033,97.1,98.9,93.1,95.2,7,100.0,1,3.1,0,1.3,LOW,0.1,1.2
PRJ-2174,Irrigation,Madhya Pradesh,395.92,27,72.0,70.2,1.8,74.0,1.054,98.1,86.6,97.7,91.6,0,93.4,0,0.4,0,0.7,LOW,0.2,0.2
PRJ-2175,Power Infrastructure,Jammu & Kashmir,3181.68,29,86.3,73.3,13.0,80.1,1.093,55.7,66.2,68.5,65.3,69,88.6,2,5.2,2,6.5,HIGH,6.9,16.8
PRJ-2176,Power Infrastructure,Bihar,942.8,43,20.0,14.4,5.6,14.9,1.035,81.8,71.1,80.8,81.5,32,71.1,1,4.0,0,4.2,MEDIUM,1.5,6.1
PRJ-2177,Irrigation,Bihar,302.7,24,84.0,79.2,4.8,86.5,1.092,84.1,76.8,79.5,82.4,26,90.7,5,2.4,0,4.3,MEDIUM,2.7,5.9
PRJ-2178,Metro,Himachal Pradesh,4281.48,26,44.3,36.6,7.7,41.0,1.12,84.4,82.4,85.0,82.1,33,76.4,3,4.2,1,4.4,MEDIUM,2.2,7.1
PRJ-2179,Power Infrastructure,Bihar,1190.33,50,48.6,48.5,0.1,50.9,1.049,95.7,90.4,99.7,89.8,6,98.8,1,0.6,0,0.9,LOW,0.5,2.1
PRJ-2180,Urban Development,Uttar Pradesh,334.44,33,43.5,38.4,5.1,39.4,1.026,78.7,74.5,83.0,83.1,29,89.6,1,3.8,0,3.0,MEDIUM,1.7,5.5
PRJ-2181,Urban Development,Uttar Pradesh,1958.77,23,74.9,54.1,20.8,67.4,1.246,48.3,44.4,49.1,45.0,175,72.4,4,8.2,3,8.3,CRITICAL,13.3,27.4
PRJ-2182,Railway,Uttar Pradesh,4417.02,37,37.0,15.3,21.7,18.4,1.203,46.3,51.0,45.6,45.7,155,43.0,6,6.6,3,9.3,CRITICAL,13.0,27.5
PRJ-2183,Highway,Odisha,2635.68,33,72.7,65.4,7.3,73.4,1.122,72.4,84.6,84.2,74.7,20,90.8,3,1.8,0,3.3,MEDIUM,3.0,3.6
PRJ-2184,Metro,Rajasthan,1327.34,40,40.1,37.0,3.1,39.5,1.068,84.4,82.7,75.8,70.5,17,96.5,2,3.9,1,3.6,MEDIUM,3.1,4.1
PRJ-2185,Railway,Karnataka,5693.54,67,51.9,46.3,5.6,51.4,1.11,75.1,75.8,81.4,79.4,38,89.6,4,1.6,0,4.3,MEDIUM,1.7,7.6
PRJ-2186,Highway,West Bengal,1039.24,45,25.3,9.1,16.2,11.2,1.231,64.8,64.4,68.4,68.4,85,38.4,1,6.4,1,5.5,HIGH,7.0,15.8
PRJ-2187,Urban Development,Delhi NCR,2517.45,32,49.1,43.7,5.4,46.4,1.062,84.7,82.5,78.1,82.7,39,86.0,2,2.0,1,4.6,MEDIUM,2.0,8.2
PRJ-2188,Irrigation,Uttar Pradesh,241.92,31,38.0,31.2,6.8,35.2,1.128,75.5,73.5,76.3,78.9,48,83.1,3,3.3,1,4.7,MEDIUM,1.3,8.6
PRJ-2189,Power Infrastructure,Jammu & Kashmir,1860.23,32,67.9,56.9,11.0,69.0,1.213,68.0,68.7,66.4,58.7,76,81.6,4,6.4,1,6.3,HIGH,5.1,11.9
PRJ-2190,Highway,Maharashtra,1154.66,34,29.7,7.9,21.8,9.5,1.203,60.2,64.8,68.6,55.3,68,24.9,2,5.4,2,5.3,HIGH,5.8,18.4
PRJ-2191,Urban Development,Himachal Pradesh,956.18,40,25.1,24.4,0.7,23.8,0.975,96.7,88.1,98.0,91.0,0,97.2,0,3.5,0,1.4,LOW,0.3,0.8
PRJ-2192,Water Supply,Maharashtra,5183.5,26,24.4,13.6,10.8,14.5,1.066,57.1,57.5,60.3,55.4,57,60.2,3,6.8,2,5.1,HIGH,7.9,14.0
PRJ-2193,Highway,Uttarakhand,3149.78,46,28.8,11.6,17.2,13.4,1.155,63.5,59.4,61.6,60.4,93,41.3,1,5.1,1,5.3,HIGH,6.4,14.6
PRJ-2194,Airport,Himachal Pradesh,3831.26,64,43.1,36.0,7.1,39.4,1.094,83.0,76.9,86.3,82.6,42,84.3,2,5.4,1,2.7,MEDIUM,3.0,4.9
PRJ-2195,Airport,Maharashtra,5413.51,52,88.7,76.8,11.9,83.6,1.089,70.0,67.3,68.6,68.4,77,82.2,2,6.6,3,5.8,HIGH,6.5,9.7
PRJ-2196,Urban Development,Odisha,3575.28,26,74.3,42.8,31.5,61.0,1.425,53.9,32.3,43.3,34.5,211,57.5,10,6.1,5,7.5,CRITICAL,9.2,24.6
PRJ-2197,Metro,Gujarat,3866.32,52,71.0,71.0,0.0,71.3,1.004,96.3,94.7,88.1,87.1,7,100.0,0,0.3,0,1.2,LOW,0.3,0.4
PRJ-2198,Railway,Uttarakhand,1742.06,61,49.1,44.9,4.2,47.5,1.058,73.0,75.8,84.6,73.0,33,91.3,3,4.4,1,4.0,MEDIUM,2.2,5.7
PRJ-2199,Metro,Rajasthan,4023.81,52,67.8,66.8,1.0,68.3,1.022,97.5,91.4,98.4,94.7,0,96.6,0,1.7,0,0.6,LOW,0.3,1.3
PRJ-2200,Bridge,Uttarakhand,1029.55,41,68.9,49.4,19.5,58.5,1.184,63.6,63.0,57.2,66.9,75,76.0,3,7.5,1,5.2,HIGH,4.9,15.0
PRJ-2201,Airport,Kerala,1412.94,60,75.7,62.4,13.3,71.4,1.144,66.3,60.8,69.7,67.2,85,80.7,4,7.2,1,7.1,HIGH,6.4,17.4
PRJ-2202,Airport,Assam,5376.98,46,79.1,64.5,14.6,74.0,1.147,64.7,54.6,60.6,64.1,100,81.8,5,7.2,1,6.7,HIGH,6.0,17.3
PRJ-2203,Railway,Kerala,6830.55,80,57.2,50.9,6.3,54.3,1.067,75.7,71.9,84.3,73.3,36,89.5,4,4.1,1,3.5,MEDIUM,3.3,6.3
PRJ-2204,Water Supply,Delhi NCR,1244.35,19,79.5,70.7,8.8,76.1,1.076,79.9,78.5,75.3,73.4,16,92.8,2,3.3,0,4.0,MEDIUM,2.7,4.5
PRJ-2205,Bridge,Rajasthan,1252.73,34,47.3,17.3,30.0,23.8,1.376,48.7,40.6,45.5,47.8,156,35.7,6,5.1,2,8.4,CRITICAL,10.7,35.8
PRJ-2206,Airport,Tamil Nadu,5091.15,48,47.9,34.3,13.6,40.4,1.178,57.5,68.2,67.5,55.1,84,71.7,4,4.1,3,5.5,HIGH,6.9,11.8
PRJ-2207,Highway,Tamil Nadu,2881.07,45,72.8,63.2,9.6,66.9,1.059,68.5,68.3,60.5,56.0,110,86.4,0,3.9,3,6.1,HIGH,5.5,15.7
PRJ-2208,Water Supply,Assam,2085.35,35,77.0,68.4,8.6,75.3,1.101,77.9,80.6,77.6,74.3,26,86.9,3,3.8,0,3.2,MEDIUM,2.7,3.1
PRJ-2209,Water Supply,Himachal Pradesh,191.32,33,82.1,69.0,13.1,79.6,1.154,67.1,57.0,55.9,60.2,79,84.0,1,4.9,3,5.3,HIGH,5.8,11.5
PRJ-2210,Power Infrastructure,Uttar Pradesh,2508.2,25,42.0,16.7,25.3,20.7,1.24,46.8,49.8,39.0,41.6,118,36.2,6,5.4,5,7.1,CRITICAL,10.5,25.3
PRJ-2211,Highway,Bihar,5187.27,31,70.8,66.1,4.7,70.5,1.067,76.5,80.9,84.3,73.4,24,91.0,1,3.3,0,3.2,MEDIUM,1.7,5.1
PRJ-2212,Railway,Jammu & Kashmir,2207.1,53,40.4,30.6,9.8,35.5,1.16,68.2,54.5,70.0,67.6,68,80.8,7,6.8,3,6.2,HIGH,5.4,15.0
PRJ-2213,Water Supply,Andhra Pradesh,1105.47,32,52.0,44.0,8.0,47.0,1.068,64.1,67.0,67.2,67.7,112,84.5,1,3.3,2,5.8,HIGH,4.5,12.5
PRJ-2214,Railway,Uttarakhand,6562.46,38,25.5,25.5,0.0,25.5,1.0,90.0,98.6,95.2,90.4,2,100.0,0,3.4,0,1.7,LOW,0.3,0.3
PRJ-2215,Highway,Rajasthan,5162.95,46,84.5,84.2,0.3,84.3,1.001,95.7,92.0,93.2,93.9,0,100.0,0,0.6,0,2.2,LOW,0.1,1.2
PRJ-2216,Bridge,Jammu & Kashmir,2160.17,29,62.2,61.4,0.8,63.4,1.033,98.2,96.2,89.6,92.6,0,98.8,0,2.1,0,1.2,LOW,0.3,0.9
PRJ-2217,Airport,Uttar Pradesh,8376.9,51,75.6,75.6,0.0,76.1,1.007,91.6,88.2,89.9,96.1,3,100.0,0,0.8,0,2.0,LOW,0.3,3.1
PRJ-2218,Railway,Madhya Pradesh,1674.94,57,33.9,15.0,18.9,18.7,1.247,70.4,60.6,60.1,56.6,73,47.3,2,3.6,1,6.5,HIGH,6.9,15.8
PRJ-2219,Urban Development,Uttar Pradesh,2015.75,33,61.3,28.9,32.4,37.5,1.298,50.6,47.7,47.3,35.6,121,48.8,2,7.0,2,7.4,CRITICAL,10.8,18.8
PRJ-2220,Metro,Andhra Pradesh,13124.97,32,33.7,13.7,20.0,16.4,1.197,42.8,46.3,53.0,47.2,150,37.8,4,5.8,3,7.1,CRITICAL,13.6,21.1
PRJ-2221,Highway,West Bengal,1542.02,29,84.4,55.0,29.4,76.8,1.396,37.0,36.8,46.0,36.2,185,67.1,9,9.4,2,8.5,CRITICAL,13.2,27.1
PRJ-2222,Metro,Assam,4339.24,61,60.2,58.0,2.2,59.2,1.021,96.8,96.5,88.7,92.8,3,96.9,0,1.5,0,2.0,LOW,0.3,1.4
PRJ-2223,Railway,Telangana,7688.74,47,43.8,41.1,2.7,46.9,1.141,80.7,73.2,86.0,82.6,33,95.0,5,3.1,0,3.4,MEDIUM,2.5,6.8
PRJ-2224,Metro,Rajasthan,7347.24,49,85.2,82.5,2.7,87.5,1.061,98.5,94.2,92.6,89.1,1,100.0,0,2.0,0,0.8,LOW,0.1,2.0
PRJ-2225,Water Supply,Himachal Pradesh,348.72,36,35.6,31.3,4.3,34.0,1.086,72.5,71.6,83.2,74.0,37,87.3,2,3.6,0,3.5,MEDIUM,1.9,9.1
PRJ-2226,Irrigation,Assam,283.68,16,77.5,77.5,0.0,79.2,1.022,93.8,97.0,99.8,97.8,4,100.0,1,1.8,0,1.7,LOW,0.2,1.3
PRJ-2227,Metro,Tamil Nadu,8349.59,43,33.2,32.2,1.0,33.7,1.047,89.1,98.6,94.4,96.5,1,98.4,0,2.5,0,1.4,LOW,0.2,1.0
PRJ-2228,Urban Development,Kerala,333.04,27,74.1,74.1,0.0,77.2,1.042,90.8,92.6,88.2,87.1,2,98.4,1,2.8,0,1.5,LOW,0.2,0.0
PRJ-2229,Highway,Gujarat,2566.31,31,71.3,39.5,31.8,50.9,1.289,45.0,42.1,52.0,44.6,118,55.9,4,9.1,3,7.5,CRITICAL,9.9,19.2
PRJ-2230,Water Supply,Rajasthan,800.59,37,47.9,46.5,1.4,47.9,1.03,94.8,91.7,92.9,86.3,2,93.6,0,0.7,0,1.9,LOW,0.0,0.7
PRJ-2231,Railway,Andhra Pradesh,5210.81,36,80.8,43.7,37.1,57.9,1.325,46.4,39.5,35.1,38.2,188,48.7,4,8.6,3,9.0,CRITICAL,8.2,26.0
PRJ-2232,Water Supply,Andhra Pradesh,184.09,47,27.6,7.2,20.4,8.7,1.208,66.9,56.4,69.3,68.9,62,26.1,5,3.9,3,5.3,HIGH,5.5,14.7
PRJ-2233,Highway,Madhya Pradesh,6032.51,27,88.3,74.9,13.4,85.7,1.144,65.7,66.3,57.7,58.3,83,86.4,0,3.8,1,7.2,HIGH,4.5,16.0
PRJ-2234,Power Infrastructure,Jammu & Kashmir,657.07,39,65.4,40.0,25.4,48.6,1.215,49.3,49.6,41.9,49.9,186,61.2,2,7.4,5,8.0,CRITICAL,10.0,25.5
PRJ-2235,Bridge,Kerala,1118.81,36,35.4,35.4,0.0,34.9,0.986,92.7,93.8,88.7,86.8,5,100.0,0,2.5,0,0.9,LOW,0.0,1.4
PRJ-2236,Urban Development,Assam,490.78,16,76.6,72.1,4.5,76.2,1.057,73.6,81.6,77.5,83.6,28,95.0,0,5.8,1,3.8,MEDIUM,2.3,7.3
PRJ-2237,Water Supply,Bihar,911.42,32,28.3,28.3,0.0,29.2,1.032,91.5,92.3,99.0,91.8,0,100.0,1,1.4,0,2.2,LOW,0.3,0.9
PRJ-2238,Water Supply,Tamil Nadu,472.68,17,67.4,54.4,13.0,62.8,1.154,56.7,52.7,67.4,59.9,51,83.6,2,5.0,3,5.2,HIGH,6.7,16.3
PRJ-2239,Airport,Rajasthan,2164.79,38,30.4,28.5,1.9,30.7,1.077,83.6,75.0,75.5,79.6,40,89.5,2,4.0,1,4.3,MEDIUM,3.3,7.8
PRJ-2240,Railway,Tamil Nadu,10133.54,60,75.8,53.3,22.5,68.1,1.278,47.2,41.9,38.2,42.2,162,65.4,7,7.7,4,8.7,CRITICAL,13.2,26.2
PRJ-2241,Airport,Karnataka,2980.28,54,21.2,7.2,14.0,7.5,1.042,65.5,61.1,57.3,68.2,102,39.0,2,6.3,2,7.1,HIGH,7.0,14.0
PRJ-2242,Water Supply,Karnataka,422.84,22,36.0,28.4,7.6,31.2,1.099,76.3,84.7,86.0,74.9,27,81.7,3,3.2,0,4.2,MEDIUM,2.4,6.8
PRJ-2243,Water Supply,Andhra Pradesh,1458.58,23,24.7,17.0,7.7,18.2,1.071,72.0,84.0,85.9,70.0,18,67.8,2,3.5,1,4.4,MEDIUM,2.1,7.5
PRJ-2244,Irrigation,Gujarat,534.04,14,45.0,28.2,16.8,31.8,1.128,67.0,57.6,63.4,64.0,80,65.0,3,4.6,2,5.8,HIGH,5.3,12.2
PRJ-2245,Railway,Maharashtra,2086.91,33,87.5,56.2,31.3,77.7,1.383,46.3,42.9,46.6,39.6,168,63.7,8,7.6,5,8.0,CRITICAL,11.4,33.8
PRJ-2246,Airport,Delhi NCR,6207.21,48,52.9,39.2,13.7,47.8,1.219,65.4,62.3,55.1,61.5,54,78.1,4,3.3,3,5.7,HIGH,5.1,14.4
PRJ-2247,Irrigation,Madhya Pradesh,1791.99,26,68.7,60.5,8.2,66.2,1.094,72.8,76.1,74.2,73.8,35,87.6,3,2.3,0,3.4,MEDIUM,1.9,6.5
PRJ-2248,Railway,Karnataka,3740.29,25,68.2,63.4,4.8,68.5,1.08,74.9,71.7,80.1,79.9,31,91.3,0,2.1,0,2.9,MEDIUM,1.9,6.1
PRJ-2249,Railway,Bihar,2983.1,48,33.4,33.4,0.0,33.6,1.006,89.0,94.3,92.3,90.4,0,100.0,1,0.3,0,1.3,LOW,0.2,2.6
PRJ-2250,Water Supply,Delhi NCR,1957.82,35,77.6,71.6,6.0,74.9,1.046,72.3,82.2,75.3,74.4,38,90.7,1,2.9,0,3.6,MEDIUM,1.5,8.6
PRJ-2251,Urban Development,Himachal Pradesh,374.83,19,66.6,63.7,2.9,67.2,1.055,91.4,96.9,96.4,93.4,3,97.9,1,1.9,0,0.8,LOW,0.4,1.9
PRJ-2252,Urban Development,Odisha,384.79,24,74.9,43.8,31.1,56.0,1.279,45.3,47.7,40.5,32.7,193,57.5,2,9.0,5,7.9,CRITICAL,11.4,28.9
PRJ-2253,Railway,Maharashtra,5486.33,80,88.4,72.0,16.4,85.5,1.188,65.5,56.2,67.3,64.2,102,81.8,4,5.5,2,5.9,HIGH,5.9,16.9
PRJ-2254,Railway,Kerala,5363.42,78,86.1,68.9,17.2,80.4,1.167,68.2,54.1,64.0,58.1,104,77.6,4,8.0,1,6.8,HIGH,7.0,11.5
PRJ-2255,Urban Development,Tamil Nadu,1546.35,29,24.5,12.9,11.6,14.7,1.14,66.3,68.6,59.5,59.6,109,46.5,4,5.1,3,5.1,HIGH,5.4,15.7
PRJ-2256,Irrigation,Assam,886.49,28,30.0,4.0,26.0,5.2,1.3,53.1,38.0,50.7,48.0,155,15.0,4,9.2,2,7.2,CRITICAL,15.5,26.3
PRJ-2257,Highway,Telangana,1234.31,43,21.0,14.4,6.6,15.0,1.042,76.9,74.4,82.0,73.0,34,63.5,0,4.0,0,4.0,MEDIUM,1.7,6.4
PRJ-2258,Water Supply,Assam,199.86,30,47.3,34.6,12.7,40.3,1.165,63.5,60.8,66.2,65.5,68,75.1,2,6.0,2,6.0,HIGH,5.2,12.4
PRJ-2259,Railway,Himachal Pradesh,4049.12,44,27.9,24.0,3.9,26.2,1.092,80.6,73.4,85.1,81.7,24,88.5,3,5.1,0,4.0,MEDIUM,1.7,3.8
PRJ-2260,Bridge,Uttarakhand,1155.9,29,45.0,22.0,23.0,27.6,1.255,37.1,36.2,46.8,34.8,172,50.2,4,7.5,2,9.2,CRITICAL,9.6,30.6
PRJ-2261,Metro,Assam,2530.56,24,85.8,74.2,11.6,82.4,1.111,60.8,63.3,63.0,63.1,80,93.0,1,7.7,1,5.8,HIGH,7.2,11.6
PRJ-2262,Metro,Karnataka,5150.77,55,53.9,38.0,15.9,41.7,1.097,58.8,63.2,63.2,60.5,98,68.7,3,4.3,2,5.5,HIGH,6.8,15.1
PRJ-2263,Airport,Telangana,2729.11,24,71.5,62.8,8.7,70.1,1.116,84.5,81.3,74.5,76.3,36,89.1,2,4.2,1,4.5,MEDIUM,2.2,6.1
PRJ-2264,Airport,Jammu & Kashmir,4778.49,28,49.9,34.3,15.6,40.4,1.178,59.4,63.0,57.3,62.7,76,63.0,0,7.2,3,5.9,HIGH,5.4,14.0
PRJ-2265,Metro,Tamil Nadu,7802.26,37,39.6,38.1,1.5,40.3,1.058,80.6,76.7,81.1,70.9,36,93.8,4,3.1,1,3.5,MEDIUM,2.7,6.6
PRJ-2266,Metro,Odisha,1288.43,76,87.0,86.6,0.4,88.8,1.025,95.2,90.4,90.2,94.2,0,100.0,0,0.6,0,1.4,LOW,0.4,0.4
PRJ-2267,Airport,Odisha,2826.78,44,81.8,61.4,20.4,77.7,1.265,67.4,62.6,62.9,56.2,107,80.1,7,5.5,3,5.1,HIGH,6.7,13.5
PRJ-2268,Airport,Jammu & Kashmir,4301.6,47,89.3,89.3,0.0,94.6,1.059,95.7,94.7,91.0,86.6,1,98.4,0,3.4,0,2.1,LOW,0.0,2.3
PRJ-2269,Railway,Kerala,13982.45,77,33.7,33.7,0.0,32.6,0.967,90.3,87.8,97.1,91.9,0,100.0,0,2.4,0,1.8,LOW,0.5,2.5
PRJ-2270,Airport,Rajasthan,3413.9,40,67.1,67.1,0.0,65.5,0.976,94.0,88.6,92.9,92.9,3,96.6,1,1.4,0,1.2,LOW,0.4,0.3
PRJ-2271,Power Infrastructure,West Bengal,3333.47,38,22.2,2.3,19.9,5.0,2.174,43.7,33.3,43.8,49.7,243,15.0,9,5.9,2,8.4,CRITICAL,12.3,27.8
PRJ-2272,Power Infrastructure,Gujarat,655.36,56,41.5,41.5,0.0,39.1,0.942,92.5,97.4,97.8,97.4,2,100.0,0,2.1,0,1.3,LOW,0.4,0.8
PRJ-2273,Metro,Telangana,5710.06,54,45.0,22.8,22.2,28.6,1.254,55.8,58.8,54.4,67.0,67,51.8,4,6.4,3,5.6,HIGH,5.6,12.2
PRJ-2274,Highway,Assam,610.35,28,84.5,83.4,1.1,87.2,1.046,97.4,97.0,95.9,97.4,1,99.7,0,3.6,0,1.2,LOW,0.6,1.5
PRJ-2275,Irrigation,Assam,597.99,34,21.4,3.4,18.0,5.0,1.471,52.6,31.9,44.2,38.4,97,16.9,5,10.0,3,8.7,CRITICAL,10.8,24.9
PRJ-2276,Irrigation,Delhi NCR,1558.12,33,28.6,25.6,3.0,27.7,1.082,78.2,70.7,79.8,71.7,29,88.2,3,3.9,0,4.3,MEDIUM,3.0,4.9
PRJ-2277,Irrigation,Odisha,1519.72,23,29.1,18.2,10.9,21.3,1.17,66.0,52.0,55.0,59.1,45,58.3,4,4.7,1,5.5,HIGH,6.8,15.1
PRJ-2278,Metro,Telangana,3061.73,60,56.0,34.5,21.5,40.9,1.186,60.9,62.6,61.4,58.9,94,61.7,2,5.4,3,5.4,HIGH,5.5,15.9
PRJ-2279,Irrigation,West Bengal,255.81,22,69.5,52.6,16.9,66.0,1.255,62.4,52.5,61.7,68.0,96,73.8,5,6.2,1,5.1,HIGH,5.8,8.1
PRJ-2280,Power Infrastructure,Andhra Pradesh,1960.96,34,29.0,27.6,1.4,26.9,0.975,95.4,94.4,95.4,88.4,6,96.4,0,0.8,0,2.0,LOW,0.1,1.3
PRJ-2281,Metro,Assam,7085.21,34,20.7,2.0,18.7,5.0,2.5,61.1,56.4,59.8,56.7,80,15.0,3,6.8,3,6.5,HIGH,7.2,14.0
PRJ-2282,Irrigation,Telangana,813.91,25,38.6,36.3,2.3,36.1,0.994,85.2,79.9,82.0,78.7,19,98.2,0,4.5,1,3.7,MEDIUM,1.8,8.6
PRJ-2283,Power Infrastructure,Rajasthan,1279.95,40,44.1,43.3,0.8,42.6,0.984,88.5,87.7,89.4,86.0,5,100.0,0,0.4,0,1.5,LOW,0.3,2.2
PRJ-2284,Irrigation,Assam,374.78,42,24.2,2.0,22.2,5.0,2.5,40.4,42.6,36.2,48.3,170,15.0,2,10.0,4,8.3,CRITICAL,12.2,33.4
PRJ-2285,Airport,Assam,3416.81,61,67.1,59.5,7.6,65.7,1.104,76.5,81.8,72.8,74.8,33,83.2,3,5.1,0,4.8,MEDIUM,2.4,5.6
PRJ-2286,Irrigation,Gujarat,849.8,26,61.2,42.0,19.2,51.6,1.229,55.1,57.7,64.6,66.4,69,65.3,4,6.6,3,5.9,HIGH,7.4,20.5
PRJ-2287,Bridge,Himachal Pradesh,943.28,35,25.1,11.0,14.1,12.7,1.155,61.8,59.4,62.8,57.4,64,41.0,1,7.5,2,5.9,HIGH,7.4,11.8
PRJ-2288,Metro,Himachal Pradesh,1618.32,67,53.7,39.0,14.7,45.1,1.156,60.4,54.6,64.1,55.6,89,66.2,1,7.3,2,5.0,HIGH,6.6,12.1
PRJ-2289,Highway,Delhi NCR,884.83,55,23.8,23.2,0.6,23.0,0.991,97.5,93.9,93.1,95.2,0,96.4,1,2.1,0,1.0,LOW,0.0,0.2
PRJ-2290,Bridge,Delhi NCR,733.09,36,54.6,39.4,15.2,45.0,1.142,60.8,60.1,67.6,61.8,105,72.1,2,7.0,2,5.4,HIGH,3.0,12.3
PRJ-2291,Airport,Tamil Nadu,7868.02,44,68.5,68.5,0.0,70.6,1.031,88.4,94.4,93.7,96.5,3,100.0,1,0.6,0,1.4,LOW,0.3,1.8
PRJ-2292,Water Supply,Jammu & Kashmir,1611.23,30,47.2,46.9,0.3,47.3,1.009,97.4,97.6,95.2,91.4,0,91.6,1,2.5,0,0.5,LOW,0.0,0.6
PRJ-2293,Metro,Telangana,2443.64,25,87.7,81.9,5.8,89.4,1.092,75.9,80.9,72.2,71.8,36,93.7,3,4.3,1,4.0,MEDIUM,2.0,5.2
PRJ-2294,Bridge,Madhya Pradesh,4188.41,38,41.6,41.1,0.5,41.7,1.015,98.6,87.1,97.8,90.0,0,97.1,2,1.0,0,0.7,LOW,0.1,0.3
PRJ-2295,Metro,Odisha,8000.89,44,64.1,62.8,1.3,64.6,1.029,93.7,92.6,95.6,94.7,0,99.1,0,1.8,0,1.1,LOW,0.0,2.1
PRJ-2296,Water Supply,Tamil Nadu,871.76,25,61.4,60.8,0.6,59.7,0.982,96.8,89.6,98.5,90.5,0,100.0,0,2.3,0,1.8,LOW,0.0,1.5
PRJ-2297,Power Infrastructure,Jammu & Kashmir,1402.87,31,42.5,12.0,30.5,15.0,1.25,44.3,50.8,42.8,37.7,141,29.7,3,8.8,4,7.3,CRITICAL,11.3,28.3
PRJ-2298,Water Supply,Himachal Pradesh,238.33,29,23.9,21.2,2.7,23.6,1.113,84.9,78.2,72.9,78.8,47,88.9,3,3.8,1,4.4,MEDIUM,1.9,6.7
PRJ-2299,Urban Development,Odisha,2191.37,42,85.8,70.5,15.3,85.9,1.218,66.5,56.4,63.3,64.4,82,82.3,5,6.4,1,6.0,HIGH,5.5,11.7
PRJ-2300,Urban Development,Uttar Pradesh,2227.28,20,71.0,64.7,6.3,70.9,1.096,81.2,81.4,74.9,80.2,33,93.0,3,2.0,0,4.5,MEDIUM,1.6,4.6
PRJ-2301,Irrigation,Himachal Pradesh,1103.61,21,53.7,53.4,0.3,53.9,1.009,95.4,96.6,96.2,91.4,3,100.0,2,3.2,0,0.8,LOW,0.0,2.8
PRJ-2302,Railway,Gujarat,8464.13,41,67.9,47.8,20.1,56.8,1.188,67.0,55.2,55.8,64.9,79,72.9,5,3.3,2,6.0,HIGH,5.2,14.1
PRJ-2303,Bridge,Kerala,1302.88,35,31.6,19.6,12.0,24.3,1.24,59.3,68.2,58.7,63.0,73,63.4,11,6.4,2,5.4,HIGH,7.1,12.1
PRJ-2304,Metro,Uttar Pradesh,2856.84,55,37.1,33.6,3.5,34.2,1.018,75.9,73.6,72.3,79.5,46,85.7,1,2.5,1,3.5,MEDIUM,2.3,6.3
PRJ-2305,Water Supply,Andhra Pradesh,847.19,25,85.0,80.8,4.2,85.1,1.053,82.7,83.3,77.0,75.6,30,93.5,3,2.0,0,2.7,MEDIUM,3.3,5.3
PRJ-2306,Water Supply,Gujarat,375.15,25,90.9,89.9,1.0,93.9,1.044,94.8,89.3,89.3,85.2,0,100.0,0,1.8,0,1.3,LOW,0.0,0.8
PRJ-2307,Highway,Gujarat,3320.02,42,59.2,54.8,4.4,58.2,1.062,73.4,81.6,75.6,81.0,25,93.2,4,2.3,1,4.7,MEDIUM,3.7,8.0
PRJ-2308,Airport,Rajasthan,8861.82,49,64.4,51.5,12.9,58.8,1.142,66.8,60.9,55.7,61.4,77,77.6,1,3.6,3,6.6,HIGH,5.7,15.5
PRJ-2309,Urban Development,Uttarakhand,2360.14,34,83.7,57.8,25.9,73.1,1.265,50.9,42.7,51.9,40.8,139,66.5,3,10.0,4,9.3,CRITICAL,6.5,32.2
PRJ-2310,Urban Development,Rajasthan,756.94,19,56.0,56.0,0.0,60.4,1.079,95.3,90.0,96.3,97.1,0,99.5,2,0.8,0,1.8,LOW,0.2,1.6
PRJ-2311,Power Infrastructure,Kerala,2503.45,31,53.2,22.0,31.2,29.1,1.323,41.8,41.3,54.9,46.2,138,36.9,6,9.1,4,8.9,CRITICAL,16.2,33.5
PRJ-2312,Water Supply,Delhi NCR,594.14,33,69.5,50.7,18.8,60.4,1.191,69.3,68.1,65.5,61.1,59,77.4,1,4.5,3,6.5,HIGH,3.6,14.8
PRJ-2313,Urban Development,Karnataka,211.13,33,34.8,25.6,9.2,30.4,1.187,55.4,66.7,59.3,56.9,69,75.0,6,3.6,1,6.4,HIGH,6.0,15.1
PRJ-2314,Irrigation,Maharashtra,1256.59,28,78.8,77.8,1.0,76.1,0.978,96.8,93.3,88.8,92.5,0,94.6,0,1.8,0,1.9,LOW,0.2,2.2
PRJ-2315,Power Infrastructure,Gujarat,1932.7,29,43.9,42.2,1.7,46.2,1.095,82.6,76.6,79.6,82.9,40,96.6,3,1.9,1,4.8,MEDIUM,2.6,6.7
PRJ-2316,Airport,Odisha,1791.8,57,28.3,26.8,1.5,27.5,1.026,94.8,92.3,99.7,91.2,0,96.7,1,0.9,0,1.5,LOW,0.0,0.6
PRJ-2317,Railway,Gujarat,3842.34,62,85.5,79.7,5.8,90.3,1.133,83.2,77.2,80.2,71.2,31,96.6,6,3.3,1,4.6,MEDIUM,2.6,9.0
PRJ-2318,Metro,Kerala,6105.77,39,25.3,19.0,6.3,20.7,1.089,76.1,73.9,84.6,71.7,22,72.0,3,3.3,0,3.1,MEDIUM,1.4,5.4
PRJ-2319,Airport,Andhra Pradesh,2057.24,26,44.9,24.5,20.4,29.6,1.208,64.0,66.5,57.9,64.4,70,54.0,2,3.2,3,5.9,HIGH,7.1,11.7
PRJ-2320,Power Infrastructure,West Bengal,4383.53,30,66.5,56.4,10.1,67.8,1.202,66.5,67.2,66.4,62.3,64,84.7,4,6.6,1,5.1,HIGH,5.5,11.6
PRJ-2321,Urban Development,Jammu & Kashmir,1049.9,35,21.0,21.0,0.0,20.9,0.995,88.2,88.8,91.9,93.0,0,100.0,0,1.3,0,1.6,LOW,0.2,0.4
PRJ-2322,Irrigation,Jammu & Kashmir,709.96,53,57.4,57.4,0.0,55.3,0.963,98.8,92.9,98.1,97.6,6,100.0,0,1.3,0,1.7,LOW,0.6,0.5
PRJ-2323,Railway,Delhi NCR,10699.39,34,42.7,42.7,0.0,43.0,1.007,94.6,86.4,94.5,85.2,0,100.0,0,1.3,0,1.1,LOW,0.0,1.0
PRJ-2324,Power Infrastructure,Andhra Pradesh,1007.93,33,47.1,34.8,12.3,40.6,1.167,63.5,67.6,62.9,57.5,70,70.7,2,3.2,2,5.4,HIGH,4.4,12.8
PRJ-2325,Railway,Telangana,6866.09,50,22.6,10.1,12.5,11.2,1.109,59.9,59.9,68.8,58.6,78,47.2,2,5.8,1,6.7,HIGH,6.8,18.1
PRJ-2326,Highway,Gujarat,3509.84,25,21.0,2.0,19.0,5.0,2.5,58.7,65.5,62.5,68.6,61,15.3,2,3.9,2,5.8,HIGH,7.0,15.7
PRJ-2327,Highway,Andhra Pradesh,1633.41,42,32.9,21.4,11.5,25.9,1.21,61.0,53.8,57.2,57.2,79,60.0,8,6.1,2,5.4,HIGH,6.4,13.1
PRJ-2328,Railway,Bihar,7942.96,44,89.9,60.0,29.9,76.4,1.273,52.5,50.8,52.5,46.2,101,62.6,1,8.9,4,8.6,CRITICAL,12.9,23.9
PRJ-2329,Bridge,Uttarakhand,547.65,39,77.9,55.9,22.0,69.5,1.243,51.9,34.8,37.1,47.8,149,74.0,6,9.6,4,9.2,CRITICAL,10.7,23.6
PRJ-2330,Metro,Himachal Pradesh,3571.79,78,86.8,55.8,31.0,73.4,1.315,49.4,45.8,42.1,50.3,118,64.4,4,10.0,5,7.9,CRITICAL,11.5,22.0
PRJ-2331,Metro,Andhra Pradesh,6066.23,43,47.7,33.5,14.2,41.8,1.248,60.1,57.5,56.1,62.6,88,67.2,6,4.9,3,7.1,HIGH,5.5,10.3
PRJ-2332,Urban Development,Odisha,2481.74,22,87.8,53.0,34.8,69.8,1.317,43.4,48.3,49.7,37.2,145,64.9,6,8.8,5,7.8,CRITICAL,6.8,27.8
PRJ-2333,Power Infrastructure,Rajasthan,5720.78,35,70.9,67.7,3.2,75.3,1.112,77.0,74.6,77.6,76.9,39,95.4,0,3.3,0,3.1,MEDIUM,1.8,7.8
PRJ-2334,Water Supply,Bihar,1075.89,33,47.9,39.1,8.8,42.4,1.084,81.1,75.1,76.3,83.7,27,81.6,0,4.4,0,3.7,MEDIUM,1.4,3.9
PRJ-2335,Metro,Odisha,3248.45,39,51.1,50.0,1.1,50.2,1.004,94.5,95.7,97.1,85.4,2,97.3,1,1.8,0,1.4,LOW,0.5,2.5
PRJ-2336,Water Supply,Maharashtra,1568.11,27,76.7,61.9,14.8,72.9,1.178,59.3,65.9,67.0,58.3,98,79.0,3,5.0,3,5.2,HIGH,6.7,16.5
PRJ-2337,Bridge,Delhi NCR,1716.86,23,80.8,66.4,14.4,77.1,1.161,63.3,68.5,66.6,58.7,109,84.3,5,4.5,2,6.8,HIGH,5.0,16.0
PRJ-2338,Water Supply,Assam,1047.18,33,45.1,43.6,1.5,43.3,0.993,80.2,82.2,83.7,73.6,23,100.0,0,3.1,1,2.7,MEDIUM,1.6,5.9
PRJ-2339,Highway,West Bengal,688.16,41,30.0,14.0,16.0,17.4,1.243,58.9,57.3,63.2,58.5,65,48.0,4,3.1,2,6.4,HIGH,5.8,15.7
PRJ-2340,Bridge,Madhya Pradesh,3831.81,42,49.7,27.7,22.0,34.2,1.235,68.4,68.8,55.9,65.1,85,61.6,4,4.5,1,7.2,HIGH,6.0,13.0
PRJ-2341,Railway,Gujarat,3822.76,38,48.3,47.4,0.9,48.7,1.027,94.3,88.9,93.1,94.9,2,93.6,1,2.0,0,1.6,LOW,0.1,2.4
PRJ-2342,Urban Development,Bihar,1262.32,27,42.1,19.9,22.2,23.8,1.196,58.2,65.9,62.4,63.4,80,43.5,3,3.9,2,5.2,HIGH,8.1,14.8
PRJ-2343,Irrigation,Andhra Pradesh,167.73,20,65.8,65.8,0.0,65.7,0.998,95.6,87.3,90.3,87.6,5,100.0,1,1.4,0,1.8,LOW,0.4,2.3
PRJ-2344,Bridge,Delhi NCR,10146.67,46,27.4,21.3,6.1,23.7,1.113,73.7,75.7,83.0,82.5,44,75.5,5,3.9,1,4.6,MEDIUM,2.3,4.5
PRJ-2345,Railway,Madhya Pradesh,2665.32,58,71.5,35.9,35.6,47.8,1.331,40.0,51.9,38.1,35.2,134,46.4,5,8.2,3,7.8,CRITICAL,13.3,24.5
PRJ-2346,Power Infrastructure,Uttarakhand,2575.87,45,38.5,37.7,0.8,39.7,1.053,96.0,91.3,89.7,86.7,0,98.4,0,2.9,0,1.5,LOW,0.2,0.0
PRJ-2347,Irrigation,Assam,675.62,24,23.1,20.8,2.3,20.7,0.995,91.9,87.1,93.4,89.6,2,85.6,0,3.6,0,1.8,LOW,0.4,0.5
PRJ-2348,Water Supply,Gujarat,285.8,22,62.8,58.9,3.9,61.2,1.039,76.0,73.2,72.9,81.6,47,98.2,1,3.7,1,4.0,MEDIUM,2.6,7.0
PRJ-2349,Irrigation,Kerala,262.89,29,48.0,47.7,0.3,48.2,1.01,98.0,96.2,90.5,96.8,6,100.0,0,2.8,0,2.0,LOW,0.5,1.3
PRJ-2350,Power Infrastructure,Bihar,1144.95,32,91.4,85.1,6.3,93.9,1.103,79.4,81.5,83.3,80.0,32,93.3,4,3.5,0,3.6,MEDIUM,2.1,5.0
PRJ-2351,Airport,Tamil Nadu,3764.36,54,35.5,33.8,1.7,36.3,1.074,85.9,76.3,84.2,73.6,33,94.1,4,3.4,0,4.1,MEDIUM,2.4,5.5
PRJ-2352,Metro,Andhra Pradesh,1959.86,30,75.8,75.8,0.0,76.1,1.004,89.7,94.8,96.7,90.8,0,99.5,1,1.0,0,1.7,LOW,0.1,0.4
PRJ-2353,Railway,Rajasthan,9391.88,50,86.9,81.5,5.4,93.4,1.146,78.1,77.7,86.0,81.0,22,89.7,0,2.6,1,4.0,MEDIUM,2.3,4.0
PRJ-2354,Airport,Gujarat,1319.68,33,66.5,61.0,5.5,65.9,1.08,74.5,71.1,80.8,73.9,36,92.2,3,3.2,1,4.6,MEDIUM,3.4,4.6
PRJ-2355,Metro,Kerala,3153.01,24,77.1,70.6,6.5,73.8,1.045,75.2,84.5,81.9,79.7,32,88.6,1,3.1,0,4.3,MEDIUM,2.3,7.9
PRJ-2356,Metro,Uttarakhand,2229.39,30,54.1,19.2,34.9,26.3,1.37,46.6,45.9,37.9,36.1,175,42.2,6,9.4,5,7.4,CRITICAL,11.1,34.1
PRJ-2357,Water Supply,Odisha,877.95,29,33.0,12.0,21.0,15.2,1.267,41.9,39.6,43.4,53.3,113,39.6,6,6.3,2,7.2,CRITICAL,8.4,30.1
PRJ-2358,Metro,Assam,2112.58,41,58.2,56.7,1.5,56.1,0.989,81.5,81.6,78.0,81.2,43,97.6,1,5.8,1,4.4,MEDIUM,3.3,7.9
PRJ-2359,Water Supply,Bihar,443.18,26,89.2,88.2,1.0,88.6,1.005,95.7,96.1,92.8,98.0,0,99.6,0,2.3,0,1.7,LOW,0.2,0.6
PRJ-2360,Power Infrastructure,Himachal Pradesh,504.52,33,54.7,37.0,17.7,45.6,1.232,55.3,52.9,54.3,61.6,99,68.6,4,7.2,2,6.3,HIGH,6.9,12.0
PRJ-2361,Metro,Himachal Pradesh,4360.65,63,87.5,74.5,13.0,85.7,1.15,62.1,57.8,65.3,58.4,90,87.0,4,7.7,1,6.8,HIGH,6.5,15.0
PRJ-2362,Metro,Jammu & Kashmir,16480.08,60,88.4,84.1,4.3,89.1,1.059,75.7,76.2,74.8,81.8,44,98.4,1,4.3,0,4.2,MEDIUM,1.6,8.2
PRJ-2363,Airport,Karnataka,6239.01,35,31.0,25.8,5.2,26.7,1.035,76.7,75.8,74.3,84.0,30,83.0,1,2.2,0,3.3,MEDIUM,2.2,4.2
PRJ-2364,Metro,Andhra Pradesh,1223.67,64,90.7,76.5,14.2,89.4,1.169,66.5,54.9,55.8,64.2,102,82.8,2,3.6,1,6.0,HIGH,5.3,14.9
PRJ-2365,Power Infrastructure,Uttar Pradesh,1043.39,41,35.3,15.3,20.0,19.0,1.242,39.4,36.4,43.5,41.0,191,47.7,7,6.6,5,7.6,CRITICAL,13.0,25.8
PRJ-2366,Irrigation,Maharashtra,814.74,37,82.2,80.7,1.5,77.4,0.959,88.1,87.8,88.9,94.7,0,99.6,0,0.4,0,1.1,LOW,0.1,0.0
PRJ-2367,Power Infrastructure,Karnataka,1672.58,20,88.1,73.8,14.3,80.6,1.092,66.9,53.3,55.1,64.0,81,82.7,2,3.6,2,6.1,HIGH,4.2,13.8
PRJ-2368,Bridge,Assam,501.74,46,55.3,24.5,30.8,33.2,1.355,40.1,43.9,53.5,37.6,196,45.4,9,7.0,2,8.7,CRITICAL,11.9,26.3
PRJ-2369,Urban Development,Uttarakhand,453.33,22,89.4,82.1,7.3,88.4,1.077,73.6,73.9,79.7,79.3,30,89.4,0,5.5,0,2.6,MEDIUM,2.2,7.8
PRJ-2370,Power Infrastructure,Odisha,7396.0,37,45.9,41.6,4.3,44.7,1.075,73.5,82.5,83.4,74.3,31,94.6,2,4.0,1,4.1,MEDIUM,3.2,6.5
PRJ-2371,Power Infrastructure,Odisha,643.06,30,46.8,44.9,1.9,44.5,0.991,78.3,82.3,72.7,77.1,44,94.0,0,1.8,1,3.1,MEDIUM,2.5,4.7
PRJ-2372,Power Infrastructure,Jammu & Kashmir,1113.89,44,46.2,23.9,22.3,31.2,1.305,50.5,49.3,35.2,39.0,223,55.1,8,9.0,5,7.5,CRITICAL,10.5,26.4
PRJ-2373,Metro,Tamil Nadu,9322.91,66,60.0,59.9,0.1,58.0,0.968,93.3,90.1,95.2,96.8,0,98.2,0,1.8,0,1.9,LOW,0.4,1.6
PRJ-2374,Highway,Rajasthan,5808.69,35,72.0,59.8,12.2,69.6,1.164,57.3,60.8,58.0,63.3,94,78.6,3,7.0,2,6.1,HIGH,6.1,15.7
PRJ-2375,Airport,Uttar Pradesh,2859.89,63,90.6,86.2,4.4,94.9,1.101,79.3,75.6,84.8,78.1,23,94.9,1,3.2,0,4.4,MEDIUM,2.8,8.8
PRJ-2376,Airport,Rajasthan,4909.0,39,79.5,77.8,1.7,75.1,0.965,91.4,88.1,92.1,92.5,2,98.8,0,1.4,0,2.1,LOW,0.0,0.9
PRJ-2377,Urban Development,Telangana,4456.07,34,43.6,35.6,8.0,40.1,1.126,57.9,67.3,56.4,67.1,85,81.6,4,3.4,3,5.1,HIGH,6.0,11.9
PRJ-2378,Metro,Delhi NCR,4273.92,42,33.8,2.0,31.8,5.0,2.5,51.5,32.0,39.7,34.0,199,15.0,7,5.4,3,9.0,CRITICAL,12.1,28.5
PRJ-2379,Power Infrastructure,Himachal Pradesh,6471.31,38,26.2,10.1,16.1,12.3,1.218,66.4,57.2,55.5,62.8,90,38.3,6,5.1,1,5.1,HIGH,5.2,12.8
PRJ-2380,Urban Development,Gujarat,913.68,31,26.3,4.4,21.9,5.7,1.295,41.4,41.7,51.0,45.4,149,18.7,6,8.6,3,7.4,CRITICAL,12.8,25.8
PRJ-2381,Railway,Madhya Pradesh,1954.7,71,66.6,66.6,0.0,64.1,0.962,89.3,92.8,96.7,96.4,1,97.6,0,1.7,0,0.5,LOW,0.1,1.5
PRJ-2382,Urban Development,Kerala,758.66,30,88.7,79.6,9.1,92.0,1.156,74.0,82.9,79.5,83.9,25,91.6,4,2.6,0,4.6,MEDIUM,1.3,6.1
PRJ-2383,Urban Development,Uttar Pradesh,394.34,24,73.9,42.5,31.4,53.1,1.249,42.9,44.8,43.1,44.4,141,57.4,3,7.5,4,9.5,CRITICAL,9.0,29.7
PRJ-2384,Power Infrastructure,Himachal Pradesh,3134.31,32,38.2,37.4,0.8,36.8,0.984,91.4,87.2,89.4,90.5,2,96.9,1,2.1,0,1.8,LOW,0.0,2.1
PRJ-2385,Bridge,Odisha,3792.77,26,75.1,48.6,26.5,62.9,1.294,44.2,50.4,38.4,36.2,114,72.9,6,8.8,5,9.0,CRITICAL,14.1,27.0
PRJ-2386,Railway,Rajasthan,3709.58,36,38.6,35.0,3.6,35.4,1.011,74.3,80.0,81.2,75.2,36,91.5,1,3.4,0,3.9,MEDIUM,3.4,6.2
PRJ-2387,Airport,Uttar Pradesh,4954.46,50,89.0,86.9,2.1,88.9,1.023,85.8,72.4,82.8,70.7,37,97.1,1,3.1,0,3.9,MEDIUM,2.0,4.1
PRJ-2388,Power Infrastructure,Madhya Pradesh,1104.55,30,27.4,25.4,2.0,27.3,1.075,80.8,74.7,77.5,82.9,39,93.0,5,3.0,0,4.7,MEDIUM,3.2,5.2
PRJ-2389,Irrigation,Tamil Nadu,741.19,22,57.2,38.2,19.0,47.8,1.251,59.4,63.1,64.5,57.4,79,63.5,6,5.0,1,5.7,HIGH,5.6,13.2
PRJ-2390,Power Infrastructure,Gujarat,1047.74,33,54.1,54.1,0.0,52.9,0.978,91.7,91.1,91.1,92.6,5,100.0,0,1.4,0,0.7,LOW,0.2,0.9
PRJ-2391,Bridge,West Bengal,6668.3,40,34.6,32.1,2.5,35.1,1.093,73.1,76.8,78.9,77.8,47,87.9,1,2.5,0,2.9,MEDIUM,2.9,5.9
PRJ-2392,Irrigation,Odisha,1171.02,24,33.6,5.6,28.0,7.2,1.286,41.6,34.1,53.8,52.6,90,15.0,5,7.1,3,7.5,CRITICAL,11.0,26.8
PRJ-2393,Metro,Karnataka,4914.26,41,57.8,51.7,6.1,55.6,1.075,72.9,83.3,79.7,79.3,19,91.4,3,4.1,1,4.2,MEDIUM,2.2,3.6
PRJ-2394,Bridge,West Bengal,1922.37,44,59.0,55.6,3.4,57.6,1.036,83.4,74.7,78.7,76.2,22,96.4,2,3.0,1,2.6,MEDIUM,1.9,7.7
PRJ-2395,Highway,Kerala,10416.69,37,20.7,15.1,5.6,16.7,1.106,85.7,82.6,78.7,82.4,42,73.2,1,5.4,0,4.0,MEDIUM,1.8,9.1
PRJ-2396,Urban Development,Madhya Pradesh,625.91,37,60.2,54.7,5.5,58.1,1.062,73.7,73.7,72.4,80.7,29,89.4,1,1.5,0,2.7,MEDIUM,2.2,5.9
PRJ-2397,Urban Development,Bihar,1003.24,36,59.1,54.9,4.2,59.0,1.075,73.4,74.0,84.3,79.8,39,91.0,1,3.0,1,3.5,MEDIUM,1.6,5.0
PRJ-2398,Irrigation,Telangana,1467.86,25,68.7,66.6,2.1,64.5,0.968,92.5,95.2,98.9,96.7,0,93.8,0,2.1,0,1.7,LOW,0.4,1.4
PRJ-2399,Airport,Madhya Pradesh,1963.68,76,32.3,32.3,0.0,32.2,0.997,97.0,86.5,92.2,91.7,2,100.0,0,1.7,0,0.9,LOW,0.0,1.9
PRJ-2400,Urban Development,Gujarat,859.79,26,80.9,80.4,0.5,83.0,1.032,92.2,91.4,92.2,94.1,2,100.0,1,1.6,0,1.2,LOW,0.3,3.0
PRJ-2401,Metro,Odisha,1661.88,30,61.5,61.5,0.0,60.5,0.984,88.4,86.8,89.4,91.8,0,100.0,1,0.6,0,1.0,LOW,0.3,1.1
PRJ-2402,Highway,Madhya Pradesh,1221.32,20,78.9,76.0,2.9,83.4,1.097,78.0,77.0,84.9,75.8,20,92.9,0,2.2,1,3.0,MEDIUM,2.9,8.9
PRJ-2403,Metro,Karnataka,4976.63,57,49.0,46.2,2.8,48.5,1.05,94.4,86.1,93.2,96.0,0,92.6,0,1.8,0,1.2,LOW,0.2,0.0
PRJ-2404,Bridge,Karnataka,1011.14,29,26.8,10.9,15.9,12.4,1.138,65.8,53.6,64.7,66.1,97,38.7,1,6.7,1,5.2,HIGH,3.9,14.5
PRJ-2405,Irrigation,Rajasthan,981.48,32,32.0,12.6,19.4,15.3,1.214,62.4,67.7,59.8,60.5,55,37.6,2,5.4,1,6.3,HIGH,5.4,14.9
PRJ-2406,Water Supply,Jammu & Kashmir,169.24,22,89.5,59.6,29.9,82.8,1.389,53.3,51.8,44.2,50.5,161,65.2,5,10.0,3,9.3,CRITICAL,8.1,27.5
PRJ-2407,Metro,Madhya Pradesh,2284.36,25,68.4,58.5,9.9,64.0,1.094,58.2,53.8,57.3,57.9,84,87.4,3,5.4,2,5.4,HIGH,6.5,17.5
PRJ-2408,Water Supply,Assam,159.4,40,78.9,63.2,15.7,76.3,1.207,60.6,62.9,61.9,57.0,78,78.0,2,4.6,3,6.5,HIGH,4.0,12.1
PRJ-2409,Power Infrastructure,Tamil Nadu,862.55,35,25.0,22.3,2.7,23.7,1.063,93.6,98.5,91.7,85.7,1,83.8,1,1.9,0,1.5,LOW,0.4,1.4
PRJ-2410,Railway,Assam,5581.26,59,64.6,61.2,3.4,64.6,1.056,84.7,72.7,76.7,81.9,18,93.5,2,4.8,1,3.3,MEDIUM,1.8,7.9
PRJ-2411,Urban Development,Madhya Pradesh,316.26,38,63.6,44.8,18.8,59.4,1.326,46.4,49.1,52.4,50.6,170,64.4,10,7.5,4,7.2,CRITICAL,12.0,26.9
PRJ-2412,Irrigation,Delhi NCR,2395.67,22,67.8,62.9,4.9,65.8,1.046,80.2,75.2,83.8,80.0,24,87.9,0,3.5,1,3.0,MEDIUM,2.6,7.8
PRJ-2413,Power Infrastructure,Andhra Pradesh,8306.1,42,40.6,35.2,5.4,38.5,1.094,79.1,73.4,82.5,77.2,37,84.2,3,1.6,1,4.4,MEDIUM,2.6,7.1
PRJ-2414,Highway,Tamil Nadu,3541.77,44,65.6,57.4,8.2,62.8,1.094,83.4,79.8,84.7,73.6,32,88.4,1,2.6,0,4.1,MEDIUM,3.0,6.1
PRJ-2415,Power Infrastructure,Kerala,698.98,49,58.4,29.4,29.0,40.8,1.388,40.1,37.7,54.8,46.4,168,48.6,9,9.0,5,7.7,CRITICAL,12.0,23.9
PRJ-2416,Railway,Himachal Pradesh,7177.94,29,32.1,32.1,0.0,33.2,1.034,92.5,86.9,99.4,92.8,0,100.0,0,1.8,0,0.8,LOW,0.3,1.9
PRJ-2417,Water Supply,West Bengal,856.83,27,71.4,71.4,0.0,69.9,0.979,88.7,97.1,98.7,86.5,10,95.9,0,1.0,0,2.2,LOW,0.3,1.9
PRJ-2418,Water Supply,West Bengal,1099.97,29,59.7,58.2,1.5,59.1,1.015,97.4,90.0,93.2,88.4,0,97.0,1,0.7,0,2.0,LOW,0.3,3.5
PRJ-2419,Power Infrastructure,Madhya Pradesh,2406.86,38,35.2,31.9,3.3,31.5,0.987,78.4,81.5,73.3,82.7,41,92.3,1,1.7,0,4.0,MEDIUM,1.6,6.9
PRJ-2420,Irrigation,Telangana,390.34,24,82.1,64.5,17.6,81.9,1.27,55.3,58.5,64.3,61.7,64,80.0,5,3.4,2,6.7,HIGH,5.8,16.2
PRJ-2421,Irrigation,Himachal Pradesh,588.87,34,27.4,21.9,5.5,23.1,1.055,85.0,76.9,77.7,83.5,27,79.0,1,5.4,0,4.2,MEDIUM,2.3,7.1
PRJ-2422,Metro,Jammu & Kashmir,1266.45,55,20.4,14.3,6.1,14.9,1.042,78.4,78.8,83.6,76.9,31,63.2,0,3.7,0,4.6,MEDIUM,2.3,6.1
PRJ-2423,Irrigation,Uttar Pradesh,1865.04,50,79.2,76.3,2.9,81.0,1.062,77.6,83.9,74.2,72.6,36,93.4,2,2.1,1,3.7,MEDIUM,2.2,7.2
PRJ-2424,Highway,Gujarat,945.38,45,85.6,82.8,2.8,81.4,0.983,91.1,98.2,99.0,95.6,4,93.0,1,0.3,0,0.9,LOW,0.3,3.4
PRJ-2425,Power Infrastructure,Maharashtra,2338.76,35,20.6,2.0,18.6,5.0,2.5,63.3,63.7,59.2,64.5,74,15.0,4,3.6,1,5.1,HIGH,5.2,11.8
PRJ-2426,Railway,Bihar,4345.64,37,68.4,60.5,7.9,65.8,1.088,75.1,79.6,73.5,82.1,30,92.4,1,3.1,0,4.8,MEDIUM,2.7,4.7
PRJ-2427,Power Infrastructure,Delhi NCR,2726.85,37,30.8,23.6,7.2,25.0,1.059,78.3,84.4,80.3,75.2,21,72.5,1,1.9,0,3.8,MEDIUM,3.6,5.6
PRJ-2428,Highway,Odisha,1563.63,50,88.5,88.5,0.0,89.2,1.008,92.3,98.1,89.5,87.7,0,99.5,0,0.8,0,1.5,LOW,0.2,3.2
PRJ-2429,Bridge,Karnataka,575.79,26,49.6,40.3,9.3,45.8,1.136,72.2,71.9,75.5,78.5,31,80.3,4,3.5,0,2.8,MEDIUM,1.5,3.5
PRJ-2430,Airport,Bihar,1520.18,48,55.4,54.8,0.6,54.8,1.0,90.8,92.2,93.0,91.5,4,100.0,0,0.9,0,1.3,LOW,0.2,1.3
PRJ-2431,Airport,Tamil Nadu,1498.19,38,56.3,56.3,0.0,55.0,0.977,92.7,91.3,99.4,85.2,3,92.8,0,0.8,0,0.7,LOW,0.4,1.0
PRJ-2432,Irrigation,Madhya Pradesh,592.07,20,80.0,56.7,23.3,69.7,1.229,49.7,34.6,39.6,38.2,139,70.3,5,5.2,2,7.7,CRITICAL,10.3,28.9
PRJ-2433,Railway,Kerala,1434.93,77,82.3,74.9,7.4,80.3,1.072,73.9,72.3,86.5,74.0,32,93.1,0,4.3,0,4.5,MEDIUM,3.0,6.9
PRJ-2434,Metro,Uttar Pradesh,2286.41,44,78.0,63.7,14.3,72.4,1.137,56.6,68.7,55.2,64.8,66,81.5,3,5.6,3,6.6,HIGH,6.2,13.8
PRJ-2435,Water Supply,Telangana,2485.96,30,83.4,74.1,9.3,84.8,1.144,57.2,59.1,60.2,62.1,90,86.1,3,4.4,1,6.2,HIGH,6.1,12.3
PRJ-2436,Bridge,Odisha,2491.55,31,35.4,35.3,0.1,34.2,0.969,95.2,87.6,94.9,96.2,1,100.0,0,1.1,0,1.0,LOW,0.4,0.0
PRJ-2437,Railway,Gujarat,2038.79,30,67.1,59.4,7.7,63.3,1.066,81.3,77.6,82.6,79.8,33,86.0,0,2.9,1,3.8,MEDIUM,1.6,7.4
PRJ-2438,Highway,West Bengal,636.06,47,62.6,52.1,10.5,60.4,1.159,82.1,74.9,74.0,73.6,42,83.3,4,2.9,1,4.7,MEDIUM,2.9,7.6
PRJ-2439,Power Infrastructure,Tamil Nadu,2701.26,35,78.9,66.0,12.9,73.0,1.106,64.3,65.7,66.0,58.2,93,86.4,0,5.5,2,6.7,HIGH,5.8,15.1
PRJ-2440,Metro,Rajasthan,9558.44,68,78.6,52.9,25.7,66.5,1.257,41.2,35.5,45.2,43.6,181,70.5,5,7.6,2,7.7,CRITICAL,9.1,24.3
PRJ-2441,Urban Development,Delhi NCR,3147.8,18,74.6,74.6,0.0,75.0,1.005,88.3,90.7,90.9,91.9,7,100.0,0,1.7,0,1.1,LOW,0.4,2.3
PRJ-2442,Highway,Maharashtra,952.45,36,76.4,76.4,0.0,80.2,1.05,97.8,93.9,97.6,90.3,3,100.0,0,2.1,0,1.6,LOW,0.1,0.7
PRJ-2443,Irrigation,Gujarat,710.74,32,27.2,22.2,5.0,23.5,1.059,85.5,77.6,83.6,77.2,39,84.8,1,3.7,0,2.6,MEDIUM,3.1,5.1
PRJ-2444,Water Supply,Karnataka,507.6,36,85.0,66.8,18.2,80.4,1.204,63.0,65.2,66.0,59.4,87,78.3,2,3.8,3,6.1,HIGH,5.6,16.4
PRJ-2445,Power Infrastructure,Tamil Nadu,3807.76,37,77.1,62.0,15.1,75.1,1.211,59.1,62.2,68.1,60.4,77,80.2,5,5.9,1,5.3,HIGH,4.0,11.7
PRJ-2446,Bridge,Assam,1145.16,28,64.3,64.1,0.2,64.5,1.006,93.9,86.5,98.1,92.3,0,99.6,1,1.4,0,0.8,LOW,0.0,1.4
PRJ-2447,Railway,Gujarat,10006.24,35,61.2,45.7,15.5,49.4,1.081,69.0,65.6,58.4,62.5,62,75.0,0,5.5,3,5.3,HIGH,6.0,14.4
PRJ-2448,Railway,Andhra Pradesh,2760.36,84,80.4,78.9,1.5,85.2,1.08,75.6,82.7,75.4,76.1,30,100.0,3,3.8,1,3.2,MEDIUM,4.3,5.2
PRJ-2449,Irrigation,Telangana,855.41,24,87.5,73.8,13.7,85.1,1.153,68.1,62.0,62.3,55.3,63,82.0,3,3.0,2,5.1,HIGH,4.6,17.7
PRJ-2450,Metro,Assam,3038.95,74,28.9,28.7,0.2,28.8,1.003,96.3,90.8,99.9,89.3,4,100.0,0,1.5,0,1.5,LOW,0.2,0.5
PRJ-2451,Metro,Karnataka,5444.9,42,46.1,31.6,14.5,37.2,1.177,68.0,55.7,54.2,58.0,103,67.9,4,5.0,3,6.9,HIGH,3.8,9.9
PRJ-2452,Railway,Uttarakhand,1591.31,53,36.6,32.6,4.0,35.1,1.077,73.9,74.3,77.6,72.6,17,87.2,1,3.6,0,3.2,MEDIUM,3.2,5.0
PRJ-2453,Highway,Bihar,839.24,27,46.4,26.6,19.8,34.0,1.278,57.2,52.9,60.4,67.1,62,58.0,8,3.2,1,6.9,HIGH,6.4,13.5
PRJ-2454,Power Infrastructure,Kerala,3040.23,25,63.7,48.6,15.1,58.3,1.2,60.9,64.0,63.3,57.0,83,78.8,6,4.8,1,6.4,HIGH,4.7,15.4
PRJ-2455,Bridge,Karnataka,1125.31,37,91.5,88.4,3.1,89.8,1.016,72.6,72.1,79.7,77.6,30,97.8,2,4.5,0,3.7,MEDIUM,2.1,7.1
PRJ-2456,Water Supply,Delhi NCR,327.85,20,39.9,31.4,8.5,36.5,1.162,74.4,81.0,76.6,78.8,44,81.7,3,3.0,0,3.0,MEDIUM,2.4,7.2
PRJ-2457,Bridge,Tamil Nadu,2476.65,40,29.2,2.0,27.2,5.0,2.5,49.3,35.4,40.2,49.8,118,15.0,5,9.4,3,7.3,CRITICAL,8.5,24.4
PRJ-2458,Railway,Karnataka,1254.78,59,51.5,26.1,25.4,34.1,1.307,38.1,35.7,49.4,32.8,168,48.7,7,9.2,3,8.7,CRITICAL,13.7,16.3
PRJ-2459,Railway,Assam,1897.71,48,39.9,22.0,17.9,27.4,1.245,62.7,61.9,66.0,63.8,63,56.0,8,5.1,2,5.2,HIGH,7.7,14.5
PRJ-2460,Irrigation,Odisha,279.91,24,56.9,54.7,2.2,55.7,1.018,95.0,88.1,98.7,91.0,0,95.1,0,1.5,0,1.6,LOW,0.0,1.4
PRJ-2461,Irrigation,Karnataka,278.53,22,53.4,51.9,1.5,55.3,1.066,84.0,79.5,72.3,77.3,28,95.1,2,2.0,0,2.5,MEDIUM,2.4,6.3
PRJ-2462,Bridge,Madhya Pradesh,3102.46,26,66.2,66.2,0.0,63.8,0.964,98.0,91.3,94.2,91.1,7,99.2,0,1.8,0,0.8,LOW,0.3,0.5
PRJ-2463,Railway,Rajasthan,2642.25,52,69.8,44.0,25.8,58.1,1.32,47.8,42.6,47.4,41.0,133,60.7,7,7.6,4,7.5,CRITICAL,12.4,28.6
PRJ-2464,Urban Development,Telangana,787.93,33,39.1,23.8,15.3,26.0,1.092,63.2,55.3,62.1,56.9,103,54.7,1,4.2,2,6.1,HIGH,6.1,16.0
PRJ-2465,Highway,Telangana,1965.92,49,23.6,18.6,5.0,20.4,1.097,83.9,70.2,85.0,78.2,25,76.2,3,1.9,1,3.2,MEDIUM,2.5,7.5
PRJ-2466,Bridge,Uttarakhand,1875.21,46,37.1,31.4,5.7,33.4,1.064,80.5,70.6,86.6,71.7,27,81.5,0,6.3,0,3.9,MEDIUM,2.3,4.7
PRJ-2467,Urban Development,West Bengal,1766.41,27,66.6,57.6,9.0,64.3,1.116,58.6,68.8,61.6,61.4,75,89.0,2,5.1,1,5.6,HIGH,6.3,17.0
PRJ-2468,Water Supply,Telangana,2148.43,18,24.1,21.6,2.5,22.3,1.032,77.5,72.9,82.5,72.4,35,92.4,3,3.5,0,4.3,MEDIUM,2.1,7.1
PRJ-2469,Highway,Rajasthan,471.86,59,56.0,53.8,2.2,57.0,1.059,96.4,88.4,90.4,90.6,1,100.0,1,1.7,0,2.1,LOW,0.0,1.2
PRJ-2470,Power Infrastructure,Assam,1757.58,31,57.9,56.5,1.4,60.3,1.067,94.8,92.9,99.9,92.0,3,95.7,1,3.0,0,1.4,LOW,0.4,0.1
PRJ-2471,Railway,Rajasthan,2404.38,58,88.5,82.1,6.4,88.7,1.08,84.9,82.0,83.5,77.5,23,92.6,1,3.9,0,3.0,MEDIUM,1.9,8.9
PRJ-2472,Power Infrastructure,Tamil Nadu,6468.85,40,20.0,19.4,0.6,20.1,1.036,88.5,87.1,88.9,93.8,1,94.2,1,1.5,0,1.5,LOW,0.0,2.2
PRJ-2473,Urban Development,Maharashtra,341.59,23,40.4,33.8,6.6,36.0,1.065,77.9,84.9,77.5,74.6,15,87.5,2,2.6,0,4.6,MEDIUM,2.5,8.4
PRJ-2474,Irrigation,Andhra Pradesh,523.98,19,20.5,4.4,16.1,5.3,1.205,63.8,61.4,65.5,62.5,66,20.4,4,6.7,2,7.2,HIGH,5.5,14.6
PRJ-2475,Metro,Assam,4093.42,65,90.6,80.5,10.1,86.4,1.073,79.1,74.4,79.9,76.8,45,89.8,1,5.1,0,3.5,MEDIUM,2.4,3.6
PRJ-2476,Water Supply,Kerala,1035.41,35,66.4,64.9,1.5,64.5,0.994,73.5,72.9,81.5,79.5,44,94.2,1,4.3,0,2.9,MEDIUM,3.0,8.5
PRJ-2477,Urban Development,Bihar,1542.53,35,65.8,59.8,6.0,62.8,1.05,76.6,71.4,82.4,74.3,30,90.0,2,3.3,0,4.6,MEDIUM,3.3,8.2
PRJ-2478,Power Infrastructure,Tamil Nadu,1979.89,23,41.6,35.7,5.9,37.1,1.039,79.5,70.3,83.9,74.4,19,84.2,0,3.4,1,3.0,MEDIUM,2.3,7.6
PRJ-2479,Highway,Tamil Nadu,3960.93,40,84.0,76.7,7.3,82.3,1.073,76.9,76.0,75.6,83.1,34,95.7,0,4.0,0,2.9,MEDIUM,3.0,7.8
PRJ-2480,Highway,Madhya Pradesh,2644.17,30,24.8,10.5,14.3,13.3,1.267,70.1,65.2,67.3,64.7,107,43.4,6,5.2,1,5.1,HIGH,7.5,15.4
PRJ-2481,Bridge,Uttar Pradesh,2485.36,29,88.1,81.0,7.1,88.3,1.09,82.2,78.5,76.8,80.3,30,94.0,0,3.5,0,4.6,MEDIUM,2.3,3.6
PRJ-2482,Highway,Assam,1444.16,38,38.7,36.6,2.1,39.8,1.087,76.7,79.4,77.8,72.6,28,95.1,2,4.7,0,3.4,MEDIUM,2.0,6.4
PRJ-2483,Urban Development,Telangana,1256.27,12,63.1,63.1,0.0,62.2,0.986,89.9,87.6,99.2,87.1,2,100.0,0,1.5,0,0.9,LOW,0.2,1.3
PRJ-2484,Urban Development,Odisha,696.56,12,30.3,6.4,23.9,8.0,1.25,37.1,35.1,54.9,46.8,130,23.1,3,5.0,5,9.0,CRITICAL,11.8,23.4
PRJ-2485,Water Supply,Assam,180.69,28,82.0,47.8,34.2,63.2,1.322,49.6,48.5,38.5,51.3,139,63.1,5,7.3,4,8.9,CRITICAL,9.0,22.7
PRJ-2486,Railway,Himachal Pradesh,1932.29,55,74.0,46.2,27.8,57.3,1.24,38.0,33.6,54.7,40.2,128,64.4,2,10.0,2,8.4,CRITICAL,12.8,29.3
PRJ-2487,Urban Development,Karnataka,1380.02,20,56.1,55.9,0.2,55.4,0.991,96.7,86.4,96.7,91.6,2,100.0,0,2.4,0,1.1,LOW,0.0,1.2
PRJ-2488,Airport,Tamil Nadu,11301.16,30,49.7,47.6,2.1,49.8,1.046,76.5,80.1,83.4,82.4,23,96.6,0,2.5,0,2.7,MEDIUM,1.5,6.4
PRJ-2489,Airport,Tamil Nadu,1210.52,49,86.4,52.7,33.7,72.4,1.374,46.9,45.5,42.5,34.3,155,61.5,6,5.1,5,7.7,CRITICAL,9.6,29.2
PRJ-2490,Urban Development,West Bengal,609.17,13,90.2,76.2,14.0,92.9,1.219,61.9,62.7,60.5,60.5,83,85.7,4,3.4,1,6.8,HIGH,7.1,13.1
PRJ-2491,Metro,Himachal Pradesh,4730.23,49,41.7,38.2,3.5,38.7,1.013,80.6,72.2,73.8,73.1,40,92.3,1,3.8,1,3.5,MEDIUM,2.5,5.5
PRJ-2492,Irrigation,Assam,1267.21,21,53.2,49.0,4.2,52.3,1.067,74.3,81.3,74.5,76.2,26,94.8,1,4.5,1,3.2,MEDIUM,2.7,5.7
PRJ-2493,Railway,Telangana,11642.84,50,56.0,50.3,5.7,52.1,1.036,73.1,75.6,76.8,82.4,19,92.1,0,4.4,0,2.8,MEDIUM,3.0,6.2
PRJ-2494,Water Supply,Rajasthan,1281.11,30,39.7,20.6,19.1,24.2,1.175,55.7,67.3,69.3,60.1,60,54.0,2,5.9,2,6.2,HIGH,5.6,17.3
PRJ-2495,Highway,Rajasthan,1486.29,30,73.6,60.5,13.1,69.3,1.145,62.9,61.3,57.8,60.7,45,82.0,3,4.5,1,6.4,HIGH,4.7,13.7
PRJ-2496,Railway,Odisha,3904.26,47,55.8,44.6,11.2,50.6,1.135,68.8,66.7,67.2,58.4,82,79.7,2,4.4,2,5.6,HIGH,6.1,13.5
PRJ-2497,Railway,Delhi NCR,2267.06,42,79.9,57.6,22.3,74.0,1.285,48.6,44.3,43.7,49.1,177,75.2,5,6.7,2,7.7,CRITICAL,10.1,22.3
PRJ-2498,Highway,Telangana,1731.2,49,66.7,44.2,22.5,54.6,1.235,51.1,36.5,35.7,42.0,119,67.9,4,9.0,2,8.3,CRITICAL,17.0,29.4
PRJ-2499,Metro,Gujarat,1474.82,52,33.7,33.7,0.0,35.9,1.065,90.7,91.2,99.1,94.1,2,100.0,0,2.1,0,1.5,LOW,0.5,0.3
PRJ-2500,Highway,Karnataka,6268.45,54,32.3,2.0,30.3,5.0,2.5,36.9,40.6,45.3,38.0,177,15.0,5,7.6,5,7.0,CRITICAL,7.2,23.8
PRJ-2501,Highway,Bihar,1189.32,32,38.7,37.1,1.6,38.8,1.046,97.7,89.5,95.5,96.1,2,92.5,0,0.8,0,0.5,LOW,0.0,1.4
PRJ-2502,Power Infrastructure,Kerala,1174.16,34,35.7,27.4,8.3,29.5,1.077,76.1,82.9,82.3,71.0,28,76.0,0,5.3,1,2.6,MEDIUM,2.4,5.6
PRJ-2503,Urban Development,Uttarakhand,482.45,27,86.8,77.8,9.0,85.7,1.102,84.7,80.0,82.1,70.9,42,86.6,5,2.7,0,4.6,MEDIUM,2.2,7.7
PRJ-2504,Airport,Bihar,1417.29,60,86.4,86.3,0.1,86.9,1.007,93.4,96.6,89.7,91.6,5,98.7,0,1.7,0,1.8,LOW,0.4,1.5
PRJ-2505,Irrigation,Karnataka,595.85,30,82.9,61.2,21.7,72.3,1.181,37.2,30.6,48.6,44.3,241,73.4,4,8.1,4,9.2,CRITICAL,12.7,28.5
PRJ-2506,Airport,Gujarat,10595.64,56,61.6,39.5,22.1,48.2,1.22,58.3,54.4,56.6,68.7,98,59.9,3,7.0,2,7.0,HIGH,5.2,14.5
PRJ-2507,Highway,Andhra Pradesh,633.75,33,46.2,32.5,13.7,38.6,1.188,62.2,52.8,63.9,59.7,92,75.7,3,5.6,3,5.5,HIGH,5.5,14.4
PRJ-2508,Water Supply,Madhya Pradesh,1723.17,32,21.7,19.4,2.3,19.2,0.99,82.2,76.2,85.3,81.8,31,88.0,2,2.6,0,4.4,MEDIUM,2.8,7.8
PRJ-2509,Urban Development,Tamil Nadu,556.23,37,84.0,67.0,17.0,79.3,1.184,58.2,60.7,57.4,68.0,53,76.4,2,3.8,3,5.3,HIGH,6.2,15.9
PRJ-2510,Airport,Tamil Nadu,5894.59,65,54.3,44.7,9.6,46.8,1.047,65.9,68.3,63.3,59.0,86,79.3,0,6.7,3,5.4,HIGH,3.8,17.7
PRJ-2511,Power Infrastructure,Delhi NCR,2190.28,28,30.8,11.4,19.4,14.0,1.228,51.5,48.8,51.7,44.9,176,36.7,4,7.5,3,9.2,CRITICAL,12.5,23.8
PRJ-2512,Urban Development,Kerala,274.7,25,41.2,17.7,23.5,21.4,1.209,69.8,62.1,64.7,64.5,76,47.0,5,5.7,1,5.9,HIGH,4.5,12.7
PRJ-2513,Highway,Jammu & Kashmir,1002.31,43,57.4,35.1,22.3,43.4,1.236,45.4,36.4,40.4,45.3,143,59.1,7,8.4,3,7.1,CRITICAL,8.8,29.4
PRJ-2514,Metro,Kerala,1749.96,69,24.3,2.0,22.3,5.0,2.5,50.0,41.1,44.8,32.0,191,15.0,2,8.3,5,8.9,CRITICAL,14.4,28.8
PRJ-2515,Metro,Madhya Pradesh,1270.8,50,79.6,49.1,30.5,67.6,1.377,52.1,41.2,44.4,43.7,197,60.5,5,7.7,3,8.9,CRITICAL,10.8,29.6
PRJ-2516,Railway,Gujarat,1831.06,24,64.9,63.3,1.6,63.7,1.006,81.7,71.7,79.3,81.3,32,98.6,0,3.6,1,2.9,MEDIUM,2.7,6.2
PRJ-2517,Bridge,Uttarakhand,1185.51,50,28.9,2.0,26.9,5.0,2.5,38.4,48.5,37.3,51.9,187,15.0,5,8.8,5,9.2,CRITICAL,12.1,21.0
PRJ-2518,Highway,Uttar Pradesh,534.6,46,35.6,24.6,11.0,27.7,1.126,57.1,68.9,58.6,60.4,93,69.3,4,5.9,2,6.1,HIGH,5.8,13.0
PRJ-2519,Highway,Rajasthan,2550.67,36,20.2,16.3,3.9,18.3,1.123,84.8,71.9,74.5,77.0,37,76.8,4,3.5,0,2.7,MEDIUM,2.1,6.4
PRJ-2520,Highway,Jammu & Kashmir,611.49,51,74.8,59.1,15.7,70.9,1.2,65.6,60.5,62.3,63.0,83,80.4,3,6.3,3,7.0,HIGH,5.5,12.2
PRJ-2521,Irrigation,Assam,2478.2,34,74.5,68.7,5.8,75.6,1.1,74.7,76.1,84.1,80.1,22,89.4,2,4.2,0,2.8,MEDIUM,1.9,6.6
PRJ-2522,Metro,Bihar,11640.94,33,28.1,2.0,26.1,5.0,2.5,37.9,46.3,35.0,52.8,181,15.0,5,7.8,5,7.7,CRITICAL,9.1,28.1
PRJ-2523,Highway,Himachal Pradesh,2028.13,42,64.0,64.0,0.0,63.2,0.988,93.5,91.6,96.5,85.1,3,98.7,1,2.8,0,1.6,LOW,0.2,0.7
PRJ-2524,Water Supply,Rajasthan,1113.12,46,64.6,50.6,14.0,60.0,1.186,63.8,60.3,69.8,66.7,86,77.4,3,4.1,3,5.1,HIGH,6.0,18.1
PRJ-2525,Irrigation,Rajasthan,1151.47,19,49.8,47.5,2.3,49.3,1.038,72.3,76.2,81.3,77.2,45,95.2,2,3.0,0,4.2,MEDIUM,2.0,7.7
PRJ-2526,Water Supply,Andhra Pradesh,681.54,22,68.3,65.8,2.5,69.8,1.061,98.5,95.3,97.0,98.0,3,94.8,2,1.9,0,1.2,LOW,0.0,0.7
PRJ-2527,Airport,Tamil Nadu,2123.37,58,32.9,11.1,21.8,13.9,1.252,38.2,42.8,42.5,38.4,125,33.7,5,7.1,4,8.7,CRITICAL,11.1,31.1
PRJ-2528,Irrigation,Gujarat,1773.37,33,82.9,76.3,6.6,83.4,1.093,79.1,70.6,86.9,75.3,25,97.6,2,2.6,0,3.8,MEDIUM,1.1,5.9
PRJ-2529,Urban Development,Uttar Pradesh,193.26,30,90.8,64.6,26.2,82.0,1.269,45.7,38.8,51.1,33.7,186,69.0,6,5.2,3,9.2,CRITICAL,8.1,24.6
PRJ-2530,Metro,Rajasthan,20294.74,31,76.4,75.9,0.5,77.6,1.022,95.3,88.3,97.1,97.0,0,97.6,0,0.2,0,0.6,LOW,0.1,0.7
PRJ-2531,Urban Development,Uttar Pradesh,516.43,15,60.8,47.0,13.8,52.8,1.123,57.2,62.0,54.5,67.3,94,77.9,2,4.2,2,5.4,HIGH,5.9,13.9
PRJ-2532,Water Supply,Tamil Nadu,1557.97,41,57.7,38.1,19.6,47.1,1.236,57.6,66.7,56.0,57.0,93,67.8,6,4.5,3,6.4,HIGH,4.8,14.4
PRJ-2533,Power Infrastructure,Telangana,1049.79,37,63.8,62.5,1.3,62.1,0.994,88.8,91.5,90.1,85.8,0,97.7,0,0.4,0,1.8,LOW,0.4,1.7
PRJ-2534,Airport,Andhra Pradesh,6793.22,43,40.8,23.8,17.0,29.6,1.244,70.4,67.3,62.8,57.0,82,57.1,4,5.3,2,6.4,HIGH,8.6,15.2
PRJ-2535,Railway,Himachal Pradesh,5945.31,48,65.0,45.6,19.4,54.2,1.189,62.1,62.6,68.6,58.3,105,72.2,2,3.9,3,7.1,HIGH,6.6,16.7
PRJ-2536,Power Infrastructure,Maharashtra,1406.68,22,52.1,47.4,4.7,51.5,1.086,72.1,74.5,79.1,74.8,25,91.5,3,2.0,0,4.4,MEDIUM,2.6,5.3
PRJ-2537,Irrigation,West Bengal,1357.16,19,82.8,78.3,4.5,85.6,1.093,75.9,84.9,78.3,72.6,42,94.8,3,3.0,1,3.5,MEDIUM,3.7,4.8
PRJ-2538,Airport,Telangana,1426.4,40,88.9,72.8,16.1,86.5,1.188,59.4,68.1,63.8,68.4,132,81.0,3,6.2,3,5.8,HIGH,5.9,13.8
PRJ-2539,Bridge,Delhi NCR,876.13,35,88.6,73.9,14.7,90.6,1.226,60.2,59.4,55.4,63.2,66,83.7,5,7.0,3,5.2,HIGH,6.1,11.9
PRJ-2540,Irrigation,Jammu & Kashmir,191.38,32,64.1,63.7,0.4,66.2,1.039,95.8,87.0,98.9,94.6,0,97.9,2,2.7,0,1.1,LOW,0.0,1.5
PRJ-2541,Bridge,Himachal Pradesh,1184.24,44,46.9,46.9,0.0,46.4,0.989,88.2,86.4,90.6,85.2,3,100.0,0,2.3,0,2.2,LOW,0.3,0.9
PRJ-2542,Bridge,Karnataka,1756.83,40,59.2,47.2,12.0,53.9,1.142,55.7,68.9,54.4,63.9,65,81.5,4,3.2,2,6.4,HIGH,3.4,17.2
PRJ-2543,Highway,Odisha,2724.72,43,70.5,40.9,29.6,57.8,1.413,44.4,45.9,38.9,37.5,178,56.9,7,7.1,4,9.1,CRITICAL,11.5,24.2
PRJ-2544,Highway,Rajasthan,1421.62,30,86.0,76.7,9.3,87.5,1.141,57.2,55.0,61.6,66.2,74,91.1,4,4.6,3,6.0,HIGH,7.8,16.4
PRJ-2545,Urban Development,Kerala,1636.45,40,55.8,54.3,1.5,56.1,1.033,92.2,89.1,88.9,94.0,1,98.9,1,1.6,0,2.0,LOW,0.0,1.3
PRJ-2546,Highway,Andhra Pradesh,898.21,37,72.6,62.4,10.2,67.2,1.077,59.2,61.7,65.0,62.4,77,82.9,4,3.8,3,6.3,HIGH,5.8,16.8
PRJ-2547,Highway,Assam,861.42,30,73.5,64.9,8.6,75.1,1.157,74.4,82.2,75.9,71.5,35,85.5,2,3.1,1,4.2,MEDIUM,2.8,6.2
PRJ-2548,Airport,Gujarat,3490.4,66,38.1,10.4,27.7,13.6,1.308,44.6,46.1,43.4,46.5,221,26.2,4,5.0,5,8.7,CRITICAL,14.5,26.9
PRJ-2549,Bridge,Uttarakhand,4968.34,50,49.3,44.5,4.8,49.9,1.121,73.5,78.5,82.9,81.9,41,91.7,2,4.8,0,2.7,MEDIUM,2.4,6.4
PRJ-2550,Bridge,Odisha,7301.65,41,75.5,73.8,1.7,81.4,1.103,79.1,78.3,81.8,78.4,31,99.3,3,2.6,1,3.8,MEDIUM,2.0,7.7
PRJ-2551,Power Infrastructure,Uttar Pradesh,3412.78,34,87.8,87.1,0.7,81.3,0.933,96.6,86.4,88.8,96.6,2,99.1,0,1.4,0,1.3,LOW,0.2,0.3
PRJ-2552,Metro,Madhya Pradesh,8050.73,54,78.4,78.4,0.0,81.2,1.036,93.1,95.5,92.6,95.0,0,97.5,0,0.4,0,0.8,LOW,0.2,2.7
PRJ-2553,Railway,Uttar Pradesh,1534.03,63,88.4,54.7,33.7,67.3,1.23,38.3,35.8,45.0,38.7,136,61.2,3,8.8,2,7.8,CRITICAL,11.3,22.9
PRJ-2554,Bridge,Uttarakhand,2731.06,25,61.5,39.3,22.2,50.4,1.282,56.6,56.4,67.9,68.2,100,63.7,4,4.7,2,5.3,HIGH,4.6,16.2
PRJ-2555,Water Supply,Kerala,964.51,26,49.3,45.1,4.2,47.3,1.049,82.1,77.1,85.6,76.8,42,90.4,1,3.6,1,4.6,MEDIUM,2.7,7.9
PRJ-2556,Power Infrastructure,Tamil Nadu,1006.74,35,50.6,42.4,8.2,43.7,1.031,85.1,74.3,82.2,82.0,28,85.8,2,1.7,0,3.3,MEDIUM,2.5,5.5
PRJ-2557,Railway,Uttarakhand,3189.12,74,61.2,58.6,2.6,62.9,1.073,80.7,83.2,83.5,70.2,30,95.0,0,6.2,1,4.6,MEDIUM,2.0,7.9
PRJ-2558,Metro,Assam,4717.65,45,25.1,13.8,11.3,15.0,1.087,70.6,57.7,64.1,61.0,72,51.4,2,8.6,3,5.7,HIGH,4.6,12.5
PRJ-2559,Railway,Uttar Pradesh,5472.63,40,78.5,71.1,7.4,74.3,1.045,83.8,78.2,81.0,71.4,27,93.3,1,4.3,0,2.8,MEDIUM,2.1,5.1
PRJ-2560,Water Supply,Karnataka,1106.79,25,46.6,39.4,7.2,41.1,1.043,82.7,71.1,73.1,76.3,39,87.3,1,2.5,0,4.3,MEDIUM,2.6,5.4
PRJ-2561,Bridge,Telangana,6051.6,44,29.5,19.3,10.2,22.7,1.176,76.4,81.6,72.9,75.6,31,66.9,3,3.4,0,4.8,MEDIUM,1.9,5.5
PRJ-2562,Airport,Andhra Pradesh,2019.13,51,48.0,36.0,12.0,41.9,1.164,64.0,60.8,62.1,68.2,77,75.4,4,6.3,3,5.6,HIGH,4.6,12.6
PRJ-2563,Water Supply,Andhra Pradesh,1152.53,38,23.0,22.6,0.4,24.4,1.08,98.0,87.4,96.9,89.3,2,97.2,0,1.5,0,0.6,LOW,0.2,0.5
PRJ-2564,Irrigation,Delhi NCR,1267.93,18,87.1,76.3,10.8,83.7,1.097,84.3,84.9,77.6,83.2,30,89.4,1,4.3,1,3.0,MEDIUM,2.9,7.1
PRJ-2565,Airport,Rajasthan,5774.59,52,75.1,75.1,0.0,74.3,0.989,92.8,91.7,98.9,94.0,1,97.0,0,2.2,0,1.6,LOW,0.2,0.5
PRJ-2566,Railway,West Bengal,1749.68,75,51.5,45.8,5.7,48.7,1.063,75.1,71.4,75.9,75.4,28,89.2,0,3.5,0,4.5,MEDIUM,2.7,4.7
PRJ-2567,Metro,Gujarat,2773.39,34,31.0,16.7,14.3,19.6,1.174,58.2,56.0,61.1,56.4,57,52.2,2,3.2,3,5.0,HIGH,5.3,16.1
PRJ-2568,Metro,Gujarat,4370.55,54,57.1,52.5,4.6,53.8,1.025,81.9,77.9,73.2,74.0,28,92.2,0,1.5,0,2.9,MEDIUM,2.5,5.0
PRJ-2569,Metro,Delhi NCR,4983.18,33,31.0,6.0,25.0,7.8,1.3,35.6,48.7,53.8,47.7,173,18.6,5,9.0,5,8.7,CRITICAL,15.0,29.5
PRJ-2570,Power Infrastructure,Andhra Pradesh,2619.16,30,41.7,35.5,6.2,38.6,1.087,77.1,75.9,75.1,73.7,33,81.0,0,4.1,1,4.2,MEDIUM,2.6,7.0
PRJ-2571,Water Supply,Gujarat,527.99,44,46.4,42.7,3.7,44.1,1.033,76.0,84.5,81.3,82.7,31,88.9,0,4.1,0,4.3,MEDIUM,2.6,8.0
PRJ-2572,Urban Development,Kerala,854.9,28,81.8,80.3,1.5,78.3,0.975,75.6,80.5,79.7,80.8,32,98.4,0,2.9,1,3.2,MEDIUM,2.3,6.4
PRJ-2573,Bridge,Delhi NCR,2918.1,38,72.1,65.1,7.0,70.8,1.088,82.2,80.9,78.4,76.9,34,89.2,4,3.1,0,4.0,MEDIUM,2.0,7.5
PRJ-2574,Airport,Delhi NCR,1214.49,56,50.5,50.5,0.0,48.7,0.964,92.9,89.9,93.7,93.1,7,100.0,0,0.2,0,0.8,LOW,0.2,2.2
PRJ-2575,Airport,Gujarat,11809.0,44,86.3,86.3,0.0,86.6,1.003,91.3,87.0,92.4,93.6,0,100.0,0,1.1,0,0.9,LOW,0.2,0.6
PRJ-2576,Railway,Bihar,2406.19,62,49.0,47.2,1.8,47.3,1.002,96.9,89.5,97.8,97.2,0,97.4,0,1.1,0,1.3,LOW,0.0,2.0
PRJ-2577,Airport,Uttar Pradesh,1527.11,24,50.8,22.3,28.5,28.4,1.274,35.4,45.2,35.4,46.4,106,44.2,6,5.8,4,8.3,CRITICAL,11.3,28.1
PRJ-2578,Bridge,Andhra Pradesh,1961.18,43,79.1,78.4,0.7,82.2,1.048,92.4,88.8,92.5,91.4,2,94.9,1,2.5,0,1.5,LOW,0.1,2.6
PRJ-2579,Metro,Tamil Nadu,5356.91,55,90.4,83.1,7.3,86.5,1.041,83.8,74.2,78.5,80.9,37,89.0,2,3.2,0,3.1,MEDIUM,1.9,4.2
PRJ-2580,Bridge,Kerala,3268.28,26,41.6,36.5,5.1,38.1,1.044,82.9,83.8,74.1,78.0,28,83.5,0,3.9,1,3.4,MEDIUM,3.0,6.4
PRJ-2581,Water Supply,Uttarakhand,1885.12,25,89.7,74.3,15.4,83.9,1.129,56.8,61.2,66.1,56.8,90,84.9,2,5.6,1,6.4,HIGH,6.7,14.6
PRJ-2582,Highway,Telangana,4241.04,24,27.7,2.0,25.7,5.0,2.5,46.6,36.7,46.2,51.2,163,15.0,10,6.0,4,9.1,CRITICAL,10.2,25.6
PRJ-2583,Airport,Bihar,11383.41,24,20.9,20.9,0.0,22.0,1.053,94.5,93.5,89.3,93.7,1,100.0,1,1.0,0,2.0,LOW,0.0,0.3
PRJ-2584,Highway,Assam,5240.6,38,33.3,32.3,1.0,31.7,0.981,89.3,91.2,90.7,97.5,0,100.0,0,2.4,0,1.6,LOW,0.0,0.6
PRJ-2585,Power Infrastructure,Himachal Pradesh,1650.42,37,79.4,79.4,0.0,81.2,1.023,98.9,94.5,99.8,86.4,2,92.9,0,3.1,0,0.9,LOW,0.0,0.2
PRJ-2586,Urban Development,Rajasthan,905.93,14,28.8,27.7,1.1,27.0,0.975,91.4,88.1,94.9,94.3,0,98.8,0,0.7,0,1.6,LOW,0.1,1.7
PRJ-2587,Railway,Delhi NCR,5024.5,70,38.5,38.5,0.0,36.5,0.948,92.6,93.7,89.3,96.7,3,100.0,0,0.6,0,1.2,LOW,0.4,1.6
PRJ-2588,Railway,Karnataka,3091.06,33,79.5,77.5,2.0,83.2,1.074,90.5,93.2,91.0,86.7,1,97.3,0,1.4,0,1.4,LOW,0.2,0.0
PRJ-2589,Railway,Maharashtra,3356.13,35,85.2,71.9,13.3,83.8,1.166,66.4,65.9,61.6,60.5,94,84.0,3,3.7,1,6.5,HIGH,5.3,13.3
PRJ-2590,Highway,Rajasthan,2168.76,40,73.6,58.8,14.8,68.8,1.17,70.3,66.7,57.7,64.3,85,79.1,4,6.7,3,5.2,HIGH,6.3,17.6
PRJ-2591,Metro,West Bengal,2234.38,78,76.3,72.2,4.1,74.2,1.028,82.4,78.4,75.2,79.9,37,96.6,2,3.1,0,4.1,MEDIUM,1.8,6.9
PRJ-2592,Water Supply,Kerala,785.42,36,38.8,30.9,7.9,33.4,1.081,84.6,73.6,84.3,71.0,29,81.6,2,4.8,1,2.6,MEDIUM,2.8,7.0
PRJ-2593,Railway,Madhya Pradesh,4076.71,41,44.2,42.3,1.9,44.1,1.043,83.4,72.9,80.7,83.8,43,92.2,1,1.7,0,4.1,MEDIUM,2.3,6.2
PRJ-2594,Railway,Maharashtra,1761.15,33,87.2,73.3,13.9,84.9,1.158,61.8,66.7,69.2,62.1,56,87.7,3,4.5,3,5.2,HIGH,5.6,13.0
PRJ-2595,Railway,West Bengal,6275.01,69,28.3,23.3,5.0,25.3,1.086,82.8,81.4,74.1,72.2,17,81.9,3,1.6,0,4.4,MEDIUM,2.3,4.6
PRJ-2596,Power Infrastructure,Karnataka,1514.05,26,72.8,68.1,4.7,71.9,1.056,79.9,80.3,81.1,83.0,23,89.9,4,4.5,0,4.6,MEDIUM,2.7,6.3
PRJ-2597,Railway,Andhra Pradesh,3575.12,47,82.2,81.4,0.8,82.5,1.014,90.1,98.7,90.1,97.4,0,100.0,0,1.2,0,1.2,LOW,0.2,1.5
PRJ-2598,Railway,Uttar Pradesh,1961.14,48,44.9,41.6,3.3,41.8,1.005,82.9,71.1,80.7,79.2,23,93.8,0,4.3,0,2.8,MEDIUM,1.1,7.3
PRJ-2599,Power Infrastructure,Uttar Pradesh,3266.16,18,83.8,83.8,0.0,86.1,1.027,91.6,93.3,96.7,94.2,5,97.0,1,0.9,0,1.2,LOW,0.6,1.8
PRJ-2600,Metro,Odisha,2498.79,31,78.5,60.5,18.0,73.2,1.21,36.0,30.2,37.3,50.1,262,78.1,5,8.9,3,7.6,CRITICAL,13.7,29.8
PRJ-2601,Water Supply,Jammu & Kashmir,418.47,21,88.6,84.0,4.6,85.3,1.015,74.3,78.7,75.5,70.9,18,95.7,2,5.4,0,3.7,MEDIUM,1.9,5.4
PRJ-2602,Highway,Assam,1560.06,36,32.8,13.0,19.8,15.8,1.215,45.9,39.2,46.9,39.9,205,39.2,5,9.2,5,7.2,CRITICAL,10.3,32.9
PRJ-2603,Water Supply,Bihar,430.05,36,89.7,89.7,0.0,91.3,1.018,95.6,90.4,95.5,89.6,0,100.0,0,0.8,0,0.6,LOW,0.3,3.9
PRJ-2604,Irrigation,West Bengal,413.27,19,25.0,12.2,12.8,14.4,1.18,69.4,58.7,68.0,68.8,59,47.1,3,3.1,1,6.7,HIGH,5.0,12.9
PRJ-2605,Metro,Madhya Pradesh,5597.73,45,82.9,67.9,15.0,79.3,1.168,68.5,68.5,59.2,57.8,98,85.5,2,3.7,1,5.6,HIGH,6.3,16.2
PRJ-2606,Airport,Delhi NCR,3701.95,32,64.1,64.1,0.0,65.3,1.019,90.1,91.5,98.7,86.0,5,96.7,1,1.4,0,0.7,LOW,0.3,0.0
PRJ-2607,Metro,Uttar Pradesh,1318.58,51,55.0,55.0,0.0,54.8,0.996,94.0,87.2,95.7,92.7,0,100.0,0,2.0,0,1.7,LOW,0.4,0.7
PRJ-2608,Bridge,Telangana,452.23,21,66.8,65.7,1.1,66.3,1.009,95.9,94.7,88.9,87.7,0,100.0,1,1.7,0,1.2,LOW,0.3,1.3
PRJ-2609,Power Infrastructure,Odisha,4762.13,39,34.2,20.7,13.5,23.5,1.135,60.1,52.7,69.7,62.2,84,60.2,4,5.7,2,5.2,HIGH,6.1,13.0
PRJ-2610,Urban Development,Jammu & Kashmir,586.7,32,61.6,39.4,22.2,49.7,1.261,67.2,58.0,63.4,67.4,85,58.5,4,5.2,1,5.5,HIGH,6.6,12.7
PRJ-2611,Highway,Tamil Nadu,6493.22,36,26.4,26.4,0.0,27.8,1.053,95.6,96.2,95.1,93.3,2,100.0,2,0.8,0,1.9,LOW,0.0,2.2
PRJ-2612,Airport,Assam,10482.03,31,64.5,60.8,3.7,64.7,1.064,76.2,74.1,77.9,80.2,26,90.8,3,2.5,0,3.2,MEDIUM,2.9,5.1
PRJ-2613,Metro,Odisha,1384.07,34,59.9,53.2,6.7,56.8,1.068,82.0,74.5,74.2,74.2,30,89.1,3,1.5,0,2.8,MEDIUM,2.7,7.8
PRJ-2614,Bridge,Uttarakhand,2033.06,27,35.1,31.4,3.7,31.9,1.016,84.4,81.1,80.6,80.8,19,94.7,1,5.2,0,3.7,MEDIUM,2.7,10.9
PRJ-2615,Bridge,Himachal Pradesh,3312.49,45,64.6,59.1,5.5,61.1,1.034,83.8,70.7,73.9,82.2,28,89.5,0,4.2,0,4.5,MEDIUM,2.0,5.5
PRJ-2616,Highway,Assam,2912.13,27,74.1,55.6,18.5,65.1,1.171,65.1,60.8,60.1,64.1,105,75.8,2,7.6,3,5.5,HIGH,5.1,17.1
PRJ-2617,Irrigation,Jammu & Kashmir,1262.44,22,27.6,17.6,10.0,19.2,1.091,57.7,60.2,67.8,56.2,67,68.1,4,6.1,1,6.8,HIGH,6.1,13.2
PRJ-2618,Urban Development,Jammu & Kashmir,3139.29,28,26.0,11.2,14.8,13.0,1.161,67.9,57.9,62.2,64.5,75,43.8,3,8.2,3,5.3,HIGH,6.5,14.8
PRJ-2619,Irrigation,Uttarakhand,906.31,29,69.6,68.7,0.9,68.8,1.001,90.0,89.6,97.1,85.9,0,100.0,0,3.0,0,1.9,LOW,0.1,1.5
PRJ-2620,Irrigation,Assam,1445.49,27,29.2,12.5,16.7,14.6,1.168,68.8,54.6,61.0,57.7,71,41.7,3,4.1,1,7.0,HIGH,5.5,12.8
PRJ-2621,Airport,Bihar,5541.58,49,48.3,29.4,18.9,34.6,1.177,66.6,67.4,69.4,66.9,117,65.7,3,4.2,1,6.2,HIGH,6.2,12.8
PRJ-2622,Highway,Andhra Pradesh,1769.72,59,87.9,62.6,25.3,83.3,1.331,51.6,42.9,42.1,53.3,202,68.2,5,6.7,2,9.5,CRITICAL,13.8,30.4
PRJ-2623,Bridge,Maharashtra,1842.6,43,23.6,23.6,0.0,24.9,1.055,88.7,93.8,98.4,86.4,0,97.8,0,1.4,0,1.1,LOW,0.0,2.2
PRJ-2624,Airport,Uttar Pradesh,1374.04,30,86.2,83.8,2.4,83.3,0.994,85.3,73.7,72.3,76.3,22,98.1,1,3.0,1,3.5,MEDIUM,2.6,7.5
PRJ-2625,Power Infrastructure,Uttarakhand,2512.29,34,77.9,61.9,16.0,73.7,1.191,57.6,61.2,56.0,64.6,80,82.9,4,6.7,3,5.9,HIGH,7.9,13.1
PRJ-2626,Irrigation,Rajasthan,1435.22,37,91.3,90.4,0.9,95.3,1.054,89.4,98.4,96.9,96.9,2,99.5,0,1.0,0,1.6,LOW,0.2,1.8
PRJ-2627,Metro,Gujarat,7634.72,35,55.3,14.8,40.5,21.0,1.419,41.1,40.2,39.0,50.4,186,26.5,4,6.1,2,8.2,CRITICAL,13.7,22.0
PRJ-2628,Bridge,Rajasthan,3945.03,28,41.1,41.0,0.1,40.8,0.995,93.6,96.9,94.7,96.2,0,98.7,0,0.9,0,1.2,LOW,0.5,1.3
PRJ-2629,Airport,Himachal Pradesh,3822.96,51,70.1,44.6,25.5,55.2,1.238,41.8,51.2,45.8,43.8,212,63.6,1,6.2,5,8.6,CRITICAL,9.8,26.0
PRJ-2630,Highway,Rajasthan,3096.55,33,76.9,68.9,8.0,78.3,1.136,66.6,66.2,65.3,67.1,94,91.0,3,5.3,3,6.4,HIGH,6.3,13.3
PRJ-2631,Water Supply,Kerala,1353.76,27,70.1,70.1,0.0,65.6,0.936,91.1,88.9,100.0,96.5,0,100.0,0,2.4,0,2.1,LOW,0.3,1.5
PRJ-2632,Metro,Bihar,4492.29,42,62.8,62.8,0.0,63.0,1.003,96.8,92.0,96.7,86.8,1,99.5,0,0.2,0,0.8,LOW,0.3,2.7
PRJ-2633,Bridge,Andhra Pradesh,2476.44,34,80.4,75.4,5.0,76.0,1.008,83.0,72.8,72.2,75.6,33,86.0,1,4.2,1,4.4,MEDIUM,3.1,6.1
PRJ-2634,Irrigation,Maharashtra,2821.62,28,77.2,74.1,3.1,74.2,1.001,78.5,75.9,86.6,71.9,28,91.1,1,4.5,0,4.5,MEDIUM,1.7,5.8
PRJ-2635,Irrigation,Karnataka,475.5,28,88.2,86.2,2.0,90.2,1.046,91.1,86.2,99.3,87.7,4,98.9,0,1.2,0,0.8,LOW,0.2,0.1
PRJ-2636,Bridge,Jammu & Kashmir,1578.96,40,80.3,53.2,27.1,73.9,1.389,42.1,50.8,48.3,49.5,159,67.2,9,9.1,4,9.3,CRITICAL,15.3,21.2
PRJ-2637,Urban Development,Telangana,1331.4,37,68.6,50.5,18.1,54.9,1.087,67.6,52.5,69.9,56.9,75,78.2,3,6.3,1,5.8,HIGH,6.2,15.0
PRJ-2638,Metro,Jammu & Kashmir,2258.57,24,74.5,74.1,0.4,77.1,1.04,91.8,94.3,97.8,85.7,0,96.7,1,3.7,0,1.0,LOW,0.0,0.4
PRJ-2639,Highway,Tamil Nadu,788.06,30,59.6,44.1,15.5,50.9,1.154,56.8,57.9,59.5,57.5,72,77.0,1,6.3,1,5.0,HIGH,6.2,15.2
PRJ-2640,Highway,Rajasthan,473.41,50,72.0,64.7,7.3,71.2,1.1,79.8,84.8,75.2,81.6,34,95.4,2,3.7,1,3.2,MEDIUM,2.5,7.2
PRJ-2641,Bridge,Maharashtra,3995.52,40,56.0,38.1,17.9,45.9,1.205,67.4,66.2,56.3,67.3,68,68.5,5,4.3,2,5.0,HIGH,7.1,10.5
PRJ-2642,Urban Development,Jammu & Kashmir,1018.81,26,23.0,22.6,0.4,24.3,1.075,91.6,92.1,96.0,95.0,6,92.2,0,3.3,0,2.2,LOW,0.0,0.5
PRJ-2643,Highway,Andhra Pradesh,742.82,46,62.5,62.5,0.0,63.1,1.01,92.2,96.9,88.6,97.5,0,94.6,0,1.3,0,0.8,LOW,0.3,2.2
PRJ-2644,Bridge,Karnataka,1991.31,50,39.8,38.7,1.1,40.5,1.047,95.0,93.6,90.6,86.2,6,94.5,1,0.8,0,1.3,LOW,0.5,1.1
PRJ-2645,Irrigation,Bihar,224.59,16,74.5,67.7,6.8,72.5,1.071,85.9,72.3,74.1,79.0,32,90.0,1,2.9,1,3.8,MEDIUM,2.7,7.5
PRJ-2646,Irrigation,Uttar Pradesh,361.52,28,87.0,67.6,19.4,88.6,1.311,39.6,39.1,46.7,32.4,141,76.1,9,8.2,5,8.2,CRITICAL,11.7,24.2
PRJ-2647,Highway,Karnataka,2693.35,30,54.6,52.0,2.6,55.1,1.06,74.0,76.6,80.1,80.1,36,93.0,2,3.6,1,4.7,MEDIUM,2.4,5.2
PRJ-2648,Metro,Gujarat,3410.23,52,77.8,75.3,2.5,80.3,1.066,76.4,74.5,86.9,71.2,38,95.4,3,3.2,0,3.6,MEDIUM,1.8,6.4
PRJ-2649,Urban Development,Kerala,266.79,15,66.7,65.5,1.2,67.1,1.024,90.4,87.1,97.4,89.3,0,98.4,0,3.2,0,0.8,LOW,0.2,1.8
PRJ-2650,Railway,Kerala,4450.03,60,20.8,12.8,8.0,14.6,1.141,61.9,60.0,56.0,58.1,64,59.9,4,4.7,1,5.1,HIGH,4.9,15.8
PRJ-2651,Water Supply,Gujarat,695.96,35,35.2,15.4,19.8,19.0,1.234,43.8,34.2,44.9,50.8,158,43.1,2,5.7,5,7.3,CRITICAL,6.5,23.6
PRJ-2652,Irrigation,Telangana,957.55,29,67.4,67.4,0.0,68.5,1.016,96.6,86.9,93.0,92.0,0,100.0,1,1.0,0,1.0,LOW,0.1,1.3
PRJ-2653,Irrigation,Karnataka,819.29,34,63.1,63.1,0.0,61.8,0.979,94.4,96.1,93.9,88.7,3,99.5,0,2.1,0,1.7,LOW,0.2,1.8
PRJ-2654,Metro,Odisha,6083.14,76,79.7,79.7,0.0,82.6,1.036,93.0,97.4,92.8,92.1,1,92.0,0,1.7,0,1.1,LOW,0.1,0.0
PRJ-2655,Power Infrastructure,Andhra Pradesh,622.45,32,20.9,20.9,0.0,21.0,1.005,90.6,87.4,99.4,95.2,8,100.0,0,1.6,0,0.6,LOW,0.3,0.0
PRJ-2656,Metro,Himachal Pradesh,3003.27,42,86.4,86.4,0.0,85.3,0.987,90.3,91.3,88.5,97.9,2,100.0,0,3.0,0,1.6,LOW,0.2,0.4
PRJ-2657,Irrigation,Rajasthan,280.64,30,32.6,16.6,16.0,19.2,1.157,62.5,65.6,61.1,67.8,91,51.9,3,5.3,3,5.6,HIGH,7.3,14.2
PRJ-2658,Metro,Assam,1371.63,83,69.2,69.2,0.0,69.2,1.0,92.9,95.6,97.2,85.7,0,100.0,0,3.8,0,2.2,LOW,0.2,0.4
PRJ-2659,Airport,Telangana,11513.79,46,36.3,34.6,1.7,36.2,1.046,79.9,77.7,83.3,82.7,28,90.4,4,1.9,0,2.8,MEDIUM,2.3,6.9
PRJ-2660,Metro,Bihar,1585.34,43,68.1,60.1,8.0,67.8,1.128,62.6,56.6,64.6,65.0,69,85.1,4,4.5,2,6.9,HIGH,6.8,15.7
PRJ-2661,Highway,Assam,795.43,36,39.4,35.0,4.4,36.8,1.051,74.4,77.6,78.9,75.4,30,80.8,1,4.9,1,4.2,MEDIUM,2.9,6.7
PRJ-2662,Highway,Bihar,2762.8,21,29.1,28.5,0.6,28.8,1.011,96.5,91.4,90.9,97.3,5,93.5,1,2.1,0,1.5,LOW,0.5,0.2
PRJ-2663,Irrigation,Rajasthan,230.79,27,31.8,31.8,0.0,31.7,0.997,95.6,96.4,91.2,95.4,4,100.0,1,2.2,0,2.2,LOW,0.1,1.0
PRJ-2664,Railway,Jammu & Kashmir,2419.71,61,34.1,34.1,0.0,33.2,0.974,93.5,88.4,88.7,94.8,2,98.8,1,2.4,0,0.9,LOW,0.5,0.7
PRJ-2665,Metro,Andhra Pradesh,2483.79,51,22.7,2.0,20.7,5.0,2.5,53.0,37.1,46.8,42.9,158,15.0,8,9.3,2,9.0,CRITICAL,8.8,26.1
PRJ-2666,Railway,Rajasthan,7381.67,45,60.3,46.6,13.7,55.6,1.193,65.0,65.5,54.1,68.1,60,75.9,4,4.8,1,5.2,HIGH,4.3,15.6
PRJ-2667,Irrigation,Andhra Pradesh,2024.03,48,33.6,28.6,5.0,30.5,1.066,84.0,73.6,81.3,75.8,19,85.6,3,4.1,0,4.3,MEDIUM,2.2,5.2
PRJ-2668,Metro,Tamil Nadu,4306.09,51,85.1,82.2,2.9,86.6,1.054,72.4,80.6,72.4,83.8,34,95.5,2,3.7,1,4.5,MEDIUM,2.3,4.4
PRJ-2669,Irrigation,Delhi NCR,2325.82,45,20.6,18.9,1.7,18.6,0.984,93.6,92.9,95.1,89.0,4,93.7,0,2.1,0,0.9,LOW,0.3,1.3
PRJ-2670,Highway,Madhya Pradesh,3398.31,40,60.2,42.2,18.0,48.4,1.147,50.3,44.1,39.1,42.9,173,72.4,3,7.7,3,9.2,CRITICAL,6.7,27.1
PRJ-2671,Bridge,Rajasthan,929.21,41,76.2,76.2,0.0,75.1,0.986,97.7,92.5,93.0,97.6,2,100.0,0,2.3,0,1.0,LOW,0.3,1.5
PRJ-2672,Railway,Kerala,1341.98,44,68.2,44.3,23.9,56.4,1.273,52.4,41.0,43.3,46.8,145,64.1,4,10.0,2,7.4,CRITICAL,15.5,16.0
PRJ-2673,Airport,Gujarat,3240.54,43,54.9,54.4,0.5,55.8,1.026,94.1,96.9,99.2,86.3,0,98.4,0,0.8,0,1.0,LOW,0.4,1.0
PRJ-2674,Highway,Uttar Pradesh,3068.51,43,84.7,78.4,6.3,89.3,1.139,84.7,76.7,85.5,76.5,29,94.1,2,3.8,1,3.4,MEDIUM,2.7,5.9
PRJ-2675,Water Supply,Delhi NCR,524.43,31,41.2,34.6,6.6,36.6,1.058,75.4,77.3,73.1,82.3,18,85.6,1,4.4,1,3.7,MEDIUM,2.1,5.9
PRJ-2676,Water Supply,Bihar,735.53,38,44.5,25.9,18.6,31.0,1.197,59.5,59.2,57.2,66.4,73,56.2,4,4.4,1,7.0,HIGH,4.2,13.6
PRJ-2677,Water Supply,Jammu & Kashmir,194.27,41,24.8,2.0,22.8,5.0,2.5,48.7,48.2,41.5,42.3,106,15.0,2,8.4,2,7.5,CRITICAL,15.8,27.8
PRJ-2678,Water Supply,Kerala,1939.28,23,57.8,56.3,1.5,57.0,1.012,81.8,76.0,76.3,70.1,31,98.7,0,4.2,1,4.4,MEDIUM,3.7,6.0
PRJ-2679,Urban Development,Assam,975.49,20,51.0,50.5,0.5,51.1,1.012,92.5,90.5,89.5,96.5,5,97.5,0,2.1,0,2.1,LOW,0.0,0.4
PRJ-2680,Railway,Jammu & Kashmir,6005.88,74,76.4,58.5,17.9,67.7,1.157,55.4,63.6,57.8,66.1,45,76.9,1,5.5,3,5.4,HIGH,4.1,14.3
PRJ-2681,Bridge,Bihar,4415.28,51,89.9,89.9,0.0,89.6,0.997,98.4,92.7,91.8,94.0,0,100.0,0,2.3,0,0.9,LOW,0.4,0.5
PRJ-2682,Power Infrastructure,Tamil Nadu,759.57,22,59.4,43.2,16.2,48.9,1.132,64.7,53.6,65.0,64.9,63,73.1,2,3.1,3,6.9,HIGH,6.2,14.6
PRJ-2683,Highway,Telangana,2787.17,50,77.7,65.6,12.1,77.3,1.178,55.8,63.2,61.7,64.5,67,84.0,4,6.8,1,6.5,HIGH,6.3,11.7
PRJ-2684,Highway,Andhra Pradesh,582.08,35,90.1,73.6,16.5,93.2,1.266,61.0,52.3,62.3,68.8,70,79.2,7,3.5,1,6.2,HIGH,6.6,16.6
PRJ-2685,Airport,Gujarat,3551.4,39,58.6,33.0,25.6,42.6,1.291,38.4,38.1,48.5,41.8,175,54.7,6,6.6,4,9.4,CRITICAL,11.6,26.8
PRJ-2686,Railway,Andhra Pradesh,12114.93,54,56.3,51.5,4.8,56.0,1.087,73.6,84.8,74.5,83.8,38,91.4,2,2.9,1,2.9,MEDIUM,2.5,6.4
PRJ-2687,Metro,Assam,5965.22,54,88.0,74.5,13.5,83.1,1.115,67.0,57.2,61.6,64.6,67,84.4,1,4.7,2,6.0,HIGH,5.3,13.4
PRJ-2688,Metro,Tamil Nadu,2375.04,36,30.7,30.3,0.4,30.4,1.003,97.2,93.0,90.7,91.5,3,91.4,0,1.9,0,1.8,LOW,0.2,1.2
PRJ-2689,Urban Development,Tamil Nadu,1057.98,33,54.4,48.2,6.2,53.8,1.116,77.7,82.3,74.9,78.6,46,88.4,2,2.0,1,4.3,MEDIUM,0.8,7.3
PRJ-2690,Irrigation,Jammu & Kashmir,1523.98,25,51.2,28.1,23.1,35.2,1.253,61.0,66.8,66.5,64.6,45,49.5,4,5.3,3,6.5,HIGH,6.1,13.7
PRJ-2691,Highway,Odisha,972.23,36,70.3,33.4,36.9,45.3,1.356,49.1,39.6,48.1,38.1,167,46.9,4,6.8,3,8.2,CRITICAL,8.0,32.9
PRJ-2692,Metro,Odisha,9915.51,24,36.6,6.0,30.6,7.9,1.317,52.6,38.8,44.0,35.6,170,16.0,6,8.6,4,8.7,CRITICAL,7.2,22.4
PRJ-2693,Metro,Uttar Pradesh,1878.97,24,55.4,55.0,0.4,53.6,0.975,99.0,90.8,93.0,89.6,2,100.0,0,0.2,0,1.8,LOW,0.2,2.2
PRJ-2694,Railway,Andhra Pradesh,5133.34,33,45.9,39.7,6.2,44.2,1.113,77.3,79.8,77.7,81.6,47,89.0,4,4.3,0,3.5,MEDIUM,2.0,4.9
PRJ-2695,Bridge,West Bengal,3296.63,18,51.0,49.5,1.5,53.7,1.085,76.4,78.5,74.2,82.9,32,96.0,3,2.8,0,3.6,MEDIUM,2.0,7.5
PRJ-2696,Water Supply,Himachal Pradesh,508.28,27,72.3,34.3,38.0,45.3,1.321,51.7,37.7,39.1,35.9,182,49.6,2,10.0,5,8.3,CRITICAL,13.5,28.4
PRJ-2697,Urban Development,Madhya Pradesh,1011.48,21,78.5,76.7,1.8,81.4,1.061,94.7,92.9,95.6,92.7,0,96.7,1,0.6,0,1.3,LOW,0.3,0.0
PRJ-2698,Airport,Telangana,5285.66,45,45.0,35.6,9.4,38.4,1.079,76.1,73.1,74.1,77.9,28,74.7,0,2.6,0,2.6,MEDIUM,2.0,7.1
PRJ-2699,Bridge,Gujarat,1180.42,27,87.5,66.1,21.4,80.5,1.218,45.8,50.5,41.2,41.6,145,75.6,5,5.8,3,7.1,CRITICAL,8.1,32.6
PRJ-2700,Highway,Assam,737.88,29,73.8,66.8,7.0,72.1,1.079,83.1,78.8,79.3,71.1,21,86.7,3,5.2,1,3.0,MEDIUM,2.8,5.7
PRJ-2701,Urban Development,Jammu & Kashmir,1217.98,17,35.0,27.7,7.3,29.7,1.072,73.1,73.8,82.7,70.3,32,80.7,1,3.7,0,2.7,MEDIUM,3.4,5.3
PRJ-2702,Metro,Uttar Pradesh,6508.61,34,58.1,43.9,14.2,49.9,1.137,68.5,54.4,54.9,68.1,87,74.3,2,5.1,2,6.6,HIGH,4.5,11.6
PRJ-2703,Irrigation,Maharashtra,269.7,22,39.8,21.2,18.6,25.1,1.184,63.4,61.8,67.1,56.7,80,57.2,2,3.2,3,6.7,HIGH,5.7,13.8
PRJ-2704,Water Supply,Tamil Nadu,1263.21,31,73.7,73.7,0.0,69.6,0.944,90.2,97.9,97.1,97.3,5,100.0,1,1.0,0,0.7,LOW,0.1,0.4
PRJ-2705,Airport,Jammu & Kashmir,3269.91,57,73.2,73.0,0.2,74.3,1.018,97.8,98.3,99.2,89.0,0,99.5,0,1.4,0,1.6,LOW,0.2,0.0
PRJ-2706,Bridge,Gujarat,602.27,22,74.5,62.9,11.6,71.0,1.129,70.3,61.8,65.1,61.6,86,91.1,2,6.7,2,6.0,HIGH,4.8,15.6
PRJ-2707,Highway,West Bengal,5898.38,52,57.3,45.2,12.1,49.5,1.095,57.6,63.5,63.3,59.9,58,80.0,1,3.1,1,5.2,HIGH,5.9,17.1
PRJ-2708,Metro,Telangana,8396.22,24,31.6,31.6,0.0,31.7,1.003,89.3,97.4,91.3,87.0,3,98.0,0,1.9,0,1.6,LOW,0.2,1.0
PRJ-2709,Railway,Jammu & Kashmir,2873.89,49,24.9,23.6,1.3,23.1,0.979,93.8,88.2,93.3,95.3,0,95.3,0,3.9,0,1.7,LOW,0.1,1.7
PRJ-2710,Railway,Telangana,2511.01,38,40.5,39.7,0.8,39.4,0.992,96.4,86.3,89.4,91.0,9,96.2,0,1.9,0,1.7,LOW,0.1,1.8
PRJ-2711,Water Supply,Jammu & Kashmir,922.92,45,64.5,63.3,1.2,67.1,1.06,98.2,92.9,95.4,91.4,5,93.2,1,2.0,0,1.4,LOW,0.1,1.6
PRJ-2712,Power Infrastructure,Madhya Pradesh,580.74,35,62.8,62.8,0.0,66.8,1.064,97.1,88.6,96.6,90.3,3,100.0,2,1.4,0,1.5,LOW,0.3,1.0
PRJ-2713,Railway,Himachal Pradesh,2503.82,45,67.1,33.4,33.7,46.6,1.395,40.6,31.3,37.8,43.4,153,48.1,7,7.3,5,8.8,CRITICAL,11.9,23.8
PRJ-2714,Water Supply,Bihar,271.27,28,83.6,47.8,35.8,65.6,1.372,46.2,32.9,45.0,46.0,110,59.4,7,5.9,3,7.5,CRITICAL,13.7,33.1
PRJ-2715,Irrigation,Assam,1083.85,41,33.7,33.7,0.0,34.4,1.021,93.3,91.0,97.0,92.1,0,99.9,1,2.8,0,1.7,LOW,0.2,2.3
PRJ-2716,Irrigation,Bihar,849.09,28,48.3,48.3,0.0,48.2,0.998,94.1,87.3,96.6,85.9,0,100.0,0,2.3,0,1.3,LOW,0.0,1.9
PRJ-2717,Power Infrastructure,Uttar Pradesh,3299.58,22,70.5,38.5,32.0,53.9,1.4,44.7,40.8,50.3,32.8,173,48.4,8,8.9,3,8.0,CRITICAL,8.8,25.7
PRJ-2718,Airport,Delhi NCR,2772.15,49,86.1,62.0,24.1,82.6,1.332,53.2,48.1,37.8,46.4,203,68.6,8,5.0,2,8.6,CRITICAL,10.2,25.9
PRJ-2719,Power Infrastructure,Madhya Pradesh,725.33,50,78.8,67.2,11.6,76.2,1.134,62.6,66.4,63.0,62.4,64,80.8,3,5.3,1,7.2,HIGH,5.6,12.1
PRJ-2720,Bridge,Madhya Pradesh,669.64,23,24.2,10.2,14.0,12.3,1.206,59.5,62.9,63.5,66.2,85,47.4,9,6.0,1,6.5,HIGH,4.4,16.2
PRJ-2721,Highway,Karnataka,2720.4,43,64.2,62.3,1.9,63.8,1.024,98.3,92.2,88.2,89.7,2,96.2,0,1.0,0,1.1,LOW,0.4,0.4
PRJ-2722,Railway,Tamil Nadu,2197.99,32,20.3,17.4,2.9,17.3,0.994,73.7,70.3,84.9,75.0,30,84.8,1,2.3,1,3.9,MEDIUM,2.1,5.5
PRJ-2723,Irrigation,Himachal Pradesh,2242.19,28,55.6,41.4,14.2,46.6,1.126,55.1,63.6,66.9,60.9,85,81.0,2,8.3,3,5.2,HIGH,5.0,13.4
PRJ-2724,Water Supply,Rajasthan,1674.51,23,58.4,54.6,3.8,54.1,0.991,80.7,76.3,86.8,70.6,25,93.1,1,3.8,1,3.5,MEDIUM,2.1,8.2
PRJ-2725,Urban Development,Uttar Pradesh,625.91,30,77.4,72.7,4.7,72.0,0.99,83.2,78.7,79.4,77.8,30,97.2,0,1.7,1,3.0,MEDIUM,2.6,7.5
PRJ-2726,Water Supply,Uttarakhand,2237.3,21,21.3,21.3,0.0,20.9,0.981,94.4,92.2,98.2,92.9,0,100.0,1,3.3,0,0.6,LOW,0.3,1.4
PRJ-2727,Water Supply,Himachal Pradesh,2766.07,20,35.5,20.0,15.5,23.7,1.185,70.7,54.0,60.6,62.1,68,56.0,3,5.2,2,5.7,HIGH,5.2,10.1
PRJ-2728,Power Infrastructure,Rajasthan,1940.65,46,51.2,49.0,2.2,53.3,1.088,79.0,74.2,76.4,79.3,30,93.6,3,2.9,0,3.8,MEDIUM,2.6,6.3
PRJ-2729,Power Infrastructure,Telangana,2913.25,42,79.9,79.6,0.3,83.0,1.043,93.5,98.3,88.3,89.1,2,100.0,0,2.0,0,0.8,LOW,0.2,0.8
PRJ-2730,Railway,Assam,4726.04,56,90.4,88.0,2.4,94.0,1.068,83.8,78.7,85.4,82.6,30,100.0,2,3.4,1,4.5,MEDIUM,2.1,3.3
PRJ-2731,Highway,Uttarakhand,3530.83,35,55.8,40.1,15.7,48.2,1.202,62.7,62.5,66.3,61.8,65,75.9,3,6.7,2,7.0,HIGH,4.7,11.2
PRJ-2732,Urban Development,Karnataka,173.3,25,41.0,25.0,16.0,30.2,1.208,65.9,59.8,63.5,61.4,66,61.5,4,5.4,1,6.8,HIGH,5.8,14.7
PRJ-2733,Railway,Delhi NCR,8214.79,49,89.5,86.1,3.4,91.4,1.062,73.9,83.3,80.8,77.6,31,96.6,1,2.2,1,4.3,MEDIUM,2.6,6.4
PRJ-2734,Metro,Bihar,1247.4,68,56.7,56.4,0.3,57.8,1.025,94.4,95.5,96.4,89.5,5,98.4,0,0.8,0,0.8,LOW,0.0,1.0
PRJ-2735,Bridge,West Bengal,810.39,42,43.6,38.6,5.0,41.3,1.07,80.8,75.4,86.9,82.5,30,85.8,2,2.1,0,3.1,MEDIUM,2.2,4.5
PRJ-2736,Metro,Uttar Pradesh,9107.06,55,65.1,63.6,1.5,62.0,0.975,74.4,77.3,78.9,72.0,40,96.3,1,3.1,1,3.5,MEDIUM,3.7,7.1
PRJ-2737,Water Supply,Tamil Nadu,282.11,33,67.8,63.9,3.9,68.4,1.07,72.1,74.7,72.8,72.6,20,96.0,2,2.9,1,3.6,MEDIUM,1.9,6.9
PRJ-2738,Water Supply,West Bengal,1699.26,31,72.5,62.4,10.1,73.3,1.175,56.7,59.4,62.4,62.3,110,84.8,5,4.9,2,5.7,HIGH,6.2,16.3
PRJ-2739,Metro,Madhya Pradesh,4481.67,39,55.0,41.4,13.6,50.0,1.208,62.7,68.3,69.4,58.8,45,77.1,6,6.0,3,6.7,HIGH,6.9,15.3
PRJ-2740,Irrigation,Tamil Nadu,1596.11,25,28.2,7.2,21.0,9.3,1.292,47.9,47.3,44.8,46.6,149,27.8,5,6.2,4,8.0,CRITICAL,10.5,29.6
PRJ-2741,Railway,Assam,7436.78,35,77.1,77.1,0.0,76.0,0.986,90.7,95.9,90.2,90.7,0,98.8,0,3.5,0,1.9,LOW,0.1,1.6
PRJ-2742,Urban Development,Assam,3205.76,25,20.4,20.4,0.0,20.9,1.025,98.3,87.9,96.4,96.1,5,96.7,0,1.3,0,1.7,LOW,0.5,1.6
PRJ-2743,Urban Development,Andhra Pradesh,666.8,32,90.0,75.6,14.4,86.3,1.142,62.2,60.4,66.1,57.8,102,79.4,2,5.7,1,5.9,HIGH,6.2,14.3
PRJ-2744,Airport,Uttarakhand,5450.93,49,60.9,25.4,35.5,35.6,1.402,40.7,34.9,42.7,38.4,157,41.5,6,6.6,4,9.1,CRITICAL,12.3,30.1
PRJ-2745,Power Infrastructure,Maharashtra,1168.05,39,90.9,90.9,0.0,90.0,0.99,96.2,88.9,92.0,93.5,0,99.4,0,1.1,0,1.9,LOW,0.2,0.3
PRJ-2746,Urban Development,Odisha,1391.22,28,37.1,30.6,6.5,34.0,1.111,74.7,77.0,85.1,74.7,31,77.6,2,1.7,0,4.0,MEDIUM,2.9,10.1
PRJ-2747,Railway,Odisha,4811.58,25,84.5,79.4,5.1,79.3,0.999,80.7,76.2,79.9,70.8,18,92.6,1,2.6,0,4.3,MEDIUM,2.3,5.7
PRJ-2748,Metro,Karnataka,2232.46,40,52.8,52.8,0.0,55.1,1.044,98.0,93.2,97.4,89.0,3,97.3,0,2.3,0,1.2,LOW,0.2,0.2
PRJ-2749,Railway,Gujarat,2217.74,42,52.5,51.2,1.3,50.8,0.992,94.5,93.5,93.1,86.1,2,100.0,1,2.1,0,1.3,LOW,0.3,1.8
PRJ-2750,Railway,Telangana,2449.75,29,65.8,54.9,10.9,60.1,1.095,55.9,59.4,62.6,68.6,79,89.0,2,6.2,3,6.5,HIGH,6.5,9.7
PRJ-2751,Urban Development,Kerala,1244.99,23,32.6,31.0,1.6,32.9,1.061,95.7,87.6,92.8,97.4,0,94.6,0,3.8,0,0.8,LOW,0.1,0.8
PRJ-2752,Water Supply,Madhya Pradesh,1187.04,17,34.5,26.2,8.3,29.7,1.134,63.5,56.8,54.2,55.2,86,79.5,5,4.7,2,6.7,HIGH,5.7,14.8
PRJ-2753,Water Supply,Jammu & Kashmir,363.96,20,76.2,75.6,0.6,77.4,1.024,88.1,98.5,96.9,97.5,1,100.0,0,2.2,0,1.7,LOW,0.1,1.0
PRJ-2754,Power Infrastructure,Uttar Pradesh,539.61,38,78.9,70.1,8.8,78.2,1.116,70.4,52.9,56.6,68.4,85,86.7,5,4.9,2,5.2,HIGH,7.0,16.5
PRJ-2755,Metro,Madhya Pradesh,2477.7,54,60.8,60.8,0.0,61.8,1.016,90.6,97.6,88.6,88.8,0,100.0,0,1.7,0,0.8,LOW,0.4,1.9
PRJ-2756,Water Supply,Karnataka,544.36,26,62.2,58.1,4.1,61.5,1.059,84.9,81.9,79.7,73.8,23,90.8,2,2.7,1,4.3,MEDIUM,2.5,8.7
PRJ-2757,Water Supply,Uttar Pradesh,906.43,21,30.8,3.6,27.2,5.0,1.389,42.9,47.8,47.6,53.8,141,15.0,5,9.3,4,7.0,CRITICAL,11.6,24.3
PRJ-2758,Water Supply,Andhra Pradesh,226.51,14,86.5,81.9,4.6,86.5,1.056,74.9,76.8,72.8,71.9,41,97.8,4,2.3,0,4.6,MEDIUM,2.8,7.7
PRJ-2759,Bridge,Uttar Pradesh,923.99,44,77.8,66.4,11.4,74.4,1.12,65.9,58.6,63.0,57.6,76,82.3,4,5.5,1,6.9,HIGH,5.1,15.5
PRJ-2760,Power Infrastructure,Madhya Pradesh,3789.84,38,78.0,64.4,13.6,75.6,1.174,61.8,53.9,65.8,56.7,119,87.1,5,3.3,1,7.1,HIGH,6.8,12.6
PRJ-2761,Irrigation,Maharashtra,269.11,33,64.2,64.2,0.0,66.3,1.033,97.9,91.9,94.2,89.2,3,94.3,1,2.4,0,2.1,LOW,0.0,0.3
PRJ-2762,Irrigation,Telangana,622.89,44,39.7,16.8,22.9,22.0,1.31,50.7,43.5,51.6,53.4,168,39.1,8,8.6,2,8.5,CRITICAL,12.4,27.5
PRJ-2763,Airport,Madhya Pradesh,4003.89,49,27.5,2.0,25.5,5.0,2.5,41.0,38.4,51.1,34.9,216,15.0,6,5.4,4,7.8,CRITICAL,14.7,26.8
PRJ-2764,Power Infrastructure,Gujarat,1006.03,34,34.6,33.1,1.5,35.5,1.073,74.0,80.8,78.3,78.7,30,92.9,2,2.6,1,4.2,MEDIUM,3.8,6.6
PRJ-2765,Bridge,Karnataka,2087.61,28,57.5,57.1,0.4,59.7,1.046,88.2,95.7,90.0,92.2,0,99.3,1,1.8,0,1.9,LOW,0.0,1.6
PRJ-2766,Airport,Delhi NCR,2321.4,54,68.7,59.3,9.4,63.8,1.076,84.7,78.9,83.1,73.6,34,87.5,2,2.8,0,2.6,MEDIUM,1.8,6.9
PRJ-2767,Irrigation,Madhya Pradesh,1345.99,45,80.9,77.2,3.7,80.0,1.036,78.9,79.6,73.1,74.5,26,100.0,1,4.3,0,3.8,MEDIUM,2.7,5.2
PRJ-2768,Water Supply,Tamil Nadu,618.57,27,85.0,80.0,5.0,92.9,1.161,79.8,81.0,76.4,72.6,24,96.5,3,2.7,0,4.5,MEDIUM,3.4,5.3
PRJ-2769,Bridge,Delhi NCR,934.1,37,88.1,88.1,0.0,87.5,0.993,96.3,91.7,99.4,97.7,0,98.3,0,1.2,0,1.3,LOW,0.5,0.5
PRJ-2770,Bridge,Odisha,2993.63,18,86.8,79.6,7.2,90.6,1.138,82.2,75.0,80.8,81.7,35,93.6,0,3.5,0,3.6,MEDIUM,1.8,8.8
PRJ-2771,Power Infrastructure,Uttarakhand,879.36,39,63.2,31.6,31.6,37.7,1.193,51.4,31.2,40.4,35.4,141,47.9,3,7.3,3,9.4,CRITICAL,9.7,30.0
PRJ-2772,Irrigation,Uttar Pradesh,253.77,12,61.1,61.1,0.0,64.4,1.054,95.8,91.7,91.5,86.8,0,99.7,0,2.2,0,1.5,LOW,0.2,0.6
PRJ-2773,Urban Development,Bihar,348.77,31,32.3,32.1,0.2,31.5,0.981,93.0,94.1,92.8,92.5,0,100.0,0,0.5,0,1.8,LOW,0.0,2.2
PRJ-2774,Railway,Telangana,2205.06,53,47.1,47.1,0.0,46.6,0.989,93.3,90.1,94.2,92.1,0,100.0,0,1.0,0,1.0,LOW,0.0,0.5
PRJ-2775,Urban Development,Assam,1243.84,22,21.3,16.4,4.9,17.9,1.091,72.6,74.9,85.3,75.9,26,76.1,4,3.4,0,2.8,MEDIUM,3.3,6.1
PRJ-2776,Metro,Uttarakhand,1265.98,61,70.1,35.8,34.3,48.4,1.352,53.8,45.6,43.6,43.8,135,44.3,7,8.3,4,8.7,CRITICAL,13.1,26.0
PRJ-2777,Highway,Bihar,1785.58,41,60.3,56.9,3.4,58.5,1.028,84.5,79.9,85.8,83.3,31,92.9,2,3.2,1,4.8,MEDIUM,2.2,5.6
PRJ-2778,Bridge,West Bengal,693.85,33,23.1,23.1,0.0,23.6,1.022,98.4,97.0,88.1,97.2,3,95.5,0,0.3,0,1.1,LOW,0.0,1.3
PRJ-2779,Highway,Rajasthan,975.83,31,23.3,10.2,13.1,12.5,1.225,58.7,64.8,54.9,57.3,81,45.0,1,3.8,3,6.7,HIGH,6.7,9.7
PRJ-2780,Highway,Delhi NCR,2248.65,38,23.2,18.0,5.2,17.5,0.972,77.0,73.3,75.2,80.1,29,82.5,0,1.7,1,4.7,MEDIUM,2.2,4.1
PRJ-2781,Highway,Kerala,819.23,39,24.8,24.5,0.3,25.6,1.045,97.0,92.5,96.3,95.1,0,96.9,2,1.2,0,2.1,LOW,0.1,1.8
PRJ-2782,Bridge,Madhya Pradesh,3039.07,43,28.9,24.8,4.1,25.5,1.028,72.7,84.1,76.9,78.2,32,85.6,2,2.9,0,2.8,MEDIUM,1.7,6.8
PRJ-2783,Irrigation,Delhi NCR,546.77,26,30.8,13.1,17.7,15.2,1.16,61.2,58.1,56.4,62.9,98,42.2,0,4.4,3,7.0,HIGH,5.1,11.7
PRJ-2784,Urban Development,Assam,716.73,21,26.7,26.7,0.0,26.6,0.996,92.9,86.0,97.8,91.1,0,98.3,0,2.7,0,1.8,LOW,0.0,0.3
PRJ-2785,Railway,Maharashtra,2581.86,55,50.3,26.0,24.3,32.5,1.25,46.3,43.0,35.7,44.1,151,53.0,5,8.7,3,8.1,CRITICAL,9.5,26.6
PRJ-2786,Bridge,Kerala,823.98,35,34.7,14.0,20.7,17.6,1.257,38.3,33.4,37.3,44.5,129,39.5,7,10.0,2,9.3,CRITICAL,8.6,24.7
PRJ-2787,Power Infrastructure,Delhi NCR,3190.98,28,28.6,19.4,9.2,21.7,1.119,75.9,79.7,83.6,73.8,23,61.1,3,4.5,0,4.8,MEDIUM,3.0,9.2
PRJ-2788,Metro,Jammu & Kashmir,3891.77,32,88.8,85.5,3.3,93.1,1.089,72.2,82.6,73.4,76.4,48,92.4,4,3.5,0,3.1,MEDIUM,2.7,5.7
PRJ-2789,Urban Development,Kerala,375.05,37,37.2,26.0,11.2,29.4,1.131,69.1,53.3,61.1,64.8,110,73.2,5,7.0,2,5.2,HIGH,6.1,15.0
PRJ-2790,Irrigation,Bihar,493.47,29,54.0,54.0,0.0,52.5,0.972,95.6,87.5,94.8,94.6,9,98.0,0,1.0,0,1.9,LOW,0.3,1.0
PRJ-2791,Airport,Tamil Nadu,3986.66,55,91.1,66.1,25.0,86.4,1.307,39.5,33.4,39.7,39.3,164,72.0,6,6.0,4,9.3,CRITICAL,12.5,27.2
PRJ-2792,Airport,Maharashtra,6227.72,60,69.6,54.4,15.2,63.5,1.167,62.7,68.9,59.4,62.7,74,79.7,3,3.4,3,6.7,HIGH,5.8,11.3
PRJ-2793,Water Supply,Uttar Pradesh,1619.96,35,79.7,68.5,11.2,76.0,1.109,62.0,68.8,54.1,64.7,80,86.7,4,4.7,3,6.5,HIGH,6.3,16.1
PRJ-2794,Metro,West Bengal,9887.59,53,86.3,85.8,0.5,87.3,1.017,98.4,86.5,91.5,96.7,10,99.0,0,1.1,0,1.8,LOW,0.0,2.1
PRJ-2795,Bridge,Rajasthan,550.99,32,64.9,64.9,0.0,67.6,1.042,94.8,93.7,88.5,85.9,4,97.3,0,1.3,0,1.4,LOW,0.1,3.0
PRJ-2796,Bridge,Madhya Pradesh,4104.7,18,80.5,75.5,5.0,79.9,1.058,77.3,74.3,86.3,72.3,27,93.8,0,2.3,0,2.9,MEDIUM,3.0,8.8
PRJ-2797,Water Supply,Uttarakhand,1081.77,42,80.2,80.2,0.0,79.0,0.985,89.2,90.9,88.2,93.4,5,100.0,0,2.3,0,1.4,LOW,0.3,0.0
PRJ-2798,Highway,Maharashtra,677.87,22,87.7,87.7,0.0,89.3,1.018,97.9,93.7,97.0,90.3,0,100.0,0,1.2,0,0.6,LOW,0.3,1.1
PRJ-2799,Power Infrastructure,Karnataka,690.86,34,29.4,22.4,7.0,23.9,1.067,77.1,83.9,76.0,78.3,29,74.9,1,2.0,1,3.7,MEDIUM,2.3,8.0
PRJ-2800,Metro,Maharashtra,5044.27,44,31.3,25.4,5.9,27.7,1.091,84.3,70.6,79.6,77.1,34,82.2,3,1.7,1,2.7,MEDIUM,2.8,6.0
PRJ-2801,Bridge,Madhya Pradesh,1935.18,26,22.7,16.9,5.8,18.0,1.065,79.7,76.8,73.8,72.2,29,71.4,0,3.5,0,3.1,MEDIUM,1.7,8.2
PRJ-2802,Airport,Madhya Pradesh,4911.08,43,63.0,54.8,8.2,57.6,1.051,77.2,70.8,80.8,73.2,40,83.3,1,2.9,0,4.3,MEDIUM,3.1,8.2
PRJ-2803,Water Supply,Assam,294.48,29,47.5,28.9,18.6,34.4,1.19,63.1,54.5,68.7,66.0,56,57.9,4,4.6,2,6.8,HIGH,5.9,13.1
PRJ-2804,Irrigation,Delhi NCR,337.19,30,61.5,61.3,0.2,58.2,0.949,98.2,97.0,98.2,89.8,3,100.0,2,1.5,0,0.6,LOW,0.4,1.8
PRJ-2805,Airport,West Bengal,3402.55,51,69.3,63.6,5.7,69.1,1.086,73.8,78.7,80.0,70.6,33,91.4,2,4.3,0,3.1,MEDIUM,2.9,8.1
PRJ-2806,Power Infrastructure,Telangana,3905.77,39,59.6,50.4,9.2,56.3,1.117,77.2,81.5,79.6,79.2,38,88.8,3,3.9,1,2.7,MEDIUM,2.1,7.6
PRJ-2807,Urban Development,Assam,1160.71,15,36.9,13.8,23.1,17.4,1.261,49.3,48.4,50.6,51.7,186,38.7,7,10.0,4,8.1,CRITICAL,10.1,27.1
PRJ-2808,Railway,Maharashtra,1359.21,56,31.9,24.1,7.8,27.2,1.129,82.6,82.5,78.0,77.2,45,73.5,4,1.8,0,3.6,MEDIUM,2.2,6.1
PRJ-2809,Urban Development,Kerala,1789.52,20,71.6,70.8,0.8,67.7,0.956,92.3,97.2,93.4,98.0,4,97.2,0,3.9,0,0.8,LOW,0.5,1.3
PRJ-2810,Urban Development,Telangana,282.11,23,87.8,87.1,0.7,84.2,0.967,97.8,88.1,90.6,93.8,0,99.4,0,1.5,0,1.4,LOW,0.2,0.5
PRJ-2811,Airport,Gujarat,1563.87,36,27.5,17.9,9.6,21.6,1.207,68.4,61.9,62.1,66.0,69,65.6,7,4.1,2,7.1,HIGH,5.0,13.6
PRJ-2812,Power Infrastructure,Tamil Nadu,2941.35,31,91.4,64.2,27.2,81.3,1.266,45.4,50.8,48.0,38.7,131,73.0,3,9.0,3,7.5,CRITICAL,9.2,25.2
PRJ-2813,Irrigation,Madhya Pradesh,830.12,33,53.7,47.9,5.8,50.5,1.054,83.9,72.2,81.4,74.7,21,91.0,1,1.5,0,2.6,MEDIUM,2.3,9.2
PRJ-2814,Irrigation,Madhya Pradesh,1169.03,28,82.0,77.7,4.3,82.0,1.055,80.5,74.0,85.1,73.3,33,95.8,2,4.2,0,4.5,MEDIUM,1.9,7.3
PRJ-2815,Airport,Telangana,2344.54,36,57.5,46.9,10.6,52.6,1.122,59.8,67.0,54.9,62.0,66,77.1,4,6.2,1,6.9,HIGH,4.4,13.9
PRJ-2816,Bridge,Karnataka,3160.39,28,38.2,29.7,8.5,30.7,1.034,84.6,80.3,75.9,70.2,31,81.1,0,4.2,0,4.4,MEDIUM,2.0,3.9
PRJ-2817,Urban Development,Rajasthan,287.29,27,43.2,29.0,14.2,33.3,1.148,66.3,57.6,56.9,68.0,95,70.0,3,5.5,1,5.5,HIGH,4.6,17.4
PRJ-2818,Highway,Assam,2353.4,23,48.6,32.8,15.8,38.5,1.174,62.9,60.7,57.8,55.6,60,70.6,5,6.4,1,6.6,HIGH,4.6,12.7
PRJ-2819,Irrigation,Karnataka,403.28,12,66.0,65.8,0.2,68.6,1.043,96.9,92.1,89.8,87.4,0,98.5,1,0.6,0,1.4,LOW,0.3,0.0
PRJ-2820,Highway,Jammu & Kashmir,797.26,40,66.8,66.8,0.0,68.1,1.019,95.7,90.0,96.0,91.3,4,100.0,0,3.1,0,2.0,LOW,0.0,2.4
PRJ-2821,Airport,Madhya Pradesh,4916.14,50,46.7,42.2,4.5,44.8,1.062,79.3,81.1,81.4,77.0,30,91.1,0,2.3,0,3.7,MEDIUM,2.5,6.9
PRJ-2822,Water Supply,Assam,272.97,20,57.0,39.9,17.1,46.5,1.165,62.1,56.5,67.6,62.8,79,71.9,3,6.2,1,5.7,HIGH,6.6,9.8
PRJ-2823,Water Supply,Uttar Pradesh,904.34,27,45.4,45.4,0.0,46.3,1.02,88.0,90.2,88.9,89.1,0,100.0,0,2.3,0,2.1,LOW,0.4,0.8
PRJ-2824,Bridge,Andhra Pradesh,5594.88,39,59.6,58.1,1.5,59.6,1.026,72.4,79.3,80.4,72.5,46,96.0,0,2.9,0,3.7,MEDIUM,3.3,5.5
PRJ-2825,Bridge,Himachal Pradesh,684.31,31,51.1,49.9,1.2,49.9,1.0,88.0,98.2,88.2,90.5,0,100.0,0,3.0,0,1.3,LOW,0.3,0.2
PRJ-2826,Power Infrastructure,Kerala,999.88,35,53.4,48.3,5.1,54.7,1.133,72.0,73.2,73.4,82.2,44,91.1,5,2.7,0,4.1,MEDIUM,2.1,7.0
PRJ-2827,Urban Development,Telangana,2016.28,31,56.1,37.7,18.4,41.7,1.106,58.0,68.0,60.0,62.3,73,71.9,1,5.5,1,6.8,HIGH,7.0,14.6
PRJ-2828,Metro,Himachal Pradesh,4876.87,51,81.5,67.0,14.5,79.7,1.19,67.3,67.6,59.5,57.5,61,83.1,8,6.9,3,6.8,HIGH,6.1,13.8
PRJ-2829,Metro,Telangana,6183.95,67,25.3,25.3,0.0,25.4,1.004,97.4,93.3,88.5,90.5,0,99.8,0,2.0,0,2.1,LOW,0.0,0.0
PRJ-2830,Railway,Jammu & Kashmir,8590.04,46,77.8,76.8,1.0,80.8,1.052,95.6,87.9,99.2,92.4,3,99.7,0,2.0,0,1.5,LOW,0.2,0.6
PRJ-2831,Metro,Madhya Pradesh,2525.95,24,64.5,56.5,8.0,62.3,1.103,63.1,59.2,58.7,57.4,92,88.3,0,6.7,1,6.9,HIGH,5.1,12.1
PRJ-2832,Urban Development,Bihar,1332.84,22,83.5,64.9,18.6,83.0,1.279,55.4,56.3,66.9,67.6,104,71.5,5,4.7,2,6.6,HIGH,6.9,9.6
PRJ-2833,Irrigation,Tamil Nadu,912.9,40,66.8,57.2,9.6,60.8,1.063,63.1,67.0,67.9,57.9,64,85.3,3,6.0,3,7.1,HIGH,4.7,15.1
PRJ-2834,Bridge,Kerala,2126.48,32,52.2,35.4,16.8,40.4,1.141,63.4,62.3,55.6,66.0,85,70.8,1,5.9,3,5.5,HIGH,6.1,12.1
PRJ-2835,Bridge,Telangana,2379.73,43,75.4,61.8,13.6,70.9,1.147,64.1,68.1,68.3,63.4,85,80.2,5,3.9,1,7.1,HIGH,7.7,12.7
PRJ-2836,Water Supply,Andhra Pradesh,305.71,35,38.2,29.7,8.5,32.2,1.084,72.6,82.5,84.1,70.3,24,76.0,2,1.9,0,3.5,MEDIUM,3.0,6.7
PRJ-2837,Irrigation,Madhya Pradesh,274.06,34,73.0,58.1,14.9,68.0,1.17,61.6,64.9,61.5,67.2,60,80.5,2,3.9,2,6.9,HIGH,4.0,13.1
PRJ-2838,Airport,Delhi NCR,5523.09,48,37.7,34.0,3.7,36.5,1.074,80.9,77.0,85.0,73.0,30,87.6,1,2.4,1,3.1,MEDIUM,2.6,6.9
PRJ-2839,Railway,Jammu & Kashmir,19386.33,52,88.0,82.0,6.0,86.7,1.057,75.0,81.0,83.8,81.0,50,94.3,2,5.1,0,3.9,MEDIUM,2.3,7.5
PRJ-2840,Highway,Tamil Nadu,616.2,44,25.2,21.6,3.6,22.7,1.051,81.8,79.4,79.5,70.0,23,84.7,0,4.4,1,3.1,MEDIUM,2.0,6.4
PRJ-2841,Power Infrastructure,West Bengal,1518.34,42,43.7,18.0,25.7,21.6,1.2,53.2,31.9,50.4,33.7,131,40.0,1,7.4,3,9.0,CRITICAL,8.6,28.5
PRJ-2842,Urban Development,Gujarat,718.94,23,88.9,59.4,29.5,79.4,1.337,38.8,51.6,43.3,34.3,152,70.5,7,9.2,5,8.7,CRITICAL,10.6,29.0
PRJ-2843,Water Supply,Uttarakhand,1025.28,30,80.0,78.8,1.2,86.4,1.096,95.1,86.4,99.4,95.3,0,97.3,2,3.2,0,0.9,LOW,0.3,1.6
PRJ-2844,Airport,Odisha,5373.42,24,91.2,82.8,8.4,93.5,1.129,78.7,81.6,80.1,70.8,36,92.7,0,4.4,0,3.7,MEDIUM,3.4,6.3
PRJ-2845,Highway,Karnataka,891.8,51,68.7,54.3,14.4,62.3,1.147,64.7,62.4,60.9,59.5,110,84.7,5,6.8,1,7.0,HIGH,6.6,15.8
PRJ-2846,Metro,West Bengal,6322.41,64,66.0,52.9,13.1,63.4,1.198,60.9,68.4,60.4,67.9,76,79.4,5,3.6,1,5.6,HIGH,5.6,13.8
PRJ-2847,Irrigation,Odisha,1000.2,19,50.4,41.3,9.1,44.7,1.082,81.0,77.6,72.9,77.5,43,87.2,0,3.0,1,3.7,MEDIUM,2.0,10.2
PRJ-2848,Power Infrastructure,Karnataka,3041.45,30,42.9,37.7,5.2,42.4,1.125,82.7,76.5,74.7,75.5,27,87.7,1,4.4,0,4.2,MEDIUM,1.9,4.0
PRJ-2849,Irrigation,Bihar,277.64,23,50.7,37.1,13.6,43.6,1.175,70.9,67.2,68.1,64.1,64,73.2,2,5.6,1,7.0,HIGH,5.8,18.2
PRJ-2850,Railway,Jammu & Kashmir,3542.43,57,84.6,83.5,1.1,83.3,0.998,90.2,91.6,90.9,85.9,5,100.0,0,2.5,0,1.0,LOW,0.2,0.8
PRJ-2851,Irrigation,Bihar,2213.01,18,49.9,48.2,1.7,47.0,0.975,97.7,86.1,99.7,86.8,2,94.7,1,0.6,0,1.2,LOW,0.1,4.4
PRJ-2852,Irrigation,Uttar Pradesh,262.05,15,26.0,12.7,13.3,14.6,1.15,68.7,61.5,68.2,67.4,81,48.9,2,6.2,2,6.4,HIGH,6.2,15.5
PRJ-2853,Highway,Delhi NCR,4615.62,32,80.5,72.4,8.1,76.5,1.057,73.6,83.0,82.9,79.4,39,90.5,0,2.0,0,3.4,MEDIUM,2.0,6.0
PRJ-2854,Airport,West Bengal,6215.99,80,54.6,41.6,13.0,46.0,1.106,56.0,56.5,58.8,67.8,77,73.1,2,3.7,2,6.0,HIGH,6.1,16.8
PRJ-2855,Metro,Bihar,1710.48,41,46.6,32.0,14.6,35.7,1.116,56.0,53.1,58.9,63.0,109,70.2,0,6.1,3,6.7,HIGH,5.8,17.4
PRJ-2856,Power Infrastructure,Tamil Nadu,4171.59,33,80.0,78.3,1.7,79.2,1.011,75.4,70.4,86.7,71.8,32,97.4,1,2.2,0,4.0,MEDIUM,1.9,5.7
PRJ-2857,Metro,Odisha,2395.48,36,74.8,66.1,8.7,72.2,1.092,66.6,68.9,66.2,65.7,79,86.5,3,3.6,3,6.2,HIGH,5.4,16.2
PRJ-2858,Water Supply,Assam,2603.89,27,91.0,70.6,20.4,89.3,1.265,40.2,49.0,51.3,48.0,150,77.0,6,8.6,3,9.0,CRITICAL,9.4,22.3
PRJ-2859,Water Supply,Jammu & Kashmir,1651.39,31,45.4,42.1,3.3,42.2,1.002,79.5,83.8,81.4,74.7,29,98.0,0,4.9,1,2.9,MEDIUM,2.4,4.9
PRJ-2860,Water Supply,Maharashtra,1219.73,20,89.9,78.9,11.0,95.9,1.215,64.8,60.4,64.7,68.1,60,90.9,10,5.8,3,5.1,HIGH,4.4,16.0
PRJ-2861,Highway,Himachal Pradesh,2327.74,26,58.6,57.6,1.0,61.1,1.061,96.8,91.5,98.1,97.2,8,97.3,0,2.8,0,1.1,LOW,0.2,2.1
PRJ-2862,Bridge,Kerala,5536.75,24,35.1,29.1,6.0,32.5,1.117,75.7,75.4,76.4,75.8,44,82.3,3,4.2,1,4.5,MEDIUM,1.6,4.5
PRJ-2863,Highway,Andhra Pradesh,3695.7,38,68.8,65.5,3.3,68.9,1.052,80.4,79.5,81.0,83.1,27,95.4,0,3.7,1,3.3,MEDIUM,2.2,8.2
PRJ-2864,Urban Development,West Bengal,1024.82,12,56.0,36.1,19.9,40.3,1.116,47.2,32.4,39.9,50.1,184,65.8,3,7.4,2,7.8,CRITICAL,8.6,25.3
PRJ-2865,Highway,Maharashtra,2575.05,30,25.7,22.3,3.4,23.0,1.031,74.8,73.2,75.5,73.5,30,84.4,0,2.4,1,3.2,MEDIUM,2.4,6.4
PRJ-2866,Bridge,Rajasthan,1697.56,36,50.4,38.6,11.8,42.8,1.109,62.8,64.3,65.3,67.1,120,77.3,2,3.5,1,6.2,HIGH,4.7,15.4
PRJ-2867,Irrigation,Telangana,167.76,26,26.2,25.4,0.8,25.1,0.988,88.9,92.4,94.1,86.0,0,100.0,0,1.5,0,1.6,LOW,0.0,0.0
PRJ-2868,Metro,Gujarat,1485.98,33,56.4,56.4,0.0,55.2,0.979,98.7,93.2,98.7,89.4,0,100.0,0,1.5,0,2.2,LOW,0.5,2.3
PRJ-2869,Water Supply,Uttarakhand,1187.41,20,54.8,53.2,1.6,53.1,0.998,94.8,91.4,89.8,91.8,3,93.1,0,4.0,0,1.1,LOW,0.7,2.0
PRJ-2870,Airport,Bihar,6187.62,40,49.9,37.8,12.1,44.8,1.185,63.5,67.9,55.3,59.8,84,74.8,6,3.4,3,6.0,HIGH,5.0,18.5
PRJ-2871,Railway,Uttar Pradesh,2039.45,46,21.4,18.1,3.3,18.0,0.994,89.5,98.5,88.4,89.6,5,77.6,0,2.4,0,1.2,LOW,0.2,1.3
PRJ-2872,Airport,Telangana,2410.98,33,86.7,86.3,0.4,89.4,1.036,93.6,86.4,89.5,95.8,0,100.0,1,2.3,0,1.7,LOW,0.7,0.3
PRJ-2873,Power Infrastructure,Uttarakhand,8265.71,40,37.3,26.1,11.2,30.2,1.157,63.6,65.7,59.1,64.3,76,75.4,3,5.9,1,6.6,HIGH,7.6,11.9
PRJ-2874,Urban Development,Andhra Pradesh,1210.93,26,20.3,20.3,0.0,21.2,1.044,92.8,90.3,89.5,93.2,4,98.3,1,2.3,0,0.6,LOW,0.4,1.2
PRJ-2875,Water Supply,Karnataka,661.2,25,46.8,46.6,0.2,46.9,1.006,93.3,93.9,92.4,89.8,5,98.2,0,0.4,0,1.4,LOW,0.5,1.5
PRJ-2876,Irrigation,Jammu & Kashmir,224.48,19,42.6,20.2,22.4,25.6,1.267,60.4,62.7,57.2,59.4,99,45.0,4,4.1,2,6.8,HIGH,6.3,15.3
PRJ-2877,Irrigation,West Bengal,2137.63,39,52.9,43.4,9.5,45.9,1.058,75.0,84.3,81.3,74.7,40,78.4,1,4.3,0,4.2,MEDIUM,2.3,7.5
PRJ-2878,Metro,Assam,2895.6,54,43.8,43.8,0.0,42.3,0.966,94.2,94.5,89.6,87.4,1,97.9,0,2.1,0,1.8,LOW,0.3,2.5
PRJ-2879,Highway,Rajasthan,758.41,39,21.7,19.5,2.2,19.8,1.015,77.8,73.9,85.2,74.9,30,93.7,2,3.4,0,3.5,MEDIUM,2.6,7.9
PRJ-2880,Bridge,Karnataka,682.86,39,86.8,62.7,24.1,79.4,1.266,53.6,40.1,54.5,33.0,118,71.8,4,8.7,3,7.2,CRITICAL,9.4,26.9
PRJ-2881,Bridge,Maharashtra,3175.09,43,33.4,19.2,14.2,21.8,1.135,60.3,53.4,56.7,62.6,87,56.9,3,6.5,3,6.5,HIGH,8.7,14.2
PRJ-2882,Urban Development,Bihar,496.1,30,49.8,47.9,1.9,48.7,1.017,90.9,93.0,91.5,97.5,6,94.9,2,2.3,0,1.0,LOW,0.1,0.9
PRJ-2883,Railway,Kerala,9384.67,50,37.1,18.2,18.9,22.3,1.225,59.4,56.7,65.2,68.9,63,46.6,6,4.2,1,6.6,HIGH,3.7,16.4
PRJ-2884,Highway,Assam,1194.15,27,63.6,62.9,0.7,65.1,1.035,98.3,98.1,96.6,93.3,0,100.0,1,2.0,0,1.1,LOW,0.6,0.0
PRJ-2885,Airport,Himachal Pradesh,6059.38,47,26.0,9.4,16.6,11.6,1.234,68.5,54.5,64.3,62.0,69,40.1,5,6.1,3,5.6,HIGH,5.3,11.6
PRJ-2886,Highway,Uttar Pradesh,1732.64,47,33.6,25.6,8.0,30.3,1.184,66.4,61.0,62.0,65.0,91,73.7,6,3.7,1,5.4,HIGH,6.2,16.0
PRJ-2887,Railway,Maharashtra,3675.91,57,33.1,32.5,0.6,32.6,1.003,93.3,91.9,93.9,96.2,2,96.7,0,0.6,0,1.9,LOW,0.3,1.7
PRJ-2888,Highway,Gujarat,6995.86,49,40.1,18.3,21.8,22.5,1.23,38.4,49.9,42.0,43.1,119,42.3,5,5.4,2,8.2,CRITICAL,14.8,24.6
PRJ-2889,Water Supply,Delhi NCR,1938.4,24,84.4,84.2,0.2,83.0,0.986,97.7,97.5,92.9,93.5,0,95.3,0,0.7,0,1.8,LOW,0.0,1.4
PRJ-2890,Water Supply,Gujarat,1788.33,27,35.3,29.1,6.2,30.2,1.038,74.7,84.0,75.2,75.0,38,81.7,0,4.5,0,4.3,MEDIUM,2.5,3.2
PRJ-2891,Urban Development,Madhya Pradesh,566.11,40,82.7,75.6,7.1,83.1,1.099,85.9,80.3,77.6,73.0,36,94.9,1,4.4,1,3.5,MEDIUM,3.0,6.9
PRJ-2892,Power Infrastructure,Karnataka,817.66,50,22.2,12.6,9.6,13.7,1.087,63.4,66.6,65.5,61.3,80,60.6,1,7.0,2,5.3,HIGH,6.0,13.8
PRJ-2893,Bridge,Maharashtra,768.5,29,46.9,20.4,26.5,26.9,1.319,49.7,45.2,45.3,40.9,175,41.6,7,8.3,5,7.2,CRITICAL,10.5,24.9
PRJ-2894,Airport,Odisha,3876.78,49,23.8,16.5,7.3,18.4,1.115,83.1,74.7,79.2,72.9,31,75.5,2,4.2,1,4.3,MEDIUM,3.0,4.5
PRJ-2895,Railway,Uttarakhand,4157.91,25,32.5,17.9,14.6,21.5,1.201,62.0,67.1,56.4,57.0,74,58.8,4,4.8,2,5.8,HIGH,4.9,10.6
PRJ-2896,Airport,Karnataka,6326.93,37,52.4,39.9,12.5,44.3,1.11,69.8,66.4,60.4,55.8,90,79.1,4,6.1,1,6.8,HIGH,6.5,10.9
PRJ-2897,Water Supply,Gujarat,368.19,17,70.3,56.7,13.6,70.0,1.235,65.7,57.9,64.6,67.3,91,78.6,9,6.5,3,5.3,HIGH,3.7,13.6
PRJ-2898,Urban Development,Gujarat,270.84,32,90.2,90.2,0.0,87.0,0.965,88.7,95.6,95.2,89.5,5,100.0,1,1.4,0,2.1,LOW,0.1,2.4
PRJ-2899,Airport,Gujarat,4256.79,65,57.6,57.5,0.1,58.1,1.01,92.9,90.8,90.1,92.1,0,95.0,0,1.5,0,2.2,LOW,0.0,0.8
PRJ-2900,Railway,Jammu & Kashmir,5315.82,56,22.3,21.8,0.5,21.0,0.963,92.2,89.4,97.6,93.0,5,95.5,0,2.4,0,1.2,LOW,0.0,2.0
PRJ-2901,Bridge,West Bengal,3601.38,43,51.4,50.8,0.6,51.4,1.012,93.5,94.4,97.8,89.5,0,100.0,0,0.6,0,1.3,LOW,0.2,1.6
PRJ-2902,Airport,Uttarakhand,3092.79,36,28.2,24.8,3.4,25.1,1.012,81.0,76.8,83.4,83.7,28,89.4,2,3.0,1,4.0,MEDIUM,2.5,6.2
PRJ-2903,Bridge,Kerala,3725.34,26,82.4,80.3,2.1,86.6,1.078,89.5,91.0,99.8,88.4,2,92.9,1,2.3,0,0.5,LOW,0.0,2.4
PRJ-2904,Water Supply,Telangana,349.71,21,49.2,32.2,17.0,37.3,1.158,60.5,52.6,59.3,58.5,70,64.9,1,4.5,2,6.7,HIGH,5.2,16.5
PRJ-2905,Metro,Uttar Pradesh,7904.64,41,45.4,39.9,5.5,39.9,1.0,72.0,71.7,73.5,80.6,31,85.4,1,2.5,1,2.5,MEDIUM,2.8,6.4
PRJ-2906,Urban Development,Jammu & Kashmir,391.88,24,75.1,68.9,6.2,77.7,1.128,80.1,83.0,80.2,80.5,49,90.6,3,3.5,0,3.3,MEDIUM,2.9,5.3
PRJ-2907,Bridge,Jammu & Kashmir,528.35,40,44.8,40.8,4.0,43.2,1.059,76.2,71.9,84.1,79.3,16,93.0,1,4.4,1,2.5,MEDIUM,1.9,6.9
PRJ-2908,Irrigation,Rajasthan,260.0,37,21.1,17.7,3.4,18.9,1.068,78.7,71.5,75.1,78.8,34,80.8,4,3.9,1,2.8,MEDIUM,3.2,6.5
PRJ-2909,Highway,Maharashtra,3016.85,47,26.8,12.9,13.9,14.8,1.147,70.2,53.4,63.2,68.9,94,51.7,2,4.3,3,6.6,HIGH,4.1,14.2
PRJ-2910,Railway,Gujarat,5926.41,72,35.8,34.3,1.5,36.1,1.052,88.8,94.2,95.7,91.2,0,93.6,2,0.8,0,1.8,LOW,0.4,1.5
PRJ-2911,Power Infrastructure,Karnataka,600.73,29,66.9,62.6,4.3,67.4,1.077,75.5,81.5,86.1,82.6,43,87.7,3,4.2,1,3.0,MEDIUM,4.0,6.0
PRJ-2912,Railway,Uttarakhand,1438.37,62,47.7,40.8,6.9,46.2,1.132,74.4,83.1,86.7,70.9,27,81.5,2,5.9,1,4.1,MEDIUM,2.9,7.4
PRJ-2913,Railway,Gujarat,5474.3,65,41.3,36.9,4.4,38.5,1.043,76.9,76.3,77.2,78.0,40,89.9,0,1.9,1,3.4,MEDIUM,2.2,6.7
PRJ-2914,Airport,Rajasthan,3931.53,57,77.4,76.8,0.6,77.4,1.008,97.7,97.3,90.1,94.2,1,98.9,0,1.2,0,1.5,LOW,0.2,1.2
PRJ-2915,Power Infrastructure,Telangana,2236.74,46,57.3,49.5,7.8,50.2,1.014,85.1,84.1,80.9,79.9,44,88.3,1,3.0,0,4.6,MEDIUM,3.1,8.6
PRJ-2916,Airport,Delhi NCR,13453.25,54,37.2,37.2,0.0,36.0,0.968,94.1,91.0,91.0,85.3,0,99.7,0,2.5,0,1.2,LOW,0.4,1.1
PRJ-2917,Highway,Gujarat,2134.49,35,54.0,54.0,0.0,53.7,0.994,91.4,98.9,95.6,92.1,0,100.0,0,0.8,0,0.6,LOW,0.2,0.0
PRJ-2918,Metro,Uttar Pradesh,1906.03,32,88.6,67.6,21.0,81.0,1.198,59.4,62.0,65.7,68.4,87,75.6,0,5.8,2,5.9,HIGH,5.5,11.8
PRJ-2919,Airport,Kerala,2496.28,58,91.3,91.2,0.1,95.7,1.049,89.8,92.5,99.3,90.6,0,100.0,0,2.0,0,2.0,LOW,0.2,0.0
PRJ-2920,Irrigation,Odisha,292.95,28,36.6,23.2,13.4,26.7,1.151,66.9,61.9,60.1,60.5,83,68.5,2,4.3,2,6.9,HIGH,5.8,15.9
PRJ-2921,Railway,Gujarat,3848.11,63,86.7,78.3,8.4,88.6,1.132,82.5,78.7,78.9,72.3,32,90.5,3,4.4,1,3.1,MEDIUM,2.0,4.9
PRJ-2922,Highway,Maharashtra,2585.14,40,63.6,62.0,1.6,60.3,0.973,94.8,97.4,99.4,91.3,0,96.3,0,1.0,0,1.0,LOW,0.1,1.5
PRJ-2923,Metro,Bihar,2770.82,37,57.2,54.9,2.3,60.2,1.097,98.7,97.0,95.0,97.4,1,94.2,0,1.1,0,1.4,LOW,0.0,0.6
PRJ-2924,Irrigation,Kerala,1056.83,29,89.2,85.8,3.4,88.3,1.029,72.9,72.4,74.6,79.5,26,95.5,3,3.6,1,2.7,MEDIUM,2.3,6.9
PRJ-2925,Power Infrastructure,Madhya Pradesh,994.71,26,37.6,35.7,1.9,36.2,1.014,73.6,77.0,74.8,75.9,39,87.9,1,2.1,0,4.2,MEDIUM,2.2,8.3
PRJ-2926,Railway,Kerala,5371.21,52,86.9,78.0,8.9,83.9,1.076,56.6,68.2,63.4,56.9,45,86.7,4,7.7,1,6.8,HIGH,7.0,17.2
PRJ-2927,Irrigation,Bihar,2589.16,28,60.4,60.0,0.4,59.1,0.985,98.4,89.2,89.3,91.3,0,100.0,0,2.3,0,1.8,LOW,0.3,1.2
PRJ-2928,Railway,Assam,3716.15,48,57.1,34.3,22.8,43.6,1.271,41.6,39.4,44.6,34.3,167,59.4,4,9.6,5,9.5,CRITICAL,10.3,27.7
PRJ-2929,Water Supply,Delhi NCR,735.39,23,78.7,75.2,3.5,81.9,1.089,75.8,82.9,72.1,81.8,30,97.5,2,4.3,0,3.9,MEDIUM,2.7,4.2
PRJ-2930,Airport,Assam,2115.93,61,63.0,50.5,12.5,59.6,1.18,61.6,57.3,55.8,57.1,99,80.2,4,8.0,3,5.2,HIGH,5.2,12.5
PRJ-2931,Power Infrastructure,Odisha,2122.27,23,51.4,45.3,6.1,49.7,1.097,73.1,73.0,74.5,74.3,30,88.3,0,3.4,1,4.5,MEDIUM,1.8,5.6
PRJ-2932,Metro,Gujarat,14881.34,37,90.2,82.9,7.3,88.6,1.069,80.3,76.3,83.4,71.4,33,89.7,2,3.1,0,4.4,MEDIUM,1.6,5.2
PRJ-2933,Metro,Uttar Pradesh,1386.62,42,83.7,73.6,10.1,79.6,1.082,66.9,57.2,66.3,58.3,73,84.7,1,3.5,2,5.1,HIGH,4.3,14.1
PRJ-2934,Metro,Gujarat,6026.77,31,80.6,58.7,21.9,70.0,1.193,48.5,46.6,39.1,40.6,116,69.0,3,8.9,5,9.1,CRITICAL,9.4,22.0
PRJ-2935,Water Supply,Jammu & Kashmir,972.8,31,81.8,71.8,10.0,75.5,1.052,79.6,81.8,85.0,73.0,25,82.6,2,3.9,0,3.5,MEDIUM,1.9,9.1
PRJ-2936,Power Infrastructure,Bihar,1684.1,40,82.1,81.4,0.7,82.1,1.009,93.4,91.1,89.3,91.8,3,100.0,0,0.5,0,1.8,LOW,0.2,0.7
PRJ-2937,Water Supply,Kerala,704.61,21,74.4,73.8,0.6,73.7,0.999,91.1,96.3,98.2,86.9,0,99.8,0,2.1,0,1.9,LOW,0.1,0.4
PRJ-2938,Highway,Karnataka,2948.43,40,60.4,40.8,19.6,48.6,1.191,62.8,59.7,69.9,68.8,87,71.1,2,6.5,1,6.2,HIGH,4.2,15.3
PRJ-2939,Power Infrastructure,Jammu & Kashmir,1337.9,39,40.8,31.7,9.1,34.0,1.073,70.9,63.0,58.4,64.7,62,79.1,1,4.9,1,6.4,HIGH,5.2,10.2
PRJ-2940,Railway,Odisha,12114.76,51,30.7,21.6,9.1,24.3,1.125,57.8,58.2,56.0,67.9,58,69.0,4,5.6,2,6.8,HIGH,6.6,9.8
PRJ-2941,Power Infrastructure,Uttar Pradesh,3188.15,26,64.5,35.6,28.9,48.0,1.348,54.0,41.2,48.5,45.2,149,51.2,8,5.3,4,7.4,CRITICAL,6.5,32.4
PRJ-2942,Railway,Madhya Pradesh,2697.79,30,45.6,17.2,28.4,23.4,1.36,43.1,47.9,52.8,43.7,146,41.6,5,7.7,3,9.5,CRITICAL,8.0,26.3
PRJ-2943,Irrigation,Maharashtra,478.08,21,71.7,71.1,0.6,74.3,1.045,90.7,86.7,92.9,92.7,1,100.0,0,2.1,0,1.8,LOW,0.0,0.6
PRJ-2944,Urban Development,Rajasthan,232.72,33,70.5,68.0,2.5,68.4,1.006,91.4,87.9,89.1,86.1,0,100.0,0,0.9,0,0.9,LOW,0.2,1.4
PRJ-2945,Irrigation,Uttarakhand,388.68,27,90.9,90.9,0.0,91.1,1.002,96.1,89.2,92.8,88.1,0,97.4,0,2.8,0,1.9,LOW,0.2,1.9
PRJ-2946,Urban Development,Gujarat,1648.21,28,33.6,30.9,2.7,32.1,1.039,75.6,82.5,75.9,83.3,33,91.6,4,2.0,0,4.5,MEDIUM,3.0,5.9
PRJ-2947,Water Supply,Rajasthan,2248.29,30,83.8,80.3,3.5,86.5,1.077,78.4,84.4,81.5,71.9,19,99.9,1,3.4,1,4.4,MEDIUM,3.0,3.4
PRJ-2948,Power Infrastructure,Kerala,6167.34,32,82.2,72.2,10.0,76.4,1.058,65.0,53.7,62.5,60.0,45,84.4,2,7.1,3,5.6,HIGH,6.6,13.8
PRJ-2949,Water Supply,Karnataka,176.22,32,62.5,59.3,3.2,61.7,1.04,74.7,71.8,79.8,79.7,51,94.4,0,3.5,1,4.4,MEDIUM,2.8,7.3
PRJ-2950,Urban Development,Uttar Pradesh,650.91,30,40.4,15.1,25.3,18.7,1.238,52.8,51.6,48.1,34.0,187,40.1,4,8.4,2,8.0,CRITICAL,12.0,32.2
PRJ-2951,Highway,Bihar,6608.08,20,57.2,31.1,26.1,39.2,1.26,46.7,45.3,39.3,38.4,132,55.7,5,7.6,4,7.1,CRITICAL,12.4,28.5
PRJ-2952,Urban Development,Jammu & Kashmir,1145.92,46,57.3,36.7,20.6,48.1,1.311,44.7,45.9,36.6,41.8,130,63.6,7,9.0,5,8.2,CRITICAL,13.8,24.0
PRJ-2953,Power Infrastructure,Bihar,3170.14,43,69.9,36.2,33.7,46.9,1.296,49.5,34.8,53.3,47.0,198,52.1,4,7.0,2,8.9,CRITICAL,11.2,29.9
PRJ-2954,Railway,Jammu & Kashmir,5061.5,50,77.0,77.0,0.0,77.6,1.008,89.9,87.2,89.0,85.3,0,99.1,0,3.4,0,1.7,LOW,0.2,1.6
PRJ-2955,Irrigation,Rajasthan,177.63,32,83.8,69.0,14.8,85.5,1.239,59.7,66.5,65.7,67.3,60,83.7,5,4.4,2,6.8,HIGH,5.5,13.1
PRJ-2956,Irrigation,Madhya Pradesh,329.02,32,28.9,7.9,21.0,9.3,1.177,58.7,54.2,61.5,57.3,79,24.6,3,6.7,2,5.6,HIGH,6.6,16.9
PRJ-2957,Highway,Uttarakhand,4454.78,35,24.3,7.4,16.9,9.2,1.243,58.5,63.1,65.9,56.7,83,34.1,6,7.4,2,6.9,HIGH,6.3,15.9
PRJ-2958,Bridge,Himachal Pradesh,1756.92,30,77.3,70.6,6.7,76.2,1.079,82.1,83.5,85.9,70.4,25,92.0,2,5.0,0,4.3,MEDIUM,2.7,2.5
PRJ-2959,Water Supply,Assam,206.25,27,33.6,20.3,13.3,23.1,1.138,60.2,52.8,56.9,64.4,84,55.7,4,7.6,2,6.0,HIGH,7.5,18.1
PRJ-2960,Bridge,Tamil Nadu,1101.98,24,48.6,22.8,25.8,28.9,1.268,50.5,32.0,49.1,37.6,238,44.6,5,7.4,4,8.1,CRITICAL,15.9,25.7
PRJ-2961,Power Infrastructure,Delhi NCR,508.21,45,24.1,2.0,22.1,5.0,2.5,48.3,38.0,50.4,36.9,195,15.0,7,9.2,5,7.6,CRITICAL,14.6,24.9
PRJ-2962,Power Infrastructure,Tamil Nadu,2499.14,40,85.9,85.9,0.0,92.0,1.071,98.3,87.5,91.0,86.0,3,100.0,1,2.3,0,2.1,LOW,0.2,1.2
PRJ-2963,Power Infrastructure,Delhi NCR,2374.97,18,69.9,69.9,0.0,71.0,1.016,97.7,93.3,91.9,96.1,3,100.0,0,1.4,0,1.0,LOW,0.2,0.5
PRJ-2964,Irrigation,Gujarat,929.61,16,20.1,3.3,16.8,5.0,1.515,68.4,66.7,58.5,58.6,45,15.6,2,3.4,1,6.5,HIGH,4.6,14.9
PRJ-2965,Power Infrastructure,Maharashtra,1215.85,34,68.3,68.3,0.0,65.9,0.965,95.6,96.8,97.3,92.5,7,94.8,0,0.9,0,1.0,LOW,0.1,2.5
PRJ-2966,Railway,Assam,1451.09,54,86.6,81.0,5.6,84.6,1.044,82.7,71.4,75.5,82.4,35,99.0,2,4.1,1,3.3,MEDIUM,2.8,7.6
PRJ-2967,Water Supply,Uttar Pradesh,201.16,25,42.3,24.3,18.0,29.2,1.202,50.4,50.0,36.6,35.9,197,57.7,5,5.7,3,8.2,CRITICAL,6.5,27.7
PRJ-2968,Urban Development,Himachal Pradesh,2877.57,31,36.3,12.9,23.4,16.7,1.295,45.2,31.0,53.3,42.7,139,32.4,6,10.0,2,7.6,CRITICAL,10.9,26.6
PRJ-2969,Highway,Tamil Nadu,4528.77,38,49.6,49.3,0.3,50.6,1.026,94.7,96.8,98.8,86.4,4,97.2,0,0.9,0,0.7,LOW,0.2,2.6
PRJ-2970,Airport,Uttarakhand,8396.35,53,75.7,75.3,0.4,75.6,1.004,91.0,88.0,99.2,89.4,2,100.0,0,2.2,0,0.8,LOW,0.0,0.0
PRJ-2971,Urban Development,West Bengal,178.9,20,54.8,54.8,0.0,56.6,1.033,97.6,98.0,99.6,86.8,0,97.2,1,1.8,0,1.6,LOW,0.1,0.9
PRJ-2972,Power Infrastructure,Andhra Pradesh,1007.14,54,72.5,72.3,0.2,73.4,1.015,91.5,93.9,99.6,90.7,0,93.5,0,2.3,0,1.3,LOW,0.2,2.4
PRJ-2973,Irrigation,Uttar Pradesh,171.63,32,70.1,48.4,21.7,59.5,1.229,42.9,39.2,53.2,53.4,176,69.0,6,7.4,3,7.1,CRITICAL,12.7,26.2
PRJ-2974,Bridge,Delhi NCR,643.56,18,76.2,49.6,26.6,63.0,1.27,51.7,32.6,54.8,43.0,135,56.2,2,8.8,4,9.4,CRITICAL,13.6,23.9
PRJ-2975,Irrigation,Himachal Pradesh,1621.69,33,36.5,33.8,2.7,34.9,1.033,93.3,91.1,91.0,95.5,3,94.2,0,3.5,0,0.9,LOW,0.2,1.2
PRJ-2976,Power Infrastructure,Kerala,2129.03,26,43.8,37.3,6.5,40.5,1.086,81.1,77.4,76.0,73.8,13,83.6,4,3.7,0,3.3,MEDIUM,2.6,9.3
PRJ-2977,Power Infrastructure,Gujarat,1593.51,22,24.0,8.1,15.9,9.3,1.148,69.5,59.0,60.9,61.5,60,41.3,4,5.7,3,6.3,HIGH,5.9,9.6
PRJ-2978,Railway,Rajasthan,11662.97,57,90.5,64.7,25.8,82.3,1.272,48.4,51.1,47.8,53.7,147,73.4,6,8.6,2,8.0,CRITICAL,8.0,26.2
PRJ-2979,Highway,Andhra Pradesh,1588.05,58,79.6,78.8,0.8,80.7,1.024,89.0,92.5,99.1,85.8,0,97.4,0,2.5,0,0.8,LOW,0.3,0.9
PRJ-2980,Irrigation,Telangana,950.49,27,56.1,55.8,0.3,56.2,1.007,90.4,89.4,98.4,86.7,0,100.0,0,1.8,0,0.5,LOW,0.3,1.5
PRJ-2981,Urban Development,Uttarakhand,788.32,22,34.0,7.9,26.1,10.2,1.291,37.9,49.5,45.9,33.4,185,23.7,4,9.3,3,8.3,CRITICAL,9.0,27.1
PRJ-2982,Irrigation,Gujarat,1955.02,12,91.6,86.8,4.8,96.9,1.116,75.1,78.8,74.6,70.3,34,91.8,2,3.9,1,3.1,MEDIUM,2.8,8.6
PRJ-2983,Highway,Bihar,570.31,39,64.0,45.8,18.2,53.8,1.175,69.4,68.8,66.9,55.4,72,66.8,1,6.7,2,5.3,HIGH,7.7,13.7
PRJ-2984,Power Infrastructure,Karnataka,886.18,50,91.9,91.9,0.0,91.5,0.996,98.0,86.3,95.9,93.1,4,100.0,0,0.9,0,0.9,LOW,0.3,1.5
PRJ-2985,Water Supply,Gujarat,419.04,12,56.7,48.4,8.3,54.0,1.116,72.8,72.7,82.2,83.6,23,81.1,0,2.0,0,3.8,MEDIUM,2.7,3.6
PRJ-2986,Airport,West Bengal,4057.1,45,50.8,31.9,18.9,35.3,1.107,62.8,68.0,65.6,59.0,96,62.2,2,4.6,3,5.4,HIGH,6.9,11.4
PRJ-2987,Bridge,Gujarat,904.56,46,34.8,31.8,3.0,34.0,1.069,80.9,83.8,85.7,82.7,45,88.9,1,1.7,1,2.8,MEDIUM,2.6,7.3
PRJ-2988,Water Supply,West Bengal,901.51,27,76.0,76.0,0.0,78.5,1.033,88.9,90.1,90.7,85.8,3,100.0,0,0.7,0,0.6,LOW,0.3,1.9
PRJ-2989,Power Infrastructure,West Bengal,760.07,38,28.1,20.1,8.0,22.2,1.104,58.7,55.4,58.0,61.2,67,71.6,3,5.4,3,5.6,HIGH,5.3,12.2
PRJ-2990,Irrigation,Gujarat,1641.6,25,23.0,22.6,0.4,22.2,0.982,89.4,88.5,95.7,95.6,2,95.3,0,0.9,0,1.9,LOW,0.1,1.0
PRJ-2991,Water Supply,Uttar Pradesh,188.54,36,90.2,88.7,1.5,93.6,1.055,75.2,71.3,81.0,81.5,36,99.3,1,3.1,1,3.4,MEDIUM,2.1,7.5
PRJ-2992,Railway,Delhi NCR,4192.45,29,77.6,59.6,18.0,74.6,1.252,53.4,30.5,35.6,51.0,194,75.9,9,7.7,3,8.7,CRITICAL,14.2,34.0
PRJ-2993,Power Infrastructure,Uttarakhand,3133.27,31,46.1,30.0,16.1,33.9,1.13,56.0,65.0,55.7,62.5,103,66.3,2,5.4,1,5.5,HIGH,5.6,13.8
PRJ-2994,Metro,Jammu & Kashmir,1875.08,49,88.0,88.0,0.0,87.7,0.997,93.1,96.7,88.4,95.9,3,94.9,0,2.8,0,2.2,LOW,0.4,1.5
PRJ-2995,Highway,Uttarakhand,928.89,62,77.8,50.9,26.9,66.9,1.314,49.1,43.0,53.0,36.6,92,66.5,5,9.5,2,7.5,CRITICAL,9.2,31.3
PRJ-2996,Highway,Himachal Pradesh,862.88,55,45.1,37.8,7.3,40.4,1.069,78.0,78.8,85.8,83.2,25,87.7,1,4.6,1,3.1,MEDIUM,2.1,7.1
PRJ-2997,Water Supply,Jammu & Kashmir,847.61,32,81.0,76.2,4.8,85.4,1.121,75.1,77.8,83.5,79.0,36,93.7,5,3.1,0,3.1,MEDIUM,2.7,5.3
PRJ-2998,Urban Development,Bihar,721.71,25,48.5,22.7,25.8,28.4,1.251,40.9,44.0,37.0,34.3,193,44.9,3,5.6,2,9.3,CRITICAL,13.8,24.5
PRJ-2999,Metro,Karnataka,2483.88,32,69.9,57.0,12.9,66.2,1.161,64.9,60.5,55.5,57.2,83,82.3,4,6.8,1,5.8,HIGH,7.1,13.7
PRJ-3000,Railway,Assam,12488.36,38,60.7,56.0,4.7,62.6,1.118,80.0,79.0,75.7,80.9,12,88.7,3,3.4,1,2.6,MEDIUM,1.8,6.9
PRJ-3001,Irrigation,Uttarakhand,233.93,41,49.6,32.3,17.3,40.8,1.263,57.7,60.8,68.9,57.1,71,69.2,8,5.9,2,5.3,HIGH,4.7,13.4
PRJ-3002,Water Supply,Odisha,1540.85,36,81.3,48.1,33.2,62.0,1.289,39.6,32.8,48.8,52.6,140,53.3,3,7.5,2,8.5,CRITICAL,13.4,23.3
PRJ-3003,Bridge,Madhya Pradesh,734.06,27,80.1,78.8,1.3,81.0,1.028,88.4,97.6,90.1,91.4,2,98.0,0,0.9,0,1.0,LOW,0.2,1.6
PRJ-3004,Water Supply,Andhra Pradesh,1522.65,35,32.2,16.1,16.1,20.4,1.267,57.0,56.1,65.4,56.4,63,48.7,6,6.6,2,5.9,HIGH,4.7,13.4
PRJ-3005,Airport,Delhi NCR,4403.29,44,85.1,72.9,12.2,89.3,1.225,65.3,55.5,62.4,59.5,66,84.5,6,5.7,1,5.4,HIGH,5.3,13.0
PRJ-3006,Metro,Karnataka,5093.29,46,78.6,62.5,16.1,72.2,1.155,63.8,54.1,54.3,56.2,62,78.6,4,6.1,3,6.1,HIGH,3.5,15.6
PRJ-3007,Water Supply,Uttarakhand,502.58,31,88.9,53.2,35.7,71.7,1.348,38.7,48.8,53.2,38.7,188,56.1,6,10.0,5,8.4,CRITICAL,10.7,27.5
PRJ-3008,Airport,Himachal Pradesh,3990.02,52,44.7,44.5,0.2,46.3,1.04,95.1,88.2,94.7,89.5,2,100.0,0,2.6,0,1.6,LOW,0.3,1.2
PRJ-3009,Irrigation,Himachal Pradesh,1213.34,29,39.1,25.8,13.3,29.6,1.147,66.1,58.9,60.9,66.9,70,66.7,0,5.0,1,5.3,HIGH,5.0,15.1
PRJ-3010,Bridge,West Bengal,535.93,35,43.8,30.6,13.2,35.2,1.15,55.0,53.3,62.4,57.0,85,68.5,4,5.5,1,7.0,HIGH,5.6,15.7
PRJ-3011,Bridge,Telangana,755.33,38,40.3,40.3,0.0,40.4,1.002,98.2,90.3,98.4,87.1,2,100.0,2,2.4,0,0.6,LOW,0.3,1.6
PRJ-3012,Irrigation,Karnataka,851.03,22,71.9,71.9,0.0,73.6,1.024,94.3,97.9,91.5,92.7,0,96.6,1,0.7,0,0.8,LOW,0.5,1.1
PRJ-3013,Metro,Uttarakhand,4695.52,39,33.0,23.3,9.7,25.8,1.107,65.1,66.9,55.0,63.2,70,65.4,2,5.5,1,6.6,HIGH,6.0,13.9
PRJ-3014,Urban Development,Andhra Pradesh,927.96,22,36.3,30.8,5.5,33.4,1.084,76.0,75.2,84.5,71.3,15,83.1,0,2.3,1,3.2,MEDIUM,2.4,7.7
PRJ-3015,Railway,Kerala,4228.64,57,30.9,12.9,18.0,16.4,1.271,39.7,37.1,43.1,53.6,113,40.7,6,8.8,3,8.7,CRITICAL,12.6,23.7
PRJ-3016,Urban Development,Jammu & Kashmir,1985.5,29,82.5,75.7,6.8,85.7,1.132,73.5,77.2,83.6,83.9,27,92.7,2,2.9,0,4.2,MEDIUM,2.1,6.4
PRJ-3017,Water Supply,Himachal Pradesh,1107.35,16,67.4,37.4,30.0,49.4,1.321,53.7,39.4,54.6,35.6,200,50.7,5,9.1,5,8.7,CRITICAL,12.9,30.0
PRJ-3018,Airport,Odisha,1600.46,55,87.2,77.9,9.3,83.1,1.067,75.0,83.4,82.6,76.2,28,96.7,0,1.5,0,3.0,MEDIUM,3.6,6.0
PRJ-3019,Highway,Uttarakhand,813.57,27,37.7,37.7,0.0,36.9,0.979,89.0,95.5,92.9,85.2,1,100.0,0,2.6,0,1.0,LOW,0.0,0.5
PRJ-3020,Railway,Maharashtra,4335.66,43,89.1,86.0,3.1,87.3,1.015,81.1,70.3,78.4,71.3,28,95.7,2,2.7,1,2.9,MEDIUM,2.5,7.9
PRJ-3021,Water Supply,Karnataka,1317.87,27,63.3,58.6,4.7,59.7,1.019,75.0,75.1,86.0,78.5,28,96.0,1,4.4,0,3.6,MEDIUM,2.3,7.2
PRJ-3022,Highway,Uttar Pradesh,1271.39,19,68.2,60.1,8.1,64.9,1.08,77.0,81.3,85.8,74.4,43,93.5,1,2.5,0,3.8,MEDIUM,2.3,6.9
PRJ-3023,Bridge,Madhya Pradesh,1446.37,38,28.3,28.3,0.0,27.4,0.968,96.5,98.4,91.7,85.5,0,100.0,0,0.8,0,1.6,LOW,0.2,0.5
PRJ-3024,Metro,Telangana,3424.51,55,60.8,42.6,18.2,54.1,1.27,65.1,56.3,60.2,57.1,45,71.4,6,4.9,2,6.9,HIGH,5.3,14.6
PRJ-3025,Airport,Karnataka,6396.0,43,45.2,42.8,2.4,41.9,0.979,79.0,82.0,72.9,79.1,33,96.4,0,2.9,1,3.7,MEDIUM,2.8,7.8
PRJ-3026,Highway,Telangana,1707.41,39,72.8,69.5,3.3,71.7,1.032,82.2,76.1,86.1,70.8,30,95.0,2,4.4,0,3.1,MEDIUM,1.8,6.0
PRJ-3027,Bridge,Himachal Pradesh,1698.15,25,60.4,45.9,14.5,53.9,1.174,61.7,62.4,67.0,67.9,61,75.0,2,5.5,1,5.5,HIGH,4.9,12.9
PRJ-3028,Highway,Kerala,2907.45,38,64.3,36.1,28.2,49.2,1.363,53.3,30.2,48.8,35.9,194,57.7,5,8.6,2,8.1,CRITICAL,11.3,27.4
PRJ-3029,Power Infrastructure,Gujarat,2549.27,32,51.4,29.5,21.9,39.2,1.329,39.9,40.1,43.8,44.2,128,53.5,10,7.3,3,8.9,CRITICAL,12.6,31.1
PRJ-3030,Urban Development,Rajasthan,854.94,34,39.5,29.9,9.6,31.0,1.037,75.4,83.5,80.7,78.4,28,72.3,0,3.0,1,2.6,MEDIUM,1.2,8.6
PRJ-3031,Urban Development,Assam,944.44,12,59.7,42.3,17.4,51.6,1.22,66.8,58.7,65.9,57.5,80,73.6,1,5.0,1,7.0,HIGH,5.6,16.7
PRJ-3032,Bridge,Uttarakhand,781.39,30,59.2,56.5,2.7,59.6,1.055,80.1,84.7,72.6,83.3,33,92.4,3,2.4,1,4.3,MEDIUM,2.1,8.0
PRJ-3033,Airport,Uttar Pradesh,2587.47,57,86.0,81.2,4.8,87.1,1.073,84.0,77.7,74.7,78.8,31,94.1,1,3.6,0,3.4,MEDIUM,3.0,5.7
PRJ-3034,Water Supply,Assam,962.59,33,81.1,73.1,8.0,77.8,1.064,68.6,61.3,60.6,65.7,56,95.3,1,8.4,2,5.4,HIGH,5.6,15.8
PRJ-3035,Water Supply,Andhra Pradesh,4025.14,22,70.4,45.4,25.0,58.8,1.295,60.0,54.8,63.8,61.8,124,63.0,5,5.3,2,5.6,HIGH,6.8,12.5
PRJ-3036,Urban Development,Uttar Pradesh,941.28,35,52.9,39.5,13.4,48.3,1.223,55.2,54.9,54.9,59.6,85,78.4,7,6.4,2,5.6,HIGH,4.8,15.6
PRJ-3037,Highway,Madhya Pradesh,575.28,40,67.2,49.2,18.0,60.8,1.236,37.1,46.8,40.6,50.3,195,69.7,7,5.6,2,8.3,CRITICAL,10.7,22.1
PRJ-3038,Bridge,Delhi NCR,2941.23,28,25.8,12.8,13.0,14.5,1.133,57.1,64.6,55.4,62.3,59,51.9,5,3.7,1,6.0,HIGH,4.6,13.1
PRJ-3039,Bridge,Kerala,3284.29,35,23.3,2.0,21.3,5.0,2.5,52.3,51.6,51.4,39.9,120,15.0,5,7.9,5,8.2,CRITICAL,8.0,27.6
PRJ-3040,Urban Development,West Bengal,1100.74,35,58.1,43.4,14.7,49.2,1.134,70.5,65.4,61.8,68.6,60,74.6,1,3.7,1,5.3,HIGH,5.0,16.8
PRJ-3041,Bridge,Telangana,4304.67,31,42.6,27.0,15.6,32.8,1.215,59.6,68.0,66.6,63.3,104,65.3,5,5.9,1,5.4,HIGH,5.8,12.1
PRJ-3042,Power Infrastructure,Bihar,578.09,30,78.8,54.4,24.4,69.6,1.279,39.3,33.4,49.4,35.6,204,68.3,7,5.7,3,9.0,CRITICAL,12.1,24.1
PRJ-3043,Railway,Bihar,1891.28,63,52.0,21.5,30.5,28.8,1.34,35.4,42.2,42.5,52.3,200,40.1,4,7.1,2,9.5,CRITICAL,13.6,23.4
PRJ-3044,Metro,Uttarakhand,6367.55,74,59.0,33.2,25.8,44.6,1.343,44.7,49.8,47.6,36.9,90,55.0,5,8.1,5,8.6,CRITICAL,11.9,21.0
PRJ-3045,Railway,Assam,1296.12,62,86.6,51.4,35.2,68.6,1.335,49.6,35.9,46.9,45.7,224,60.2,3,8.8,4,9.4,CRITICAL,11.5,25.2
PRJ-3046,Highway,Odisha,1203.21,28,89.3,81.5,7.8,92.6,1.136,82.4,83.5,83.5,80.2,41,89.8,2,1.5,1,2.9,MEDIUM,2.6,6.9
PRJ-3047,Airport,Himachal Pradesh,4065.19,41,50.1,50.1,0.0,50.3,1.004,94.8,97.1,89.5,96.9,1,100.0,2,1.9,0,1.6,LOW,0.4,0.3
PRJ-3048,Airport,Karnataka,3557.31,33,88.5,72.7,15.8,89.1,1.226,67.6,60.6,58.1,58.0,67,79.0,7,4.5,2,5.4,HIGH,6.7,16.7
PRJ-3049,Metro,Madhya Pradesh,11120.66,46,29.4,29.1,0.3,29.1,1.0,93.1,86.1,99.1,95.9,0,99.4,1,1.6,0,1.9,LOW,0.3,0.8
PRJ-3050,Highway,Andhra Pradesh,3872.43,22,76.3,37.2,39.1,52.2,1.403,43.9,39.8,48.6,37.3,117,47.8,6,8.8,4,7.9,CRITICAL,11.9,29.0
PRJ-3051,Power Infrastructure,Karnataka,6533.32,43,33.9,24.6,9.3,26.9,1.093,76.5,82.5,73.5,77.9,32,72.5,2,4.2,0,2.6,MEDIUM,2.6,7.6
PRJ-3052,Highway,Karnataka,3223.31,34,75.0,54.4,20.6,62.8,1.154,68.3,59.5,65.9,68.3,97,72.3,1,7.0,3,7.0,HIGH,6.0,14.5
PRJ-3053,Irrigation,Uttar Pradesh,273.8,25,55.2,55.2,0.0,53.9,0.976,94.8,90.4,92.4,88.3,2,100.0,0,0.4,0,1.6,LOW,0.4,1.4
PRJ-3054,Airport,Jammu & Kashmir,6535.37,46,71.8,55.3,16.5,65.6,1.186,57.3,58.0,59.5,66.9,88,81.2,4,6.7,2,6.9,HIGH,8.5,13.5
PRJ-3055,Urban Development,Kerala,1782.24,25,79.8,47.5,32.3,62.0,1.305,39.5,30.8,47.3,42.7,145,58.4,3,6.7,4,8.2,CRITICAL,9.1,29.7
PRJ-3056,Railway,Andhra Pradesh,7876.28,60,27.6,27.6,0.0,27.1,0.982,90.7,95.2,88.1,96.0,5,98.6,0,0.4,0,0.8,LOW,0.3,2.1
PRJ-3057,Urban Development,Rajasthan,676.32,24,43.9,38.5,5.4,42.7,1.109,80.7,71.4,83.7,75.7,38,84.3,1,1.8,1,3.8,MEDIUM,2.3,6.4
PRJ-3058,Metro,Uttarakhand,14279.29,83,73.7,70.1,3.6,75.8,1.081,76.0,79.1,83.9,72.5,26,98.0,2,5.2,0,2.5,MEDIUM,2.9,8.4
PRJ-3059,Railway,Uttarakhand,2882.73,71,48.7,38.7,10.0,46.5,1.202,65.3,59.2,58.8,65.2,74,74.2,6,5.6,1,6.0,HIGH,4.8,14.6
PRJ-3060,Metro,Odisha,7302.32,47,61.9,43.9,18.0,53.3,1.214,37.3,31.7,44.3,39.2,130,75.8,4,9.4,4,8.5,CRITICAL,10.0,28.0
PRJ-3061,Urban Development,Himachal Pradesh,748.89,47,75.9,44.1,31.8,56.4,1.279,40.5,32.8,38.8,41.4,238,59.7,3,6.2,2,7.9,CRITICAL,14.3,26.9
PRJ-3062,Water Supply,Tamil Nadu,964.96,20,57.5,57.5,0.0,57.3,0.997,92.7,87.6,89.4,92.5,2,100.0,1,1.7,0,1.4,LOW,0.2,0.3
PRJ-3063,Irrigation,Rajasthan,154.64,40,58.1,44.8,13.3,53.0,1.183,67.5,58.2,58.8,64.8,108,79.3,5,5.2,1,5.5,HIGH,6.6,12.5
PRJ-3064,Bridge,Andhra Pradesh,897.17,21,53.9,53.9,0.0,53.5,0.993,91.2,97.1,92.1,87.5,0,100.0,0,2.4,0,1.3,LOW,0.2,2.1
PRJ-3065,Irrigation,Kerala,830.42,27,71.7,47.4,24.3,62.4,1.316,38.0,44.1,54.1,41.1,152,61.5,9,8.9,2,9.5,CRITICAL,11.1,26.9
PRJ-3066,Airport,West Bengal,3720.3,56,75.5,57.1,18.4,70.6,1.236,66.0,61.1,57.7,64.8,96,80.4,3,3.8,2,5.3,HIGH,6.6,14.4
PRJ-3067,Urban Development,Jammu & Kashmir,323.56,25,68.9,63.3,5.6,68.8,1.087,75.4,77.4,76.9,70.0,22,93.8,2,4.2,0,3.0,MEDIUM,2.7,6.3
PRJ-3068,Urban Development,Maharashtra,1572.04,28,30.4,30.4,0.0,31.0,1.02,96.1,94.4,93.0,92.6,0,96.3,1,0.9,0,0.6,LOW,0.2,1.8
PRJ-3069,Railway,Kerala,7142.81,43,82.0,56.4,25.6,73.6,1.305,52.8,40.4,41.0,32.4,140,72.2,6,8.6,3,7.5,CRITICAL,9.0,28.8
PRJ-3070,Power Infrastructure,Rajasthan,1245.18,18,46.4,26.0,20.4,30.6,1.177,61.7,65.8,61.0,62.7,81,57.2,2,6.9,1,7.1,HIGH,7.0,10.1
PRJ-3071,Bridge,Uttar Pradesh,2423.99,40,86.5,84.1,2.4,85.3,1.014,91.2,90.7,88.7,85.6,4,95.7,0,1.4,0,1.7,LOW,0.0,3.6
PRJ-3072,Irrigation,Assam,1454.41,25,29.8,15.8,14.0,18.4,1.165,55.9,61.1,58.0,57.5,84,51.5,3,4.5,3,6.6,HIGH,5.9,12.9
PRJ-3073,Railway,Assam,4592.57,29,80.5,64.9,15.6,72.3,1.114,61.2,56.5,68.3,68.8,95,85.4,5,6.6,1,6.6,HIGH,5.6,17.0
PRJ-3074,Airport,Himachal Pradesh,1315.73,59,52.7,50.3,2.4,50.3,1.0,94.4,88.0,88.3,88.5,4,94.4,0,2.4,0,1.0,LOW,0.0,1.9
PRJ-3075,Airport,Maharashtra,1646.42,57,51.7,47.8,3.9,48.9,1.023,74.6,84.1,84.6,72.2,26,94.2,1,3.9,1,4.1,MEDIUM,1.7,4.6
PRJ-3076,Urban Development,Kerala,299.82,27,74.8,50.7,24.1,62.6,1.235,35.9,34.5,43.9,44.6,105,64.3,2,9.7,2,7.2,CRITICAL,11.8,20.6
PRJ-3077,Urban Development,Uttarakhand,998.77,28,63.8,39.5,24.3,50.4,1.276,40.6,33.2,50.0,47.2,155,60.8,3,7.7,3,7.6,CRITICAL,11.6,26.8
PRJ-3078,Power Infrastructure,Jammu & Kashmir,1007.2,54,38.7,33.7,5.0,36.7,1.089,74.4,70.2,81.2,72.3,27,91.1,4,6.3,0,3.6,MEDIUM,2.8,6.2
PRJ-3079,Highway,Telangana,961.49,51,41.1,4.7,36.4,6.3,1.34,50.0,34.2,43.9,40.6,184,15.0,3,7.2,4,7.7,CRITICAL,10.0,23.3
PRJ-3080,Bridge,Andhra Pradesh,4205.74,29,63.2,63.2,0.0,61.3,0.97,96.3,89.8,90.3,95.0,3,98.2,0,2.1,0,1.9,LOW,0.1,0.7
PRJ-3081,Urban Development,Tamil Nadu,1383.7,19,61.2,32.0,29.2,43.9,1.372,41.5,49.2,51.2,50.0,125,57.2,9,8.0,5,7.4,CRITICAL,10.1,24.1
PRJ-3082,Railway,Bihar,3635.36,46,41.8,26.7,15.1,32.4,1.213,59.9,68.1,63.5,62.7,63,67.8,7,4.1,3,6.4,HIGH,7.4,18.8
PRJ-3083,Urban Development,Himachal Pradesh,928.97,38,60.3,55.9,4.4,61.5,1.1,84.4,77.8,80.4,77.3,35,94.2,2,3.7,1,3.5,MEDIUM,2.2,4.7
PRJ-3084,Highway,Tamil Nadu,1387.86,41,41.0,25.9,15.1,31.3,1.208,68.8,66.6,62.9,67.1,64,61.3,6,5.5,3,5.7,HIGH,5.1,16.2
PRJ-3085,Bridge,West Bengal,642.63,40,48.0,30.6,17.4,33.9,1.108,70.8,65.5,66.6,57.6,63,58.4,0,3.6,3,6.7,HIGH,4.2,15.0
PRJ-3086,Water Supply,Gujarat,2803.42,26,83.0,72.9,10.1,84.1,1.154,68.9,63.6,57.0,64.8,69,89.1,3,5.6,1,7.0,HIGH,7.7,16.5
PRJ-3087,Bridge,Himachal Pradesh,570.94,35,46.8,35.2,11.6,40.4,1.148,62.0,66.1,55.9,57.3,56,78.0,4,4.6,3,5.3,HIGH,6.7,16.2
PRJ-3088,Water Supply,Tamil Nadu,237.02,31,30.1,24.4,5.7,25.9,1.061,80.0,76.4,76.6,73.2,44,80.4,2,3.9,0,3.3,MEDIUM,3.3,7.2
PRJ-3089,Metro,Maharashtra,6080.27,44,26.6,21.2,5.4,22.1,1.042,81.6,81.2,73.0,71.7,30,80.0,1,3.7,0,3.4,MEDIUM,2.3,4.1
PRJ-3090,Power Infrastructure,Andhra Pradesh,1624.2,45,71.7,65.5,6.2,72.1,1.101,77.9,70.8,82.5,71.1,24,91.3,1,4.4,0,3.9,MEDIUM,2.6,7.4
PRJ-3091,Highway,Tamil Nadu,2837.87,34,31.3,12.3,19.0,15.5,1.26,64.6,56.8,60.5,65.9,98,41.7,4,6.8,2,5.6,HIGH,6.5,15.1
PRJ-3092,Railway,Uttar Pradesh,1360.09,81,82.3,77.0,5.3,81.6,1.06,75.8,70.4,72.0,78.3,34,89.1,1,1.7,0,2.6,MEDIUM,2.5,9.1
PRJ-3093,Metro,Madhya Pradesh,3159.97,40,61.6,60.6,1.0,58.7,0.969,89.1,96.3,88.3,87.3,0,97.3,0,1.7,0,1.7,LOW,0.2,0.4
PRJ-3094,Urban Development,Tamil Nadu,2314.74,29,47.8,36.0,11.8,40.2,1.117,67.6,68.9,65.8,61.8,90,73.1,3,3.9,3,5.8,HIGH,5.7,15.3
PRJ-3095,Bridge,Madhya Pradesh,2734.36,53,66.6,66.2,0.4,67.5,1.02,89.9,90.4,93.9,86.8,1,100.0,2,2.3,0,1.7,LOW,0.1,1.6
PRJ-3096,Water Supply,Assam,296.12,34,83.7,71.9,11.8,79.8,1.11,64.3,65.0,60.6,64.1,74,87.9,3,5.2,2,6.9,HIGH,5.0,14.0
PRJ-3097,Power Infrastructure,Assam,643.41,35,42.9,34.6,8.3,35.3,1.02,78.8,77.4,78.8,71.6,29,78.4,0,5.3,1,2.9,MEDIUM,2.3,6.3
PRJ-3098,Water Supply,Andhra Pradesh,2668.96,31,48.3,42.5,5.8,45.4,1.068,85.1,82.0,75.3,72.3,29,90.0,3,2.5,1,2.5,MEDIUM,2.6,5.6
PRJ-3099,Highway,Assam,1574.27,52,63.5,62.6,0.9,63.0,1.006,96.4,88.4,92.5,96.5,0,100.0,1,3.0,0,1.7,LOW,0.0,0.8
PRJ-3100,Railway,Himachal Pradesh,13004.45,42,85.3,83.6,1.7,86.9,1.039,97.2,94.4,96.8,92.1,3,100.0,0,2.9,0,2.2,LOW,0.2,0.6
PRJ-3101,Highway,Tamil Nadu,2632.34,32,21.4,2.0,19.4,5.0,2.5,43.3,46.7,53.7,48.4,174,15.0,6,6.3,3,8.4,CRITICAL,9.9,29.8
PRJ-3102,Highway,Tamil Nadu,3974.64,31,60.8,47.2,13.6,52.5,1.112,63.0,52.3,63.7,59.1,82,80.4,3,5.1,2,5.6,HIGH,5.3,16.6
PRJ-3103,Irrigation,Uttarakhand,485.51,23,24.5,2.0,22.5,5.0,2.5,42.5,42.6,54.7,40.1,144,15.0,8,7.0,4,7.5,CRITICAL,11.9,29.2
PRJ-3104,Railway,Telangana,1907.71,34,28.3,2.0,26.3,5.0,2.5,50.3,40.3,36.2,40.7,143,15.0,4,9.1,5,9.3,CRITICAL,8.0,23.1
PRJ-3105,Airport,Tamil Nadu,3698.88,36,68.5,63.3,5.2,70.9,1.12,84.4,80.8,84.8,82.5,21,94.9,3,4.3,0,3.2,MEDIUM,2.3,5.0
PRJ-3106,Airport,Delhi NCR,15741.39,40,45.9,45.9,0.0,46.1,1.004,91.2,89.0,95.4,91.4,0,100.0,0,0.4,0,1.2,LOW,0.0,0.7
PRJ-3107,Water Supply,Assam,581.85,39,49.8,41.7,8.1,41.8,1.002,85.5,72.8,73.0,78.1,25,84.1,1,3.1,1,4.2,MEDIUM,3.6,9.0
PRJ-3108,Highway,Jammu & Kashmir,1549.07,37,25.9,21.6,4.3,24.8,1.148,84.2,75.7,82.3,73.4,48,77.7,2,4.5,1,3.8,MEDIUM,2.9,5.5
PRJ-3109,Metro,Himachal Pradesh,2133.56,62,45.8,33.3,12.5,37.0,1.111,57.6,57.8,66.8,60.1,68,68.0,2,6.3,1,5.0,HIGH,6.4,15.1
PRJ-3110,Bridge,Karnataka,481.64,20,30.2,30.2,0.0,30.1,0.997,95.5,90.1,90.9,91.9,0,97.1,0,2.1,0,1.7,LOW,0.6,0.0
PRJ-3111,Water Supply,Himachal Pradesh,774.8,31,20.0,18.5,1.5,20.4,1.103,82.0,73.3,83.2,72.3,35,90.4,5,3.6,0,3.8,MEDIUM,2.2,7.2
PRJ-3112,Airport,Karnataka,1499.02,32,36.1,27.2,8.9,30.0,1.103,77.9,79.3,79.8,82.7,36,79.5,1,2.3,0,4.6,MEDIUM,2.6,6.4
PRJ-3113,Airport,Kerala,2818.29,73,46.0,33.2,12.8,39.0,1.175,69.5,57.1,56.4,57.1,97,73.8,4,8.1,1,6.2,HIGH,6.7,13.8
PRJ-3114,Highway,Himachal Pradesh,1872.88,31,36.5,29.8,6.7,30.4,1.02,81.2,83.1,83.0,73.2,27,83.2,1,3.5,1,3.3,MEDIUM,1.1,5.1
PRJ-3115,Urban Development,Karnataka,1337.74,35,89.8,86.5,3.3,94.5,1.092,83.6,71.0,73.4,74.7,41,96.2,3,2.5,0,3.5,MEDIUM,2.7,6.7
PRJ-3116,Railway,Uttar Pradesh,4055.09,53,56.7,56.7,0.0,55.6,0.981,92.5,88.1,88.1,89.0,3,96.3,1,1.9,0,0.5,LOW,0.2,1.9
PRJ-3117,Highway,Assam,831.01,31,38.0,7.4,30.6,9.7,1.311,48.8,37.5,42.0,51.0,114,16.6,4,9.6,4,8.0,CRITICAL,12.0,22.5
PRJ-3118,Urban Development,Himachal Pradesh,180.96,28,74.8,70.2,4.6,71.7,1.021,81.8,75.5,81.5,78.3,38,92.4,0,4.7,1,2.9,MEDIUM,1.7,5.7
PRJ-3119,Railway,Telangana,4769.46,39,78.5,56.7,21.8,73.0,1.287,48.3,46.2,54.2,37.3,196,77.0,6,9.4,3,7.2,CRITICAL,11.1,35.3
PRJ-3120,Bridge,Kerala,2022.88,46,77.4,45.5,31.9,60.8,1.336,49.5,51.3,53.7,49.8,162,61.7,6,7.7,2,8.5,CRITICAL,8.2,34.2
PRJ-3121,Bridge,Odisha,2498.06,50,50.4,44.6,5.8,47.3,1.061,81.0,81.7,85.3,80.4,32,85.2,1,2.3,1,3.9,MEDIUM,2.5,9.8
PRJ-3122,Urban Development,Karnataka,363.62,28,33.9,33.9,0.0,35.9,1.059,98.2,95.3,98.8,87.6,6,99.3,1,2.2,0,1.5,LOW,0.1,0.4
PRJ-3123,Metro,Bihar,5602.45,46,26.9,25.4,1.5,27.3,1.075,92.3,95.1,98.9,88.3,2,97.8,1,1.3,0,0.7,LOW,0.3,2.8
PRJ-3124,Bridge,Madhya Pradesh,854.5,56,40.1,33.3,6.8,35.1,1.054,83.6,72.5,80.3,81.3,28,81.3,2,2.7,1,4.8,MEDIUM,3.2,7.3
PRJ-3125,Bridge,Gujarat,679.46,38,54.3,18.7,35.6,26.7,1.428,42.1,44.3,47.0,40.3,186,36.4,8,5.3,2,9.5,CRITICAL,8.5,36.3
PRJ-3126,Metro,Uttar Pradesh,3849.76,47,91.2,85.1,6.1,92.9,1.092,78.3,77.9,73.3,73.0,40,93.7,1,3.9,1,2.7,MEDIUM,2.9,3.9
PRJ-3127,Urban Development,Delhi NCR,2121.48,30,72.6,69.7,2.9,75.3,1.08,78.8,80.0,86.0,73.6,40,100.0,1,3.0,1,2.7,MEDIUM,2.6,8.2
PRJ-3128,Urban Development,Tamil Nadu,499.39,13,72.4,70.7,1.7,71.3,1.008,77.1,83.1,74.6,75.3,23,88.8,1,2.6,1,3.8,MEDIUM,2.8,6.2
PRJ-3129,Airport,Tamil Nadu,1419.28,51,23.5,23.5,0.0,23.4,0.996,93.6,86.0,93.8,90.5,2,100.0,0,0.6,0,1.4,LOW,0.4,2.0
PRJ-3130,Airport,Gujarat,1561.81,63,47.5,35.6,11.9,40.6,1.14,76.8,81.2,82.3,77.8,24,75.0,3,3.2,0,3.5,MEDIUM,1.6,5.9
PRJ-3131,Bridge,Jammu & Kashmir,3004.44,21,35.0,29.1,5.9,32.3,1.11,78.1,73.5,83.5,76.0,50,84.2,4,3.9,1,3.1,MEDIUM,2.8,6.0
PRJ-3132,Irrigation,Kerala,477.67,31,44.3,41.6,2.7,43.6,1.048,75.8,74.4,84.1,76.2,26,92.8,4,4.7,0,3.4,MEDIUM,2.6,6.8
PRJ-3133,Metro,Rajasthan,4334.48,37,69.1,69.1,0.0,69.2,1.001,96.9,89.7,96.1,93.4,0,100.0,0,1.9,0,2.1,LOW,0.5,0.9
PRJ-3134,Railway,Telangana,3759.01,38,38.8,38.7,0.1,37.7,0.974,88.0,90.7,95.3,88.7,2,100.0,0,2.0,0,0.9,LOW,0.2,2.8
PRJ-3135,Railway,West Bengal,2745.46,56,35.2,30.7,4.5,33.5,1.091,77.7,70.1,76.1,76.0,25,93.5,2,3.0,0,3.2,MEDIUM,1.7,6.3
PRJ-3136,Irrigation,Jammu & Kashmir,219.2,13,36.4,36.4,0.0,35.8,0.984,97.8,97.8,92.5,93.6,2,100.0,1,2.1,0,2.0,LOW,0.0,0.6
PRJ-3137,Power Infrastructure,Andhra Pradesh,1335.67,48,79.1,78.9,0.2,77.8,0.986,94.2,97.8,91.5,92.5,0,99.7,0,0.5,0,2.0,LOW,0.4,0.9
PRJ-3138,Airport,Karnataka,5052.54,59,34.5,21.5,13.0,24.9,1.158,65.4,52.2,64.6,56.6,91,60.1,4,6.1,3,6.3,HIGH,4.3,19.9
PRJ-3139,Irrigation,Andhra Pradesh,821.37,25,20.9,6.0,14.9,6.8,1.133,66.8,62.6,61.3,56.0,66,30.7,4,5.8,2,6.1,HIGH,6.1,12.2
PRJ-3140,Water Supply,Bihar,918.48,19,79.2,68.1,11.1,78.0,1.145,70.4,67.1,58.5,59.3,86,84.1,5,6.7,1,5.9,HIGH,5.0,16.2
PRJ-3141,Highway,Andhra Pradesh,1572.76,22,33.4,30.3,3.1,30.6,1.01,77.8,80.8,79.5,81.7,34,94.1,1,1.8,1,3.4,MEDIUM,2.5,8.1
PRJ-3142,Bridge,Rajasthan,1767.02,23,37.3,19.2,18.1,22.5,1.172,61.3,57.4,67.3,61.8,84,52.5,3,5.0,1,6.9,HIGH,6.0,13.5
PRJ-3143,Water Supply,Madhya Pradesh,163.7,19,30.3,14.2,16.1,17.2,1.211,56.8,54.1,58.1,61.8,92,44.9,4,3.0,2,6.2,HIGH,5.3,9.5
PRJ-3144,Irrigation,Karnataka,150.27,29,48.0,47.6,0.4,45.7,0.96,97.4,91.3,97.3,85.6,0,100.0,0,1.2,0,1.2,LOW,0.4,2.3
PRJ-3145,Irrigation,Jammu & Kashmir,1284.73,26,61.7,61.7,0.0,61.0,0.989,98.5,98.9,94.1,93.2,0,95.8,0,1.6,0,2.0,LOW,0.2,2.0
PRJ-3146,Power Infrastructure,Delhi NCR,5765.43,22,68.1,60.9,7.2,67.2,1.103,78.3,70.6,85.4,71.6,43,87.0,3,1.9,0,2.5,MEDIUM,2.7,8.7
PRJ-3147,Irrigation,Telangana,2426.56,22,82.6,71.6,11.0,80.8,1.128,73.6,82.3,83.9,79.2,19,86.0,4,3.0,1,3.2,MEDIUM,2.7,6.6
PRJ-3148,Power Infrastructure,Himachal Pradesh,2455.21,50,65.2,65.2,0.0,65.2,1.0,90.0,95.1,98.6,94.8,5,97.2,0,3.1,0,1.9,LOW,0.1,0.1
PRJ-3149,Railway,Bihar,1824.83,43,90.0,72.5,17.5,84.9,1.171,66.9,61.4,67.7,61.4,91,82.3,3,5.1,2,5.8,HIGH,7.2,13.4
PRJ-3150,Railway,Madhya Pradesh,3153.5,44,44.5,43.5,1.0,44.0,1.011,90.3,89.2,92.0,97.7,0,99.7,1,1.3,0,0.7,LOW,0.0,1.3
PRJ-3151,Metro,Himachal Pradesh,6457.72,56,68.5,64.8,3.7,68.4,1.056,80.6,73.0,74.2,77.4,28,93.7,2,4.1,1,3.4,MEDIUM,1.8,4.6
PRJ-3152,Bridge,Madhya Pradesh,2390.49,22,63.8,63.8,0.0,64.2,1.006,97.2,86.4,88.9,87.2,1,99.3,0,1.7,0,0.9,LOW,0.2,0.0
PRJ-3153,Railway,Tamil Nadu,2314.76,41,31.1,31.0,0.1,29.4,0.948,93.4,90.3,96.4,91.9,0,100.0,0,1.6,0,1.1,LOW,0.3,0.0
PRJ-3154,Highway,Uttarakhand,1046.76,39,65.3,65.3,0.0,65.6,1.005,98.0,92.5,97.5,87.1,0,100.0,2,2.8,0,2.0,LOW,0.3,1.7
PRJ-3155,Highway,Assam,924.67,30,29.0,26.1,2.9,26.8,1.027,72.9,76.6,78.1,80.9,34,85.1,1,5.9,0,2.9,MEDIUM,3.2,5.8
PRJ-3156,Bridge,Uttar Pradesh,779.68,35,39.9,34.8,5.1,37.9,1.089,78.4,77.8,80.6,70.6,33,87.1,1,2.9,0,3.6,MEDIUM,2.0,4.0
PRJ-3157,Urban Development,Madhya Pradesh,1892.31,26,31.7,10.5,21.2,13.3,1.267,70.9,57.9,63.1,64.8,116,36.8,5,6.2,1,5.1,HIGH,4.6,17.6
PRJ-3158,Urban Development,Himachal Pradesh,648.34,30,91.9,91.7,0.2,93.9,1.024,91.5,87.2,99.4,93.9,1,93.9,1,2.0,0,0.8,LOW,0.2,1.0
PRJ-3159,Power Infrastructure,Karnataka,1361.84,30,67.2,55.7,11.5,64.5,1.158,58.5,66.3,56.5,65.4,79,81.8,5,4.3,1,5.6,HIGH,5.4,11.2
PRJ-3160,Irrigation,Assam,1284.42,31,70.8,36.9,33.9,47.6,1.29,47.7,43.1,47.9,38.9,153,47.2,4,10.0,3,8.9,CRITICAL,12.4,27.5
PRJ-3161,Bridge,Telangana,1349.3,49,86.3,85.7,0.6,82.8,0.966,88.1,96.2,89.8,93.2,0,100.0,0,2.3,0,1.8,LOW,0.3,0.7
PRJ-3162,Metro,Delhi NCR,2158.08,43,57.2,57.2,0.0,59.3,1.037,88.8,89.5,97.2,95.3,0,100.0,0,1.3,0,1.2,LOW,0.2,0.0
PRJ-3163,Urban Development,Uttarakhand,2117.1,30,64.0,60.4,3.6,61.5,1.018,80.8,84.4,73.4,77.6,40,96.6,1,3.5,1,3.4,MEDIUM,2.2,5.9
PRJ-3164,Railway,Assam,4327.65,60,86.8,83.7,3.1,87.4,1.044,78.5,72.6,84.5,80.8,30,91.3,0,5.3,0,3.2,MEDIUM,2.5,5.9
PRJ-3165,Irrigation,Uttarakhand,320.41,30,58.1,51.3,6.8,55.8,1.088,80.5,82.3,82.3,71.7,38,85.9,1,3.3,1,4.2,MEDIUM,1.0,6.5
PRJ-3166,Highway,Rajasthan,2072.88,37,69.6,66.9,2.7,71.1,1.063,82.7,73.6,82.2,75.2,36,98.4,2,2.9,0,3.7,MEDIUM,2.0,7.6
PRJ-3167,Metro,Uttarakhand,3066.6,37,85.4,72.4,13.0,82.7,1.142,57.6,65.0,55.8,67.1,94,81.7,3,4.6,1,5.7,HIGH,5.6,10.3
PRJ-3168,Metro,Delhi NCR,3010.77,41,83.1,52.0,31.1,73.5,1.413,43.6,30.7,44.7,50.3,175,59.1,8,6.0,2,7.6,CRITICAL,9.9,23.1
PRJ-3169,Metro,Bihar,1476.76,61,45.0,37.8,7.2,41.1,1.087,77.8,82.9,81.9,71.4,15,83.6,3,1.8,0,2.6,MEDIUM,1.3,7.6
PRJ-3170,Metro,Jammu & Kashmir,3464.07,45,38.3,35.0,3.3,39.7,1.134,72.4,82.4,75.1,74.2,43,87.1,5,5.8,1,3.6,MEDIUM,2.6,6.5
PRJ-3171,Irrigation,Uttar Pradesh,750.24,43,46.9,17.1,29.8,24.1,1.409,35.7,48.8,53.8,43.3,153,31.6,9,5.1,3,8.7,CRITICAL,11.9,33.0
PRJ-3172,Bridge,Jammu & Kashmir,5413.15,25,89.8,88.9,0.9,89.8,1.01,89.8,88.6,95.2,91.5,0,99.0,0,2.5,0,1.1,LOW,0.0,0.5
PRJ-3173,Bridge,Tamil Nadu,772.42,25,41.2,41.2,0.0,42.8,1.039,93.9,95.7,98.0,88.9,4,100.0,1,1.0,0,0.6,LOW,0.1,1.7
PRJ-3174,Airport,Kerala,8435.89,54,66.8,63.6,3.2,68.6,1.079,75.4,76.1,80.6,74.4,37,97.1,3,5.3,0,4.1,MEDIUM,3.6,8.4
PRJ-3175,Bridge,Uttar Pradesh,528.64,25,87.4,79.3,8.1,86.4,1.09,79.1,77.2,78.0,74.2,20,92.5,0,2.4,0,4.0,MEDIUM,2.5,5.0
PRJ-3176,Bridge,Uttarakhand,951.45,29,66.7,66.7,0.0,67.7,1.015,89.9,90.5,94.6,89.8,0,100.0,0,3.0,0,0.9,LOW,0.2,2.2
PRJ-3177,Irrigation,Assam,4142.88,30,65.4,65.4,0.0,61.6,0.942,88.4,91.0,91.9,94.7,7,100.0,1,4.1,0,1.3,LOW,0.4,0.9
PRJ-3178,Power Infrastructure,Delhi NCR,1587.05,32,79.3,73.1,6.2,79.4,1.086,73.7,74.1,73.1,82.6,34,84.7,0,3.0,1,2.8,MEDIUM,2.3,6.8
PRJ-3179,Highway,Uttar Pradesh,2366.82,18,81.4,77.6,3.8,84.5,1.089,78.2,73.7,77.9,70.5,33,93.7,2,4.5,0,2.8,MEDIUM,2.9,8.2
PRJ-3180,Irrigation,Gujarat,746.09,23,52.8,36.6,16.2,44.6,1.219,57.5,63.2,63.5,62.4,110,69.4,4,4.2,3,6.2,HIGH,5.5,13.8
PRJ-3181,Urban Development,Madhya Pradesh,1851.35,17,61.6,38.6,23.0,47.6,1.233,66.9,61.1,60.4,57.0,81,60.5,3,5.2,2,6.2,HIGH,5.7,12.0
PRJ-3182,Airport,Himachal Pradesh,10413.92,49,64.3,34.9,29.4,45.5,1.304,46.9,43.7,49.7,45.4,129,52.7,4,6.4,5,8.7,CRITICAL,14.0,21.4
PRJ-3183,Metro,Assam,8630.04,59,48.5,48.1,0.4,50.7,1.054,91.7,91.8,96.2,92.5,3,93.8,0,3.1,0,1.8,LOW,0.1,0.8
PRJ-3184,Water Supply,Kerala,403.69,38,79.9,69.9,10.0,78.7,1.126,62.6,55.9,60.9,65.9,69,90.2,3,5.9,2,6.0,HIGH,5.8,16.7
PRJ-3185,Railway,Uttarakhand,2366.48,39,66.8,63.8,3.0,66.0,1.034,85.7,74.1,86.5,74.7,35,98.7,2,3.6,1,4.0,MEDIUM,2.7,5.1
PRJ-3186,Airport,Assam,1438.79,53,91.1,73.1,18.0,91.7,1.254,52.8,31.0,44.4,35.8,182,80.7,5,9.5,3,8.0,CRITICAL,11.2,33.2
PRJ-3187,Bridge,Uttarakhand,689.33,43,37.3,34.7,2.6,36.3,1.046,89.5,87.1,95.4,96.5,3,97.5,0,1.8,0,1.3,LOW,0.5,1.5
PRJ-3188,Water Supply,Kerala,1157.1,25,36.1,23.4,12.7,29.0,1.239,62.6,61.4,55.8,67.7,52,69.9,10,6.4,2,6.4,HIGH,5.6,13.5
PRJ-3189,Irrigation,Jammu & Kashmir,388.99,18,83.9,75.5,8.4,81.4,1.078,79.8,83.3,73.0,78.7,36,89.4,3,2.5,0,3.2,MEDIUM,2.5,5.9
PRJ-3190,Power Infrastructure,Maharashtra,3913.64,20,40.9,34.9,6.0,37.6,1.077,78.1,75.9,85.3,76.4,28,84.3,1,2.3,1,3.9,MEDIUM,2.5,6.2
PRJ-3191,Urban Development,Karnataka,362.07,25,76.8,43.4,33.4,58.0,1.336,48.5,33.3,53.5,33.5,204,62.0,5,6.9,4,8.9,CRITICAL,11.1,20.2
PRJ-3192,Power Infrastructure,Bihar,2759.17,24,60.6,52.2,8.4,60.0,1.149,66.0,65.8,67.0,64.5,101,85.7,5,3.3,3,6.0,HIGH,5.4,13.8
PRJ-3193,Bridge,Tamil Nadu,2957.94,35,37.0,18.4,18.6,22.4,1.217,66.7,65.3,60.9,58.3,60,52.0,6,5.8,1,5.5,HIGH,4.6,14.5
PRJ-3194,Urban Development,Madhya Pradesh,509.61,24,70.6,67.5,3.1,71.0,1.052,81.9,75.2,75.3,74.6,37,97.5,3,3.7,1,3.2,MEDIUM,1.9,6.1
PRJ-3195,Bridge,Karnataka,801.5,32,26.9,5.3,21.6,6.5,1.226,38.3,32.5,52.6,50.6,167,22.6,2,7.0,3,8.2,CRITICAL,11.6,24.4
PRJ-3196,Metro,Bihar,2622.56,47,72.2,71.0,1.2,69.9,0.985,98.8,96.2,94.9,89.7,1,93.5,0,0.3,0,0.7,LOW,0.3,1.6
PRJ-3197,Irrigation,Gujarat,1075.63,30,49.2,44.4,4.8,47.4,1.068,72.4,76.3,84.4,77.0,25,92.4,2,3.3,0,4.6,MEDIUM,2.4,7.0
PRJ-3198,Bridge,Odisha,828.41,25,28.2,10.2,18.0,11.6,1.137,56.9,68.0,55.5,55.3,77,37.7,2,5.4,1,5.3,HIGH,5.5,15.0
PRJ-3199,Irrigation,Gujarat,956.43,27,53.6,49.0,4.6,53.6,1.094,72.4,83.9,85.1,74.5,20,85.9,0,2.7,1,2.5,MEDIUM,1.6,4.9
PRJ-3200,Power Infrastructure,Jammu & Kashmir,2065.08,26,60.8,58.7,2.1,62.5,1.065,72.7,78.5,78.3,80.8,30,99.9,4,4.2,0,3.9,MEDIUM,3.7,5.6
PRJ-3201,Power Infrastructure,West Bengal,804.34,26,91.8,74.7,17.1,89.8,1.202,65.5,67.4,55.3,56.4,102,80.1,2,3.5,1,6.5,HIGH,5.6,14.2
PRJ-3202,Metro,Odisha,3370.13,69,70.1,45.2,24.9,52.9,1.17,46.1,47.6,46.4,43.4,131,64.4,2,7.0,3,8.9,CRITICAL,10.8,25.6
PRJ-3203,Highway,Rajasthan,1283.31,41,20.7,19.9,0.8,19.3,0.97,93.1,97.6,90.2,86.0,6,99.9,0,1.3,0,0.5,LOW,0.5,0.0
PRJ-3204,Highway,Karnataka,1212.17,34,69.2,68.0,1.2,65.2,0.959,92.3,93.6,96.5,92.7,0,91.6,0,1.9,0,1.9,LOW,0.1,1.8
PRJ-3205,Metro,Karnataka,4845.29,53,91.9,88.0,3.9,86.3,0.981,74.1,84.3,78.2,80.8,34,95.6,0,4.4,0,3.9,MEDIUM,2.5,8.4
PRJ-3206,Urban Development,Uttar Pradesh,219.74,31,64.0,61.4,2.6,61.4,1.0,82.3,83.2,86.8,72.6,33,97.8,0,2.7,1,3.2,MEDIUM,2.0,6.8
PRJ-3207,Metro,Uttar Pradesh,2273.63,53,22.3,22.3,0.0,23.6,1.058,90.0,94.5,92.0,90.4,2,98.0,2,2.1,0,1.1,LOW,0.4,1.4
PRJ-3208,Metro,Madhya Pradesh,2805.44,24,72.2,48.9,23.3,57.1,1.168,59.8,58.8,57.8,58.1,102,68.2,2,6.1,3,6.9,HIGH,5.2,16.2
PRJ-3209,Metro,Uttarakhand,2039.74,52,63.9,36.7,27.2,48.8,1.33,40.5,31.2,40.0,47.0,139,59.3,7,6.7,4,9.1,CRITICAL,10.7,25.3
PRJ-3210,Water Supply,Maharashtra,832.02,15,25.4,2.0,23.4,5.0,2.5,46.1,45.7,50.6,39.1,174,15.0,3,6.9,3,8.9,CRITICAL,11.1,25.1
PRJ-3211,Airport,Tamil Nadu,1863.35,62,34.6,26.5,8.1,29.0,1.094,77.2,73.7,82.5,81.4,19,75.5,5,1.7,0,3.2,MEDIUM,3.0,8.7
PRJ-3212,Bridge,Delhi NCR,3379.85,28,62.7,42.6,20.1,50.2,1.178,69.4,64.5,55.4,59.7,70,68.9,1,6.0,1,5.7,HIGH,6.3,10.7
PRJ-3213,Power Infrastructure,Jammu & Kashmir,4073.95,52,37.3,23.1,14.2,31.2,1.351,58.9,52.6,67.6,55.8,98,64.5,14,6.7,3,5.9,HIGH,5.1,14.4
PRJ-3214,Metro,Rajasthan,8727.29,34,61.0,44.9,16.1,52.4,1.167,67.3,54.6,68.0,66.9,95,73.4,1,6.8,3,5.7,HIGH,6.1,10.1
PRJ-3215,Water Supply,Karnataka,405.79,30,35.5,30.5,5.0,31.4,1.03,83.1,77.7,77.8,73.4,34,83.9,1,4.0,1,3.0,MEDIUM,1.7,5.1
PRJ-3216,Metro,Uttarakhand,1746.62,76,68.4,61.5,6.9,63.9,1.039,79.3,82.2,74.6,80.5,17,89.6,3,3.8,0,4.4,MEDIUM,3.2,7.4
PRJ-3217,Airport,Bihar,4681.45,51,59.4,57.5,1.9,59.7,1.038,78.8,70.4,84.7,82.5,30,100.0,1,1.5,0,3.5,MEDIUM,3.1,5.3
PRJ-3218,Irrigation,Delhi NCR,1119.56,18,53.7,45.8,7.9,48.8,1.066,73.0,79.8,78.7,80.9,34,88.2,2,2.5,0,3.5,MEDIUM,1.4,7.7
PRJ-3219,Railway,Rajasthan,1978.85,54,30.7,30.7,0.0,33.2,1.081,95.8,88.1,88.3,87.8,1,100.0,0,1.1,0,1.2,LOW,0.4,2.7
PRJ-3220,Water Supply,Assam,964.65,35,71.6,71.6,0.0,76.0,1.061,89.6,97.8,96.1,97.7,0,98.1,2,3.4,0,1.7,LOW,0.5,0.0
PRJ-3221,Metro,Gujarat,3212.67,51,88.9,73.9,15.0,84.7,1.146,60.8,67.0,60.8,57.3,123,83.9,2,6.8,2,6.5,HIGH,7.3,16.9
PRJ-3222,Highway,West Bengal,2105.57,26,40.1,22.1,18.0,25.5,1.154,40.1,38.5,37.8,48.8,163,50.8,4,5.4,5,7.3,CRITICAL,8.2,33.9
PRJ-3223,Urban Development,Uttarakhand,1174.59,30,20.5,17.3,3.2,16.5,0.954,78.9,78.8,83.1,76.5,42,84.0,0,5.1,0,3.0,MEDIUM,1.6,5.0
PRJ-3224,Water Supply,Karnataka,188.33,33,78.4,62.6,15.8,76.9,1.228,56.7,64.7,61.5,59.4,76,79.8,2,6.7,3,6.9,HIGH,7.1,18.3
PRJ-3225,Railway,Bihar,3900.43,41,59.6,52.7,6.9,57.8,1.097,84.9,81.1,72.8,72.9,33,85.6,4,4.1,0,4.5,MEDIUM,2.2,5.0
PRJ-3226,Power Infrastructure,Uttar Pradesh,1441.54,29,72.0,66.8,5.2,68.3,1.022,75.3,78.2,78.7,72.2,40,91.5,1,1.6,0,4.6,MEDIUM,1.9,8.2
PRJ-3227,Urban Development,Uttarakhand,1413.63,20,73.8,65.9,7.9,67.6,1.026,81.8,83.0,84.7,78.5,22,91.4,1,3.7,0,3.6,MEDIUM,3.1,6.7
PRJ-3228,Railway,Tamil Nadu,11249.01,50,74.4,74.4,0.0,72.2,0.97,88.4,92.4,93.4,86.8,0,100.0,0,2.2,0,0.5,LOW,0.3,1.6
PRJ-3229,Power Infrastructure,Karnataka,1462.9,46,72.2,67.5,4.7,69.7,1.033,82.8,70.5,79.5,83.2,10,93.0,0,3.5,1,4.0,MEDIUM,2.4,5.9
PRJ-3230,Urban Development,Maharashtra,832.36,14,53.2,50.0,3.2,52.5,1.05,73.9,77.3,84.7,71.2,36,91.5,2,1.8,0,3.6,MEDIUM,3.1,3.3
PRJ-3231,Water Supply,Uttarakhand,893.78,31,59.4,55.2,4.2,57.9,1.049,77.5,79.8,85.1,82.8,39,96.8,0,4.0,1,3.9,MEDIUM,3.4,8.0
PRJ-3232,Water Supply,Kerala,2093.43,39,64.8,64.8,0.0,65.9,1.017,98.1,92.5,96.1,89.5,3,97.2,1,3.7,0,0.8,LOW,0.2,0.0
PRJ-3233,Highway,Uttarakhand,5757.45,27,39.7,34.6,5.1,37.2,1.075,80.0,80.4,73.3,83.3,22,89.6,3,5.3,1,3.2,MEDIUM,1.9,5.1
PRJ-3234,Water Supply,Rajasthan,221.06,30,61.1,57.2,3.9,59.5,1.04,80.0,79.9,82.1,81.0,38,91.9,0,3.3,1,3.2,MEDIUM,1.8,6.1
PRJ-3235,Power Infrastructure,Assam,1387.29,28,37.4,37.4,0.0,37.0,0.989,98.0,95.1,90.0,93.3,0,99.9,0,2.8,0,1.4,LOW,0.1,2.1
PRJ-3236,Irrigation,Gujarat,729.54,22,75.6,66.9,8.7,72.4,1.082,83.6,84.8,78.7,81.3,35,91.2,1,2.6,1,3.8,MEDIUM,2.3,6.0
PRJ-3237,Water Supply,Karnataka,1808.42,34,39.5,30.9,8.6,34.0,1.1,81.3,75.7,85.8,77.8,52,74.8,1,2.3,0,4.2,MEDIUM,2.8,6.5
PRJ-3238,Airport,Jammu & Kashmir,1300.73,24,37.8,24.7,13.1,29.6,1.198,60.3,61.3,67.3,67.4,64,67.6,3,5.2,3,6.7,HIGH,4.1,17.1
PRJ-3239,Bridge,Tamil Nadu,3070.97,18,71.4,71.4,0.0,69.1,0.968,88.1,86.1,94.7,94.0,0,98.4,0,2.5,0,1.7,LOW,0.1,0.5
PRJ-3240,Airport,Himachal Pradesh,1582.85,56,89.3,88.4,0.9,88.6,1.002,89.9,86.3,98.7,97.9,0,94.9,0,2.9,0,1.4,LOW,0.4,0.9
PRJ-3241,Water Supply,Madhya Pradesh,851.63,29,68.7,62.7,6.0,67.2,1.072,77.5,83.7,73.9,79.4,22,91.8,0,2.4,1,3.0,MEDIUM,1.9,10.0
PRJ-3242,Bridge,Maharashtra,1406.94,28,70.8,64.0,6.8,69.5,1.086,72.6,78.3,72.6,82.7,24,92.7,2,4.2,1,4.7,MEDIUM,1.9,7.1
PRJ-3243,Highway,Uttarakhand,2663.23,23,75.6,74.3,1.3,76.9,1.035,95.5,89.5,99.6,92.1,2,98.8,2,2.1,0,1.9,LOW,0.2,2.2
PRJ-3244,Railway,Uttarakhand,7508.85,50,35.5,10.4,25.1,13.4,1.288,47.7,37.4,48.9,45.5,109,27.2,7,9.1,5,7.5,CRITICAL,10.6,28.0
PRJ-3245,Highway,Assam,2362.9,40,81.7,80.2,1.5,85.7,1.069,75.7,76.7,77.4,71.8,43,99.1,3,5.7,1,4.5,MEDIUM,2.2,6.1
PRJ-3246,Bridge,Andhra Pradesh,2666.76,20,76.8,60.8,16.0,76.8,1.263,68.0,64.2,69.3,64.2,75,75.5,4,6.5,1,5.6,HIGH,5.6,13.5
PRJ-3247,Water Supply,Kerala,469.98,20,89.7,87.3,2.4,90.7,1.039,94.3,97.4,88.4,87.8,0,98.6,0,3.9,0,1.8,LOW,0.2,1.4
PRJ-3248,Railway,Karnataka,3538.27,73,50.4,50.1,0.3,51.5,1.028,98.2,90.4,93.2,97.3,7,100.0,1,1.9,0,1.3,LOW,0.3,1.3
PRJ-3249,Water Supply,Madhya Pradesh,581.06,27,34.6,8.4,26.2,10.9,1.298,48.5,30.7,53.4,51.5,198,25.5,4,9.1,3,9.0,CRITICAL,12.9,27.9
PRJ-3250,Airport,Himachal Pradesh,1346.03,39,41.4,21.0,20.4,26.7,1.271,67.5,63.2,66.9,67.0,47,54.4,4,6.5,3,6.8,HIGH,6.8,14.8
PRJ-3251,Water Supply,Kerala,159.37,17,44.9,44.9,0.0,45.7,1.018,98.0,89.0,98.7,85.5,0,95.0,0,4.0,0,1.1,LOW,0.4,1.9
PRJ-3252,Airport,Assam,4052.15,38,30.8,15.7,15.1,18.0,1.146,64.3,52.3,60.9,59.4,71,44.5,3,6.5,1,6.5,HIGH,5.6,13.5
PRJ-3253,Bridge,Odisha,2347.32,40,83.0,68.9,14.1,80.6,1.17,65.0,62.7,67.6,67.6,85,79.3,4,4.6,3,6.5,HIGH,7.7,16.0
PRJ-3254,Urban Development,Himachal Pradesh,1147.31,26,27.0,9.5,17.5,11.9,1.253,57.5,59.7,63.1,64.3,93,36.1,3,6.3,1,5.2,HIGH,6.9,13.8
PRJ-3255,Power Infrastructure,Bihar,2115.91,35,66.7,49.6,17.1,54.8,1.105,64.1,60.3,65.8,67.2,87,74.0,1,4.4,1,7.2,HIGH,6.0,13.3
PRJ-3256,Irrigation,Himachal Pradesh,165.34,13,48.4,33.3,15.1,39.0,1.171,56.3,61.2,64.2,58.0,127,71.6,2,7.4,3,5.4,HIGH,6.2,13.5
PRJ-3257,Urban Development,Jammu & Kashmir,499.88,15,53.4,34.1,19.3,39.0,1.144,68.4,68.3,60.7,60.8,106,61.0,1,8.0,3,6.7,HIGH,7.5,15.2
PRJ-3258,Airport,Telangana,5571.18,65,75.4,44.4,31.0,57.6,1.297,44.2,31.2,44.0,34.0,127,61.3,1,8.2,3,7.5,CRITICAL,9.9,20.5
PRJ-3259,Irrigation,Assam,392.48,34,27.9,20.7,7.2,22.5,1.087,85.6,76.4,72.6,74.6,27,76.9,1,3.4,0,2.8,MEDIUM,1.3,6.7
PRJ-3260,Metro,Gujarat,1591.53,49,35.4,28.9,6.5,30.8,1.066,81.6,73.1,84.6,81.0,34,77.2,2,4.1,0,4.7,MEDIUM,1.9,7.3
PRJ-3261,Bridge,Delhi NCR,2471.82,41,65.2,50.6,14.6,60.2,1.19,67.1,54.0,68.8,55.3,100,70.7,1,6.8,3,5.5,HIGH,5.4,16.2
PRJ-3262,Metro,Gujarat,3580.96,42,32.7,32.7,0.0,32.0,0.979,91.4,92.0,91.7,91.9,0,100.0,0,1.2,0,1.9,LOW,0.3,0.1
PRJ-3263,Bridge,Uttarakhand,567.86,33,51.8,40.0,11.8,46.2,1.155,56.4,60.4,67.0,63.9,45,73.0,4,8.2,2,7.0,HIGH,5.0,11.4
PRJ-3264,Water Supply,Andhra Pradesh,1418.36,12,71.6,70.8,0.8,69.0,0.975,94.9,96.0,91.8,94.2,0,97.6,0,1.7,0,0.7,LOW,0.1,0.9
PRJ-3265,Urban Development,Uttar Pradesh,513.5,43,76.1,74.9,1.2,75.5,1.008,97.7,94.2,94.4,96.0,1,100.0,0,1.1,0,1.1,LOW,0.2,2.7
PRJ-3266,Metro,Assam,2849.79,24,34.5,21.0,13.5,23.9,1.138,65.3,57.9,67.9,58.3,98,64.3,5,4.8,3,5.5,HIGH,4.4,14.6
PRJ-3267,Highway,Tamil Nadu,659.0,54,59.5,45.1,14.4,54.0,1.197,55.8,53.0,58.3,58.8,66,71.9,5,4.6,2,5.2,HIGH,6.0,15.2
PRJ-3268,Metro,Jammu & Kashmir,8300.79,38,39.7,35.8,3.9,38.8,1.084,84.2,82.6,76.9,81.2,17,88.2,0,3.3,0,2.7,MEDIUM,2.3,6.5
PRJ-3269,Water Supply,Tamil Nadu,795.96,33,72.6,46.0,26.6,56.2,1.222,51.2,51.0,36.9,52.6,185,62.6,4,9.3,3,8.8,CRITICAL,11.9,21.7
PRJ-3270,Railway,Madhya Pradesh,3402.25,59,55.9,49.5,6.4,53.7,1.085,85.9,73.7,80.3,79.7,42,86.1,1,2.9,1,4.2,MEDIUM,2.2,7.7
PRJ-3271,Bridge,Kerala,1029.19,38,51.3,43.3,8.0,52.5,1.212,64.7,68.5,65.8,65.6,108,81.3,8,8.1,3,6.5,HIGH,5.4,13.8
PRJ-3272,Railway,Uttar Pradesh,1410.68,50,90.6,89.2,1.4,87.8,0.984,94.0,95.2,89.1,86.5,0,95.1,0,1.0,0,2.2,LOW,0.1,1.7
PRJ-3273,Water Supply,Assam,1683.02,12,90.5,75.5,15.0,88.2,1.168,58.9,66.4,59.1,61.0,60,82.2,2,7.6,1,6.9,HIGH,6.1,12.5
PRJ-3274,Urban Development,Telangana,153.76,26,39.5,33.1,6.4,34.9,1.054,72.9,73.7,84.4,73.0,26,86.0,1,3.3,1,3.0,MEDIUM,2.6,4.8
PRJ-3275,Highway,Bihar,1144.52,18,28.7,26.9,1.8,27.9,1.037,92.2,86.7,90.5,91.7,1,86.3,0,1.1,0,0.8,LOW,0.6,1.6
PRJ-3276,Power Infrastructure,Delhi NCR,666.77,26,21.3,18.4,2.9,20.1,1.092,83.5,81.4,85.2,78.7,34,80.5,1,2.4,0,4.0,MEDIUM,2.1,6.7
PRJ-3277,Highway,West Bengal,920.48,34,41.2,39.7,1.5,43.1,1.086,76.0,72.5,83.5,75.6,43,94.6,4,2.7,0,3.5,MEDIUM,3.1,5.8
PRJ-3278,Urban Development,Telangana,965.48,33,67.9,62.5,5.4,67.1,1.074,83.2,72.0,72.2,82.7,45,99.5,2,3.8,0,3.1,MEDIUM,2.7,5.1
PRJ-3279,Bridge,Uttar Pradesh,1247.27,25,52.9,46.7,6.2,52.2,1.118,77.6,81.1,81.8,76.4,19,92.0,3,3.4,1,4.3,MEDIUM,2.9,6.8
PRJ-3280,Urban Development,Uttarakhand,375.94,25,43.7,20.1,23.6,24.9,1.239,43.6,30.8,53.7,53.6,206,42.7,3,6.0,2,8.6,CRITICAL,13.2,23.0
PRJ-3281,Bridge,Bihar,2967.15,26,74.4,47.1,27.3,58.9,1.251,40.9,37.9,41.6,39.6,148,58.4,5,8.5,4,8.4,CRITICAL,6.5,30.0
PRJ-3282,Highway,Kerala,599.83,39,50.4,47.0,3.4,47.0,1.0,83.8,73.4,77.5,74.6,34,96.3,1,5.7,1,4.4,MEDIUM,3.0,8.0
PRJ-3283,Bridge,Maharashtra,811.62,46,60.4,33.7,26.7,42.3,1.255,50.1,49.1,51.9,41.5,137,56.9,3,8.9,2,9.3,CRITICAL,13.2,27.0
PRJ-3284,Metro,Tamil Nadu,6031.35,54,53.0,31.2,21.8,40.4,1.295,39.8,36.4,35.4,46.5,179,61.8,6,7.5,5,7.9,CRITICAL,9.2,18.8
PRJ-3285,Airport,Assam,11599.5,36,65.0,57.8,7.2,62.9,1.088,73.3,80.5,77.0,81.4,33,93.7,2,3.3,1,3.4,MEDIUM,2.4,6.4
PRJ-3286,Irrigation,Assam,1385.3,15,84.4,78.6,5.8,84.5,1.075,82.2,70.7,86.4,76.8,40,93.4,3,5.3,1,3.0,MEDIUM,2.5,4.8
PRJ-3287,Water Supply,West Bengal,334.29,44,43.7,37.2,6.5,39.8,1.07,85.4,82.1,83.4,70.8,33,85.9,1,1.6,1,3.9,MEDIUM,2.8,4.3
PRJ-3288,Urban Development,Maharashtra,1780.47,19,41.3,16.2,25.1,20.4,1.259,46.6,36.9,47.2,50.9,169,42.4,6,5.3,4,9.3,CRITICAL,8.2,25.5
PRJ-3289,Railway,Tamil Nadu,3205.03,65,75.7,73.9,1.8,73.9,1.0,93.9,98.7,88.5,89.2,0,100.0,0,1.4,0,0.7,LOW,0.2,0.0
PRJ-3290,Urban Development,Telangana,468.12,31,81.8,79.4,2.4,83.0,1.045,77.5,79.3,83.8,74.9,22,100.0,1,3.7,0,3.5,MEDIUM,2.3,6.0
PRJ-3291,Urban Development,Kerala,374.71,41,41.1,36.1,5.0,38.2,1.058,80.4,84.7,84.1,73.5,25,89.3,1,6.1,1,4.0,MEDIUM,2.2,6.2
PRJ-3292,Irrigation,Madhya Pradesh,152.75,27,77.1,60.2,16.9,72.5,1.204,60.5,65.0,58.3,59.2,92,78.5,4,4.1,3,5.9,HIGH,5.3,14.6
PRJ-3293,Bridge,West Bengal,5527.72,33,31.6,30.2,1.4,29.7,0.983,89.8,91.0,98.8,96.8,0,96.1,0,0.3,0,1.1,LOW,0.2,1.9
PRJ-3294,Power Infrastructure,Assam,2093.41,27,28.0,11.2,16.8,13.1,1.17,66.5,52.7,59.3,57.4,97,42.8,0,6.0,1,5.7,HIGH,4.3,16.1
PRJ-3295,Highway,Madhya Pradesh,1187.86,30,77.8,77.8,0.0,77.6,0.997,91.1,93.8,88.4,94.2,1,100.0,0,0.4,0,1.0,LOW,0.0,0.8
PRJ-3296,Metro,Odisha,13833.83,31,70.0,56.1,13.9,64.0,1.141,57.9,66.9,63.7,57.1,99,75.2,2,6.2,1,5.5,HIGH,6.0,16.2
PRJ-3297,Urban Development,Gujarat,1600.23,32,21.2,14.9,6.3,16.7,1.121,80.5,81.3,83.6,81.9,48,68.8,5,3.0,1,3.8,MEDIUM,2.4,8.6
PRJ-3298,Urban Development,Tamil Nadu,1726.04,28,76.4,74.7,1.7,76.0,1.017,84.1,70.4,80.9,73.5,32,97.1,1,3.8,0,4.2,MEDIUM,2.4,7.1
PRJ-3299,Urban Development,Telangana,513.65,38,44.7,36.2,8.5,38.9,1.075,79.8,80.8,86.1,79.0,46,84.0,2,3.8,1,4.6,MEDIUM,1.9,7.9
PRJ-3300,Irrigation,Gujarat,730.12,26,59.1,56.3,2.8,57.5,1.021,85.0,78.7,74.9,79.5,36,97.9,1,1.6,0,3.9,MEDIUM,3.2,3.7
PRJ-3301,Urban Development,Madhya Pradesh,897.9,26,24.8,20.7,4.1,21.6,1.043,77.4,81.7,76.3,82.6,31,82.6,1,4.1,0,4.4,MEDIUM,2.0,7.9
PRJ-3302,Urban Development,Madhya Pradesh,3491.36,29,60.2,34.2,26.0,42.9,1.254,43.3,49.4,35.4,36.7,187,54.2,5,7.3,5,8.0,CRITICAL,9.3,28.9
PRJ-3303,Power Infrastructure,Assam,4859.99,44,60.6,53.8,6.8,56.8,1.056,82.4,81.0,72.5,77.1,36,87.4,1,4.3,1,2.6,MEDIUM,2.8,6.9
PRJ-3304,Power Infrastructure,Rajasthan,3727.19,51,90.9,74.3,16.6,91.0,1.225,70.3,58.4,59.3,64.6,46,76.5,2,5.7,1,6.4,HIGH,6.2,10.8
PRJ-3305,Irrigation,Delhi NCR,565.88,24,86.6,86.6,0.0,90.6,1.046,98.4,88.8,90.8,87.2,0,100.0,1,0.5,0,0.6,LOW,0.3,2.8
PRJ-3306,Power Infrastructure,Maharashtra,2159.04,33,45.4,37.4,8.0,40.5,1.083,67.3,55.2,61.9,64.1,79,84.3,2,4.6,3,7.0,HIGH,5.9,14.1
PRJ-3307,Power Infrastructure,Gujarat,5019.12,31,87.2,81.7,5.5,90.1,1.103,84.9,82.4,79.3,76.3,22,96.9,4,2.1,1,3.7,MEDIUM,2.1,7.8
PRJ-3308,Airport,Tamil Nadu,1283.0,34,49.5,43.2,6.3,46.9,1.086,84.2,70.0,75.3,83.4,21,88.1,2,2.1,0,4.5,MEDIUM,2.0,5.7
PRJ-3309,Water Supply,Rajasthan,701.82,26,46.2,44.7,1.5,46.5,1.04,78.1,77.4,86.8,76.0,33,99.8,2,3.2,1,2.6,MEDIUM,1.7,8.6
PRJ-3310,Bridge,Andhra Pradesh,486.58,26,40.5,35.3,5.2,37.9,1.074,83.2,76.0,82.2,77.2,39,94.4,2,2.0,1,3.5,MEDIUM,1.8,7.3
PRJ-3311,Water Supply,Kerala,4306.23,21,33.8,33.8,0.0,34.6,1.024,95.0,87.3,95.6,90.3,2,100.0,0,2.5,0,1.8,LOW,0.1,0.7
PRJ-3312,Urban Development,Himachal Pradesh,242.05,22,52.7,42.9,9.8,46.3,1.079,67.9,52.7,60.6,63.0,53,78.5,1,7.1,2,5.2,HIGH,4.2,17.6
PRJ-3313,Highway,Madhya Pradesh,1571.63,43,56.1,29.1,27.0,39.2,1.347,48.5,38.6,46.8,40.0,129,50.2,9,7.0,5,7.3,CRITICAL,13.8,25.9
PRJ-3314,Bridge,Telangana,1441.39,18,89.3,74.0,15.3,89.1,1.204,61.6,63.8,69.4,61.7,70,90.1,6,4.2,2,6.2,HIGH,6.5,12.4
PRJ-3315,Railway,Assam,7395.89,26,82.5,82.5,0.0,84.3,1.022,98.8,93.0,90.3,87.5,1,100.0,1,2.3,0,0.7,LOW,0.0,1.0
PRJ-3316,Irrigation,Tamil Nadu,462.0,17,39.4,38.6,0.8,39.9,1.034,88.4,92.5,95.6,97.6,8,99.6,1,1.7,0,2.1,LOW,0.0,1.1
PRJ-3317,Urban Development,Bihar,530.05,31,37.8,36.3,1.5,37.7,1.039,77.7,73.3,77.2,82.8,14,95.7,3,4.1,0,4.5,MEDIUM,1.8,5.1
PRJ-3318,Power Infrastructure,Andhra Pradesh,1553.97,18,23.5,6.1,17.4,7.3,1.197,70.0,62.8,62.5,62.5,103,28.5,2,4.2,1,6.9,HIGH,5.4,13.1
PRJ-3319,Irrigation,West Bengal,248.33,30,56.6,54.9,1.7,58.3,1.062,77.2,83.9,83.9,72.1,32,94.2,3,3.3,1,3.6,MEDIUM,3.1,5.1
PRJ-3320,Airport,Bihar,1350.13,51,86.5,68.1,18.4,85.9,1.261,64.5,62.2,66.9,57.7,95,78.2,3,6.0,2,6.5,HIGH,5.7,17.3
PRJ-3321,Bridge,Jammu & Kashmir,753.36,18,48.6,46.6,2.0,46.0,0.987,93.7,93.0,91.7,93.7,0,93.6,0,2.9,0,1.8,LOW,0.5,2.3
PRJ-3322,Bridge,Rajasthan,4438.31,29,22.1,19.1,3.0,20.2,1.058,76.5,81.1,82.3,77.6,19,86.9,2,1.6,1,2.7,MEDIUM,2.3,2.9
PRJ-3323,Bridge,Madhya Pradesh,2931.61,33,21.8,15.6,6.2,17.0,1.09,78.1,76.8,74.2,83.7,60,70.9,2,2.9,0,2.5,MEDIUM,2.6,4.8
PRJ-3324,Bridge,Rajasthan,1459.01,23,64.1,62.6,1.5,63.7,1.018,92.0,94.7,91.0,93.5,0,97.5,0,2.0,0,1.4,LOW,0.3,3.1
PRJ-3325,Bridge,Rajasthan,2016.14,38,67.1,67.1,0.0,69.6,1.037,91.1,91.8,88.2,94.7,1,92.9,0,2.5,0,0.7,LOW,0.2,1.5
PRJ-3326,Irrigation,Karnataka,1476.73,19,78.7,78.7,0.0,76.1,0.967,96.9,97.8,88.9,87.3,0,99.3,1,1.5,0,1.9,LOW,0.1,2.3
PRJ-3327,Railway,Gujarat,8810.92,57,34.9,33.6,1.3,33.8,1.006,93.8,89.3,89.5,91.4,1,95.9,0,1.0,0,0.6,LOW,0.6,0.8
PRJ-3328,Railway,Jammu & Kashmir,6884.07,58,52.0,52.0,0.0,52.3,1.006,92.7,93.4,88.5,90.4,1,98.7,0,2.3,0,1.4,LOW,0.5,2.5
PRJ-3329,Highway,Himachal Pradesh,1866.6,50,67.6,61.6,6.0,63.5,1.031,72.4,79.8,79.2,72.7,41,92.8,0,5.6,1,4.3,MEDIUM,1.9,5.7
PRJ-3330,Highway,Jammu & Kashmir,4054.35,41,65.9,59.1,6.8,64.9,1.098,83.4,76.1,80.6,79.0,21,91.5,2,5.5,1,2.5,MEDIUM,2.1,8.9
PRJ-3331,Irrigation,Andhra Pradesh,2671.9,35,22.4,6.9,15.5,8.4,1.217,61.7,57.4,65.6,62.0,61,34.4,3,5.2,2,5.9,HIGH,7.7,10.4
PRJ-3332,Power Infrastructure,Madhya Pradesh,4978.54,42,66.4,35.2,31.2,46.5,1.321,36.9,42.3,51.9,33.3,140,57.3,4,6.4,4,8.8,CRITICAL,10.3,30.5
PRJ-3333,Power Infrastructure,Bihar,704.45,33,59.9,34.1,25.8,45.4,1.331,38.7,46.6,47.2,45.3,181,54.4,9,6.0,4,7.4,CRITICAL,13.4,29.2
PRJ-3334,Urban Development,Madhya Pradesh,2448.37,38,75.9,75.9,0.0,78.1,1.029,88.7,94.6,89.5,91.1,0,100.0,1,1.7,0,2.1,LOW,0.4,1.2
PRJ-3335,Water Supply,Rajasthan,820.3,27,86.5,72.5,14.0,81.5,1.124,65.5,57.4,62.5,64.1,75,79.6,3,5.5,1,5.4,HIGH,6.5,16.7
PRJ-3336,Metro,Uttar Pradesh,2758.06,35,33.8,32.3,1.5,32.9,1.019,75.9,83.8,79.6,72.2,31,94.4,2,4.1,1,4.4,MEDIUM,3.2,7.2
PRJ-3337,Urban Development,Odisha,609.9,15,29.7,29.7,0.0,28.4,0.956,92.5,90.8,97.9,94.1,3,100.0,0,0.4,0,2.0,LOW,0.4,1.2
PRJ-3338,Power Infrastructure,Himachal Pradesh,1269.06,43,21.2,19.2,2.0,19.7,1.026,73.9,70.5,75.4,72.6,34,91.8,0,3.5,1,3.9,MEDIUM,2.4,7.6
PRJ-3339,Highway,Uttarakhand,4676.91,58,56.9,45.0,11.9,50.1,1.113,60.1,62.7,58.5,61.1,103,77.6,3,7.7,1,6.4,HIGH,4.3,16.4
PRJ-3340,Irrigation,Assam,3596.66,26,66.6,64.2,2.4,69.4,1.081,78.1,73.9,75.9,81.3,36,92.9,3,3.6,0,4.5,MEDIUM,2.9,4.3
PRJ-3341,Metro,Delhi NCR,1621.2,52,64.0,41.8,22.2,50.1,1.199,65.2,55.3,66.0,66.3,79,64.4,1,5.0,2,6.1,HIGH,3.8,14.1
PRJ-3342,Railway,Uttarakhand,5246.95,36,76.3,38.7,37.6,48.9,1.264,37.8,39.9,46.9,51.7,152,44.6,1,10.0,2,7.3,CRITICAL,8.1,16.5
PRJ-3343,Power Infrastructure,Andhra Pradesh,864.11,37,58.7,26.6,32.1,35.7,1.342,50.3,40.8,50.5,43.9,236,51.5,7,6.9,4,8.4,CRITICAL,9.6,34.9
PRJ-3344,Highway,Maharashtra,3403.07,34,78.4,77.3,1.1,77.7,1.005,91.8,88.5,97.7,92.3,0,100.0,0,2.5,0,2.1,LOW,0.2,0.5
PRJ-3345,Bridge,Assam,1732.01,26,45.5,39.2,6.3,41.4,1.056,84.7,80.2,73.4,72.6,30,85.0,3,4.6,0,4.1,MEDIUM,3.1,8.9
PRJ-3346,Railway,Andhra Pradesh,1459.63,52,24.4,19.6,4.8,21.5,1.097,77.1,73.3,82.5,73.7,34,83.7,2,2.7,0,3.7,MEDIUM,2.0,4.7
PRJ-3347,Irrigation,Madhya Pradesh,619.5,31,78.7,78.7,0.0,78.7,1.0,89.2,91.1,89.7,88.3,0,100.0,0,2.1,0,1.6,LOW,0.3,0.5
PRJ-3348,Metro,Himachal Pradesh,3680.71,56,70.6,66.7,3.9,70.2,1.052,81.2,77.2,81.0,71.2,41,99.4,1,4.6,1,2.5,MEDIUM,3.3,7.5
PRJ-3349,Airport,Rajasthan,2191.33,62,83.3,67.5,15.8,83.9,1.243,65.5,65.2,54.6,59.5,93,81.0,7,3.4,2,6.0,HIGH,7.2,13.9
PRJ-3350,Airport,Jammu & Kashmir,3397.82,62,81.7,69.0,12.7,76.7,1.112,62.6,53.4,56.3,58.4,83,82.9,4,7.7,1,5.4,HIGH,4.9,17.5
PRJ-3351,Irrigation,Kerala,1486.29,47,57.3,50.8,6.5,54.0,1.063,85.7,83.2,78.0,72.6,22,89.5,2,4.4,0,4.3,MEDIUM,2.9,8.3
PRJ-3352,Metro,Jammu & Kashmir,3688.16,61,81.1,53.5,27.6,67.8,1.267,43.4,41.8,44.6,41.3,145,68.6,5,10.0,4,8.9,CRITICAL,11.9,31.8
PRJ-3353,Water Supply,West Bengal,674.37,21,53.5,47.8,5.7,52.5,1.098,84.9,70.5,85.2,73.8,22,84.5,3,3.8,0,2.5,MEDIUM,2.2,4.3
PRJ-3354,Water Supply,Kerala,1087.05,30,33.8,15.2,18.6,18.8,1.237,67.3,68.5,65.6,57.5,68,45.2,5,6.6,1,5.5,HIGH,7.1,11.7
PRJ-3355,Irrigation,Assam,1113.92,27,44.6,37.7,6.9,39.4,1.045,78.4,84.9,80.0,78.1,18,81.7,1,3.9,1,3.2,MEDIUM,1.6,7.3
PRJ-3356,Airport,Delhi NCR,1235.29,51,39.0,33.7,5.3,36.7,1.089,73.6,83.6,86.5,82.7,27,86.8,2,2.5,0,2.8,MEDIUM,1.7,6.1
PRJ-3357,Metro,Karnataka,6921.28,65,71.5,47.9,23.6,59.5,1.242,60.0,61.1,69.6,58.5,67,69.0,2,6.5,2,5.3,HIGH,6.2,8.4
PRJ-3358,Bridge,Gujarat,1016.09,33,79.0,59.9,19.1,70.6,1.179,63.8,66.2,65.0,55.6,89,81.9,2,7.0,3,6.4,HIGH,5.1,13.6
PRJ-3359,Airport,Rajasthan,5772.57,30,86.8,64.8,22.0,88.2,1.361,39.1,51.9,50.4,43.8,200,72.0,11,7.6,4,8.2,CRITICAL,10.7,36.2
PRJ-3360,Urban Development,Odisha,1883.93,26,77.1,52.8,24.3,70.8,1.341,51.0,32.1,52.7,35.7,183,69.1,8,8.4,5,7.7,CRITICAL,10.0,22.9
PRJ-3361,Water Supply,West Bengal,1411.65,23,89.8,71.0,18.8,86.4,1.217,62.6,63.3,56.7,55.9,65,84.2,3,6.6,3,5.6,HIGH,6.4,15.7
PRJ-3362,Metro,Karnataka,1646.57,31,30.2,15.4,14.8,18.7,1.214,67.8,62.9,62.0,59.2,87,53.1,5,3.4,2,5.1,HIGH,5.3,15.4
PRJ-3363,Power Infrastructure,Maharashtra,2758.75,48,91.2,75.5,15.7,92.5,1.225,67.1,64.3,61.5,61.4,77,82.3,6,6.4,2,6.1,HIGH,6.4,11.5
PRJ-3364,Metro,Odisha,3841.64,42,67.3,60.1,7.2,64.0,1.065,77.2,81.5,85.9,76.3,25,86.5,1,4.2,1,4.8,MEDIUM,2.2,7.9
PRJ-3365,Power Infrastructure,Karnataka,5424.24,37,47.2,16.5,30.7,22.4,1.358,50.1,41.3,42.4,43.2,125,40.4,5,6.6,3,7.7,CRITICAL,10.7,21.9
PRJ-3366,Urban Development,Himachal Pradesh,456.93,38,24.5,11.0,13.5,12.9,1.173,68.3,62.7,63.1,55.0,64,40.6,6,6.4,2,6.8,HIGH,5.3,11.3
PRJ-3367,Irrigation,Jammu & Kashmir,387.88,39,78.9,56.0,22.9,67.6,1.207,69.3,66.2,63.9,58.1,57,68.5,0,4.3,3,5.4,HIGH,6.8,12.7
PRJ-3368,Airport,Madhya Pradesh,1520.67,54,72.7,72.7,0.0,72.5,0.997,92.6,95.2,91.7,85.9,0,94.1,0,1.3,0,1.2,LOW,0.2,0.9
PRJ-3369,Urban Development,Uttar Pradesh,397.69,27,35.4,35.4,0.0,35.4,1.0,91.3,92.2,99.5,96.2,9,100.0,2,1.4,0,1.0,LOW,0.0,0.4
PRJ-3370,Water Supply,Gujarat,1208.94,38,51.0,34.3,16.7,39.7,1.157,56.5,66.1,67.4,67.1,112,66.8,4,5.3,2,6.6,HIGH,6.5,11.9
PRJ-3371,Metro,Uttar Pradesh,2666.18,30,51.5,49.8,1.7,48.5,0.974,85.4,74.5,81.4,73.9,34,100.0,2,2.5,1,3.3,MEDIUM,3.6,3.6
PRJ-3372,Bridge,Madhya Pradesh,574.12,45,63.9,63.3,0.6,62.8,0.992,90.5,90.0,99.6,96.5,5,100.0,0,1.5,0,2.0,LOW,0.3,1.1
PRJ-3373,Power Infrastructure,Gujarat,1188.78,53,34.1,34.1,0.0,34.6,1.015,97.9,89.9,93.8,97.7,4,100.0,1,1.3,0,1.9,LOW,0.0,1.4
PRJ-3374,Power Infrastructure,Andhra Pradesh,4514.32,47,46.9,17.0,29.9,22.8,1.341,37.1,40.2,38.0,46.9,164,37.1,7,8.8,5,8.4,CRITICAL,9.9,25.6
PRJ-3375,Airport,Kerala,3757.94,66,64.0,60.1,3.9,59.7,0.993,84.4,82.9,80.5,84.0,13,93.5,1,5.4,0,3.2,MEDIUM,2.6,8.1
PRJ-3376,Irrigation,Himachal Pradesh,182.12,22,63.6,31.3,32.3,43.9,1.403,48.2,49.3,36.6,48.2,206,51.0,7,7.9,5,7.9,CRITICAL,13.1,34.9
PRJ-3377,Urban Development,Madhya Pradesh,1869.2,28,49.7,35.9,13.8,42.1,1.173,69.3,62.8,61.1,61.4,71,73.7,2,4.8,1,6.7,HIGH,4.1,15.2
PRJ-3378,Irrigation,Maharashtra,651.5,34,24.9,23.7,1.2,23.5,0.992,88.0,96.6,99.6,87.9,3,97.0,0,2.4,0,1.9,LOW,0.0,2.0
PRJ-3379,Water Supply,Gujarat,315.33,29,36.8,26.5,10.3,28.1,1.06,78.5,82.9,81.3,70.1,20,71.1,0,3.4,0,3.4,MEDIUM,2.6,7.3
PRJ-3380,Irrigation,West Bengal,197.78,18,89.9,84.8,5.1,91.2,1.075,83.9,83.6,72.9,78.6,34,96.1,2,1.7,0,4.8,MEDIUM,1.9,4.8
PRJ-3381,Urban Development,Bihar,855.3,34,34.8,34.8,0.0,37.7,1.083,92.4,97.7,93.2,93.4,0,100.0,1,0.7,0,0.9,LOW,0.2,0.5
PRJ-3382,Airport,Kerala,6033.89,52,66.8,61.2,5.6,65.2,1.065,85.0,82.9,82.1,74.4,41,92.2,1,2.7,1,2.6,MEDIUM,3.3,6.2
PRJ-3383,Irrigation,Uttarakhand,1234.24,26,75.5,57.5,18.0,69.4,1.207,61.1,67.0,57.3,61.1,96,82.5,5,6.1,3,6.5,HIGH,7.5,12.1
PRJ-3384,Power Infrastructure,Delhi NCR,3365.77,28,69.9,39.9,30.0,53.8,1.348,51.3,42.8,53.7,36.5,114,58.4,7,8.0,2,7.1,CRITICAL,10.3,25.4
PRJ-3385,Railway,Assam,8517.39,34,38.3,38.3,0.0,37.5,0.979,93.7,92.8,89.3,91.6,1,100.0,0,3.3,0,1.7,LOW,0.4,0.2
PRJ-3386,Airport,Delhi NCR,5516.63,50,46.9,15.5,31.4,20.7,1.335,49.9,39.6,41.6,37.3,215,29.9,3,9.1,3,7.4,CRITICAL,15.0,28.6
PRJ-3387,Metro,Bihar,5118.35,56,77.4,42.4,35.0,58.8,1.387,38.4,46.9,48.0,45.3,205,51.5,9,9.2,3,8.2,CRITICAL,14.9,22.4
PRJ-3388,Irrigation,Odisha,365.86,27,79.7,71.7,8.0,82.0,1.144,69.6,54.8,62.5,62.8,77,92.3,4,4.5,3,5.8,HIGH,5.8,11.6
PRJ-3389,Water Supply,Tamil Nadu,941.3,30,43.5,24.4,19.1,29.5,1.209,50.1,50.3,48.7,52.1,200,55.8,4,7.0,2,8.2,CRITICAL,11.6,22.4
PRJ-3390,Railway,Bihar,4342.33,30,25.9,14.8,11.1,16.3,1.101,68.7,61.1,60.6,63.6,61,56.2,0,4.5,1,7.1,HIGH,7.0,14.3
PRJ-3391,Irrigation,Rajasthan,701.73,30,28.1,24.8,3.3,24.4,0.984,74.1,82.6,81.5,81.8,32,84.9,0,1.9,1,3.4,MEDIUM,2.3,6.8
PRJ-3392,Irrigation,Andhra Pradesh,1327.01,24,38.3,13.0,25.3,16.1,1.238,45.1,32.2,50.9,33.1,192,34.1,3,5.3,2,7.7,CRITICAL,13.5,28.3
PRJ-3393,Airport,Madhya Pradesh,5651.82,55,32.8,18.1,14.7,21.2,1.171,69.9,66.8,64.8,66.1,94,51.4,5,5.8,3,6.0,HIGH,5.0,14.6
PRJ-3394,Water Supply,Madhya Pradesh,160.15,33,72.1,72.1,0.0,70.3,0.975,91.7,97.7,89.9,88.0,0,99.6,0,2.1,0,1.3,LOW,0.0,2.0
PRJ-3395,Power Infrastructure,Kerala,3824.94,32,67.1,50.8,16.3,64.5,1.27,61.3,56.8,62.6,58.9,86,80.7,7,7.6,3,6.8,HIGH,4.4,15.6
PRJ-3396,Urban Development,Delhi NCR,182.24,26,73.7,57.9,15.8,67.9,1.173,59.4,62.9,55.8,59.4,70,74.6,4,5.7,3,6.5,HIGH,6.0,12.3
PRJ-3397,Water Supply,Bihar,260.81,43,55.7,28.6,27.1,37.8,1.322,35.5,38.4,46.1,35.7,124,49.6,6,6.1,2,8.9,CRITICAL,10.2,21.7
PRJ-3398,Metro,Maharashtra,16322.48,47,71.4,69.9,1.5,72.5,1.037,92.8,96.3,97.9,91.5,0,97.6,1,0.3,0,1.3,LOW,0.3,1.2
PRJ-3399,Metro,Rajasthan,13838.9,49,63.6,42.8,20.8,53.8,1.257,67.0,67.8,58.9,65.2,75,63.4,5,6.3,2,5.2,HIGH,4.3,16.4
PRJ-3400,Airport,Tamil Nadu,21295.96,44,45.9,45.9,0.0,45.3,0.987,94.4,98.5,97.0,86.7,0,92.8,0,0.8,0,1.2,LOW,0.5,0.7
PRJ-3401,Bridge,Bihar,1513.16,36,74.6,69.6,5.0,75.6,1.086,75.8,74.3,84.3,79.7,24,92.7,2,2.8,0,3.9,MEDIUM,3.0,7.4
PRJ-3402,Water Supply,Gujarat,1469.77,23,65.1,58.6,6.5,62.2,1.061,84.1,77.0,72.4,80.2,34,87.8,0,3.3,0,4.5,MEDIUM,2.0,8.0
PRJ-3403,Railway,Tamil Nadu,2446.89,29,40.5,37.7,2.8,41.8,1.109,74.9,80.4,76.4,79.1,33,88.5,2,2.1,0,3.2,MEDIUM,2.5,6.1
PRJ-3404,Power Infrastructure,Himachal Pradesh,2054.31,51,26.4,22.7,3.7,23.6,1.04,78.4,76.3,83.3,82.8,32,88.3,2,3.2,0,4.7,MEDIUM,1.8,3.7
PRJ-3405,Highway,Maharashtra,1707.46,48,90.3,83.0,7.3,89.3,1.076,77.5,71.8,72.9,79.6,23,91.3,3,2.9,1,2.7,MEDIUM,2.5,5.6
PRJ-3406,Water Supply,Uttarakhand,724.22,32,85.2,80.7,4.5,85.0,1.053,79.5,84.8,77.0,73.3,46,93.3,3,2.5,1,4.7,MEDIUM,1.9,6.4
PRJ-3407,Railway,Gujarat,1866.06,76,42.8,42.6,0.2,42.7,1.002,97.4,89.6,93.0,95.4,0,100.0,0,0.4,0,1.8,LOW,0.2,0.0
PRJ-3408,Airport,Karnataka,6139.06,37,28.1,27.1,1.0,28.2,1.041,90.7,94.2,98.3,86.4,5,96.9,1,2.5,0,1.0,LOW,0.0,2.1
PRJ-3409,Railway,Assam,5680.02,24,26.7,2.4,24.3,5.0,2.083,44.8,44.0,49.9,35.7,197,15.0,2,6.3,3,8.2,CRITICAL,11.8,24.2
PRJ-3410,Airport,Rajasthan,1741.65,58,82.9,74.0,8.9,80.8,1.092,68.2,60.1,64.4,67.7,82,85.6,3,4.0,3,6.5,HIGH,6.5,17.9
PRJ-3411,Bridge,Telangana,997.68,24,69.7,65.3,4.4,69.8,1.069,84.5,79.9,84.9,71.0,30,95.8,4,2.0,0,4.5,MEDIUM,2.3,6.7
PRJ-3412,Power Infrastructure,Karnataka,1373.56,25,50.1,44.1,6.0,46.6,1.057,83.1,75.7,75.7,71.4,17,89.2,2,2.5,1,3.7,MEDIUM,2.2,6.1
PRJ-3413,Metro,Uttarakhand,1368.8,67,63.3,46.5,16.8,54.1,1.163,56.2,64.3,67.3,58.7,71,77.7,4,6.4,2,5.1,HIGH,4.3,9.5
PRJ-3414,Metro,Maharashtra,2736.58,51,85.4,85.3,0.1,85.1,0.998,90.3,94.7,96.9,96.7,2,100.0,0,0.5,0,0.5,LOW,0.3,1.6
PRJ-3415,Highway,Kerala,1847.31,44,21.2,20.4,0.8,20.3,0.995,90.8,92.1,96.4,96.5,0,94.3,0,3.9,0,1.4,LOW,0.2,1.7
PRJ-3416,Irrigation,Jammu & Kashmir,1035.54,28,79.5,52.3,27.2,69.5,1.329,45.3,45.5,35.1,50.5,199,66.4,5,9.2,5,9.2,CRITICAL,15.3,27.5
PRJ-3417,Power Infrastructure,Himachal Pradesh,10607.73,35,48.6,44.9,3.7,47.5,1.058,78.1,80.5,81.0,72.7,23,87.9,3,4.2,1,2.9,MEDIUM,2.5,4.8
PRJ-3418,Airport,Himachal Pradesh,2754.88,34,79.1,76.7,2.4,79.1,1.031,73.7,82.6,79.5,72.9,41,100.0,0,3.5,0,2.6,MEDIUM,1.7,6.3
PRJ-3419,Power Infrastructure,Karnataka,7617.75,28,37.3,31.3,6.0,33.6,1.073,77.6,70.7,76.4,78.8,39,83.0,2,4.1,1,2.6,MEDIUM,2.3,6.4
PRJ-3420,Urban Development,Bihar,575.02,20,64.6,44.7,19.9,53.3,1.192,64.7,61.4,61.7,65.0,93,65.3,3,4.9,2,6.0,HIGH,7.3,13.7
PRJ-3421,Power Infrastructure,Odisha,1095.33,48,54.3,33.1,21.2,38.7,1.169,60.0,61.3,54.5,59.3,83,59.4,2,6.7,2,5.0,HIGH,7.5,12.3
PRJ-3422,Urban Development,Himachal Pradesh,391.62,31,49.6,49.6,0.0,50.6,1.02,91.6,95.2,95.0,86.1,1,100.0,0,3.8,0,1.1,LOW,0.5,1.2
PRJ-3423,Airport,Kerala,3741.52,26,90.7,79.5,11.2,102.8,1.293,59.9,64.3,59.3,59.6,80,84.0,12,5.6,2,5.8,HIGH,5.2,14.8
PRJ-3424,Power Infrastructure,Himachal Pradesh,2845.67,22,75.1,74.0,1.1,77.0,1.041,89.2,96.8,91.8,92.3,7,99.2,1,4.0,0,0.6,LOW,0.0,1.5
PRJ-3425,Bridge,Tamil Nadu,2508.79,22,85.5,79.4,6.1,84.0,1.058,76.8,84.9,77.8,71.0,22,94.9,0,3.5,0,4.8,MEDIUM,2.5,5.1
PRJ-3426,Power Infrastructure,Telangana,2427.91,29,57.6,57.4,0.2,56.6,0.986,92.3,90.0,98.4,85.3,2,98.3,0,2.0,0,1.6,LOW,0.0,1.7
PRJ-3427,Irrigation,Odisha,230.25,28,55.0,50.1,4.9,53.7,1.072,78.8,75.3,74.1,78.8,32,100.0,2,3.4,1,4.7,MEDIUM,2.9,7.9
PRJ-3428,Airport,Karnataka,6579.92,31,76.4,69.5,6.9,78.6,1.131,79.3,81.8,78.5,71.9,43,89.8,2,3.4,0,3.8,MEDIUM,1.3,6.5
PRJ-3429,Airport,Maharashtra,1522.71,36,24.2,21.3,2.9,23.4,1.099,81.5,72.8,79.8,73.8,31,87.8,4,3.0,1,2.8,MEDIUM,2.1,3.1
PRJ-3430,Highway,Uttarakhand,3905.44,18,57.6,57.6,0.0,60.0,1.042,94.2,96.3,91.7,88.4,1,97.7,0,1.5,0,1.6,LOW,0.2,2.3
PRJ-3431,Metro,Kerala,3143.27,44,28.2,28.2,0.0,29.9,1.06,91.6,97.5,89.9,90.1,0,97.8,1,2.2,0,1.6,LOW,0.2,0.6
PRJ-3432,Airport,Jammu & Kashmir,2605.01,49,78.1,73.2,4.9,79.4,1.085,76.7,72.9,80.1,82.6,27,89.1,3,3.7,0,4.0,MEDIUM,1.5,4.4
PRJ-3433,Urban Development,Maharashtra,220.16,24,78.6,70.4,8.2,77.3,1.098,77.9,80.8,79.5,73.0,10,86.5,3,4.1,0,2.7,MEDIUM,1.9,5.8
PRJ-3434,Power Infrastructure,Jammu & Kashmir,3211.42,27,67.1,46.3,20.8,59.5,1.285,70.7,56.3,67.5,56.6,75,70.2,5,8.2,1,7.0,HIGH,6.1,17.8
PRJ-3435,Airport,Maharashtra,1834.54,45,37.2,30.4,6.8,33.2,1.092,72.0,76.6,85.4,73.4,28,79.1,1,1.6,1,2.5,MEDIUM,1.7,5.7
PRJ-3436,Water Supply,Telangana,186.29,36,26.5,21.7,4.8,22.9,1.055,73.2,76.3,86.6,81.8,23,79.6,0,3.7,1,3.0,MEDIUM,2.1,5.8
PRJ-3437,Bridge,Maharashtra,715.59,36,26.8,13.9,12.9,17.1,1.23,70.5,66.6,69.4,66.7,77,47.2,7,5.7,2,5.3,HIGH,4.4,12.1
PRJ-3438,Urban Development,Kerala,1380.35,20,68.4,41.5,26.9,54.0,1.301,41.9,51.9,48.4,48.9,148,58.4,5,10.0,4,8.2,CRITICAL,8.9,27.8
PRJ-3439,Bridge,Odisha,1052.94,44,80.6,68.5,12.1,78.8,1.15,66.1,64.7,66.3,62.0,96,83.9,4,4.6,1,5.9,HIGH,6.3,14.2
PRJ-3440,Urban Development,Odisha,415.88,26,51.6,31.5,20.1,36.6,1.162,67.1,59.3,61.2,59.6,62,61.5,4,6.2,3,5.3,HIGH,5.4,14.2
PRJ-3441,Water Supply,Rajasthan,740.72,29,27.8,27.8,0.0,28.2,1.014,95.4,92.9,92.7,95.2,0,98.3,1,1.8,0,1.1,LOW,0.2,1.9
PRJ-3442,Metro,Assam,1292.15,38,30.4,13.8,16.6,16.8,1.217,67.3,68.5,65.2,63.7,69,44.0,5,6.8,1,6.5,HIGH,6.9,10.1
PRJ-3443,Water Supply,Rajasthan,730.12,40,66.7,31.2,35.5,44.6,1.429,45.3,49.2,52.3,40.9,109,47.2,9,8.5,5,7.6,CRITICAL,9.1,22.7
PRJ-3444,Airport,Tamil Nadu,6924.38,32,50.5,21.9,28.6,28.1,1.283,51.0,30.1,37.9,34.5,134,39.9,2,7.4,2,7.5,CRITICAL,12.8,28.0
PRJ-3445,Water Supply,Rajasthan,1420.36,39,69.4,57.8,11.6,63.7,1.102,61.6,65.6,56.4,63.8,93,79.9,2,6.3,3,5.2,HIGH,7.6,12.2
PRJ-3446,Urban Development,Madhya Pradesh,2428.7,20,73.4,68.1,5.3,73.8,1.084,80.0,72.9,86.7,82.3,47,96.3,2,3.1,1,4.3,MEDIUM,2.0,7.2
PRJ-3447,Airport,Himachal Pradesh,2663.26,38,62.4,48.1,14.3,56.3,1.17,64.9,68.8,57.9,67.8,89,79.1,2,6.9,2,6.6,HIGH,5.5,15.5
PRJ-3448,Airport,Odisha,7155.94,46,38.4,6.0,32.4,7.7,1.283,41.2,48.0,53.6,43.7,127,15.0,3,9.4,5,9.0,CRITICAL,12.8,28.0
PRJ-3449,Bridge,Tamil Nadu,1126.02,24,79.3,66.3,13.0,78.5,1.184,64.6,62.0,67.4,67.6,62,78.9,2,5.7,2,7.1,HIGH,6.3,18.2
PRJ-3450,Metro,Karnataka,3550.07,35,78.1,78.1,0.0,76.2,0.976,92.4,95.3,91.5,89.4,4,99.9,0,0.8,0,2.2,LOW,0.5,1.5
PRJ-3451,Airport,Gujarat,2278.15,27,23.9,23.9,0.0,24.4,1.021,90.1,94.7,89.0,88.7,1,100.0,1,2.2,0,2.2,LOW,0.0,0.9
PRJ-3452,Power Infrastructure,Delhi NCR,3886.6,37,87.2,55.9,31.3,72.9,1.304,44.6,46.0,43.3,39.1,156,62.3,4,6.6,3,7.3,CRITICAL,13.9,27.0
PRJ-3453,Airport,Jammu & Kashmir,6472.93,72,82.0,81.0,1.0,82.3,1.016,96.2,97.5,89.6,91.9,1,97.6,0,2.7,0,1.9,LOW,0.0,0.9
PRJ-3454,Bridge,Andhra Pradesh,3587.07,49,44.2,15.6,28.6,19.7,1.263,47.5,51.3,39.9,41.5,149,39.9,4,8.6,5,9.5,CRITICAL,11.6,23.9
PRJ-3455,Highway,Karnataka,462.46,24,46.1,46.1,0.0,45.1,0.978,95.5,87.7,93.9,93.2,0,99.6,0,2.2,0,2.1,LOW,0.0,1.1
PRJ-3456,Highway,Himachal Pradesh,586.07,40,78.5,59.3,19.2,71.6,1.207,45.4,34.1,36.8,38.3,196,77.0,5,9.6,2,8.9,CRITICAL,16.6,22.6
PRJ-3457,Highway,Bihar,2116.25,25,90.7,87.9,2.8,94.7,1.077,75.8,82.9,79.3,81.4,44,100.0,3,2.2,1,4.4,MEDIUM,2.9,4.7
PRJ-3458,Railway,Telangana,9746.38,55,61.5,52.3,9.2,59.8,1.143,55.7,59.6,54.1,59.8,94,90.2,3,3.6,2,5.0,HIGH,5.7,15.6
PRJ-3459,Airport,Karnataka,2990.25,61,79.6,77.7,1.9,78.3,1.008,81.6,81.7,87.0,83.7,41,97.8,0,3.0,1,2.6,MEDIUM,2.7,5.9
PRJ-3460,Power Infrastructure,Maharashtra,1668.9,26,21.7,19.2,2.5,18.8,0.979,76.6,84.6,76.2,71.1,27,87.9,1,3.9,0,3.4,MEDIUM,2.6,6.2
PRJ-3461,Bridge,Tamil Nadu,2041.85,43,66.3,65.2,1.1,66.7,1.023,91.6,95.8,99.1,96.9,0,100.0,2,0.5,0,1.1,LOW,0.3,0.3
PRJ-3462,Metro,Maharashtra,4782.0,44,62.0,60.5,1.5,62.6,1.035,97.6,97.5,93.4,85.4,0,97.5,1,0.4,0,1.5,LOW,0.0,2.9
PRJ-3463,Power Infrastructure,West Bengal,3651.14,43,31.1,22.9,8.2,26.2,1.144,58.0,57.5,61.2,66.7,112,73.6,4,6.4,1,5.3,HIGH,8.7,14.7
PRJ-3464,Irrigation,Odisha,359.22,30,24.8,21.0,3.8,22.2,1.057,74.8,74.7,74.0,76.9,26,84.8,0,4.3,1,3.7,MEDIUM,2.0,8.8
PRJ-3465,Airport,Jammu & Kashmir,2034.81,57,47.0,27.2,19.8,35.4,1.301,48.4,30.4,51.7,45.1,219,61.0,8,8.6,2,8.9,CRITICAL,10.8,21.5
PRJ-3466,Irrigation,Delhi NCR,3191.63,18,76.1,75.2,0.9,73.5,0.977,88.9,89.4,98.2,90.0,3,98.6,1,0.6,0,1.7,LOW,0.2,0.6
PRJ-3467,Highway,Andhra Pradesh,616.07,61,87.1,59.2,27.9,77.2,1.304,53.8,46.9,51.2,43.1,207,69.2,4,8.5,4,7.9,CRITICAL,16.0,29.6
PRJ-3468,Railway,Karnataka,5564.13,25,40.2,28.8,11.4,35.7,1.24,55.2,63.8,65.4,56.6,110,73.5,6,5.5,1,7.2,HIGH,6.8,11.7
PRJ-3469,Highway,Madhya Pradesh,525.54,41,23.8,17.2,6.6,19.0,1.105,81.1,82.0,77.8,84.0,18,75.6,2,3.1,1,4.2,MEDIUM,1.8,5.5
PRJ-3470,Water Supply,Tamil Nadu,1936.1,28,81.4,47.9,33.5,65.1,1.359,42.5,33.0,40.8,46.9,213,59.6,5,6.6,5,9.3,CRITICAL,13.4,29.3
PRJ-3471,Urban Development,Jammu & Kashmir,151.85,40,29.0,28.9,0.1,28.3,0.979,97.2,87.3,98.2,89.1,0,100.0,3,2.6,0,0.7,LOW,0.5,2.6
PRJ-3472,Metro,West Bengal,3245.85,45,61.2,60.3,0.9,62.3,1.033,88.6,93.3,94.6,93.0,0,100.0,1,2.2,0,1.4,LOW,0.3,0.2
PRJ-3473,Airport,Assam,1292.16,50,75.1,60.2,14.9,74.8,1.243,60.7,54.6,68.7,56.4,98,84.0,3,7.3,2,6.4,HIGH,7.0,14.5
PRJ-3474,Highway,Gujarat,2777.65,36,69.2,62.1,7.1,70.1,1.129,80.8,71.7,77.4,81.1,37,93.5,3,2.3,0,4.6,MEDIUM,3.0,9.7
PRJ-3475,Bridge,Assam,5407.62,18,56.7,32.4,24.3,39.6,1.222,45.2,36.6,43.6,40.8,142,57.5,4,10.0,5,8.9,CRITICAL,16.0,30.4
PRJ-3476,Power Infrastructure,Rajasthan,1604.48,39,38.9,26.6,12.3,30.1,1.132,68.1,52.5,66.5,68.2,73,69.4,5,3.7,3,5.0,HIGH,6.6,12.9
PRJ-3477,Highway,West Bengal,1179.77,47,32.3,21.6,10.7,25.1,1.162,62.3,55.2,56.5,59.9,93,70.9,4,7.0,1,6.7,HIGH,6.3,11.7
PRJ-3478,Power Infrastructure,Gujarat,4271.87,51,42.0,35.6,6.4,38.8,1.09,85.4,81.9,74.8,74.6,25,83.0,2,1.5,1,3.9,MEDIUM,1.9,5.8
PRJ-3479,Urban Development,West Bengal,372.38,25,89.8,89.8,0.0,88.8,0.989,95.1,98.3,89.7,94.8,3,100.0,0,1.0,0,1.9,LOW,0.1,0.6
PRJ-3480,Power Infrastructure,Assam,3273.49,48,25.0,18.4,6.6,19.2,1.043,84.4,76.1,75.8,74.1,28,66.9,0,5.1,1,4.5,MEDIUM,3.0,7.2
PRJ-3481,Airport,Andhra Pradesh,2108.33,31,24.4,2.0,22.4,5.0,2.5,36.8,37.9,36.2,35.2,175,15.0,8,5.8,4,8.3,CRITICAL,12.0,25.7
PRJ-3482,Metro,Uttar Pradesh,5734.71,49,23.1,12.8,10.3,13.6,1.062,80.2,84.5,86.9,73.9,14,60.3,1,3.4,0,4.4,MEDIUM,2.4,6.0
PRJ-3483,Urban Development,Uttarakhand,1477.27,16,21.6,2.1,19.5,5.0,2.381,64.6,55.3,56.3,61.0,69,15.0,5,4.1,1,6.7,HIGH,4.5,17.1
PRJ-3484,Railway,Madhya Pradesh,7298.6,63,80.0,74.4,5.6,82.0,1.102,79.9,81.4,85.8,80.8,31,90.4,4,2.5,1,4.1,MEDIUM,2.6,6.8
PRJ-3485,Power Infrastructure,Telangana,3754.65,29,83.0,76.0,7.0,83.4,1.097,85.1,72.7,79.1,71.5,45,91.9,2,2.9,0,2.6,MEDIUM,2.9,5.7
PRJ-3486,Bridge,Kerala,876.79,40,44.0,42.4,1.6,44.1,1.04,92.0,97.9,97.3,95.1,2,97.7,0,2.7,0,1.6,LOW,0.1,2.1
PRJ-3487,Highway,West Bengal,5434.57,20,25.9,18.7,7.2,21.0,1.123,75.5,82.9,74.4,81.9,30,71.4,4,1.9,0,2.9,MEDIUM,1.1,6.3
PRJ-3488,Railway,Rajasthan,2774.96,54,78.8,78.8,0.0,79.9,1.014,98.1,89.9,99.6,88.8,0,100.0,1,2.1,0,0.9,LOW,0.3,0.0
PRJ-3489,Water Supply,Andhra Pradesh,507.72,41,53.1,48.5,4.6,51.1,1.054,83.8,77.9,86.2,79.8,11,94.6,1,2.6,1,3.3,MEDIUM,2.4,5.3
PRJ-3490,Highway,Bihar,1641.33,36,88.2,54.9,33.3,70.1,1.277,49.0,39.5,52.6,36.9,162,59.8,5,7.1,5,7.6,CRITICAL,13.4,30.0
PRJ-3491,Airport,Gujarat,3592.27,57,91.5,91.5,0.0,92.6,1.012,92.8,86.2,97.6,91.7,4,99.5,0,1.7,0,1.9,LOW,0.2,1.9
PRJ-3492,Water Supply,Rajasthan,474.16,31,48.2,48.2,0.0,47.5,0.985,93.6,98.4,91.9,96.5,5,100.0,0,0.3,0,0.9,LOW,0.6,1.5
PRJ-3493,Highway,Uttar Pradesh,2402.35,45,78.4,53.9,24.5,65.5,1.215,35.3,36.2,38.2,43.1,190,67.5,5,5.2,5,7.1,CRITICAL,11.4,24.7
PRJ-3494,Power Infrastructure,Karnataka,3002.96,28,85.3,85.1,0.2,90.3,1.061,92.7,91.8,93.8,95.7,4,100.0,2,2.1,0,1.6,LOW,0.0,1.8
PRJ-3495,Irrigation,Tamil Nadu,1049.74,40,30.5,30.5,0.0,31.6,1.036,88.3,93.5,91.8,94.2,3,100.0,2,0.8,0,0.8,LOW,0.6,3.2
PRJ-3496,Bridge,Bihar,6470.77,26,46.1,46.1,0.0,46.3,1.004,88.6,89.5,95.9,93.7,0,100.0,1,2.3,0,0.9,LOW,0.7,0.6
PRJ-3497,Power Infrastructure,Tamil Nadu,1210.06,37,46.5,46.1,0.4,46.6,1.011,89.7,93.6,92.4,95.9,2,96.8,0,1.4,0,1.4,LOW,0.0,0.7
PRJ-3498,Irrigation,Uttar Pradesh,1397.44,17,90.0,86.3,3.7,89.3,1.035,85.1,81.3,84.5,70.2,35,94.6,1,2.1,0,4.6,MEDIUM,2.1,9.5
PRJ-3499,Highway,Kerala,936.25,39,76.9,67.7,9.2,77.2,1.14,62.6,54.3,66.0,57.9,91,95.9,4,6.8,2,7.1,HIGH,4.9,14.4
PRJ-3500,Metro,Himachal Pradesh,3281.06,65,40.0,40.0,0.0,41.9,1.047,91.7,96.7,97.1,87.9,0,100.0,2,2.4,0,2.2,LOW,0.4,3.1
PRJ-3501,Railway,Karnataka,2451.03,24,33.0,27.7,5.3,29.9,1.079,78.1,72.7,80.9,78.1,32,83.9,1,3.4,0,4.8,MEDIUM,2.5,5.6
PRJ-3502,Power Infrastructure,Rajasthan,922.66,40,51.0,29.1,21.9,35.5,1.22,57.4,53.3,67.9,65.0,56,53.4,5,6.3,2,5.3,HIGH,5.6,12.5
PRJ-3503,Irrigation,Himachal Pradesh,582.37,18,71.6,64.4,7.2,67.7,1.051,77.4,72.7,86.0,78.3,25,89.3,1,5.3,1,4.2,MEDIUM,1.5,4.8
PRJ-3504,Irrigation,Delhi NCR,1987.45,32,72.6,67.5,5.1,69.1,1.024,77.6,81.4,72.9,81.9,21,91.7,1,1.7,0,3.8,MEDIUM,1.3,7.4
PRJ-3505,Bridge,Maharashtra,5449.78,35,56.8,56.8,0.0,55.1,0.97,88.3,97.5,94.0,93.5,0,100.0,0,1.5,0,1.3,LOW,0.0,0.8
PRJ-3506,Water Supply,Kerala,309.52,39,70.3,52.6,17.7,62.2,1.183,56.4,57.7,55.9,64.9,75,78.8,1,7.0,2,6.3,HIGH,4.5,14.6
PRJ-3507,Metro,Madhya Pradesh,1768.97,27,81.8,74.4,7.4,82.0,1.102,78.9,72.6,75.1,74.0,32,94.6,1,3.8,0,3.8,MEDIUM,2.4,6.4
PRJ-3508,Highway,Jammu & Kashmir,874.19,32,48.7,27.5,21.2,35.3,1.284,60.1,64.5,64.8,59.2,65,57.7,7,6.1,1,5.3,HIGH,5.8,14.1
PRJ-3509,Power Infrastructure,Himachal Pradesh,1555.36,25,39.5,8.7,30.8,11.1,1.276,53.2,42.6,36.9,46.0,224,23.1,4,7.5,4,8.5,CRITICAL,12.8,30.2
PRJ-3510,Airport,Himachal Pradesh,5753.59,80,59.2,48.5,10.7,57.1,1.177,66.1,63.3,60.8,59.3,72,80.6,5,5.6,2,5.5,HIGH,5.8,13.1
PRJ-3511,Power Infrastructure,West Bengal,1167.94,32,44.5,39.3,5.2,40.6,1.033,77.4,77.4,73.4,73.2,42,92.3,2,1.8,1,4.2,MEDIUM,1.9,6.2
PRJ-3512,Metro,Himachal Pradesh,1217.64,45,20.6,2.0,18.6,5.0,2.5,45.6,51.1,44.3,38.1,161,15.0,4,7.9,4,8.8,CRITICAL,13.0,33.6
PRJ-3513,Irrigation,Andhra Pradesh,275.5,15,82.9,72.0,10.9,79.6,1.106,70.3,60.5,56.1,61.2,114,86.8,1,4.2,1,6.2,HIGH,6.3,16.1
PRJ-3514,Power Infrastructure,Madhya Pradesh,501.44,39,40.4,6.7,33.7,9.4,1.403,51.7,37.0,41.9,32.1,185,15.4,12,5.4,2,8.5,CRITICAL,13.6,26.5
PRJ-3515,Urban Development,Bihar,1795.31,35,82.8,77.5,5.3,82.2,1.061,75.1,83.5,72.0,76.7,30,93.9,1,2.2,0,3.7,MEDIUM,2.2,4.6
PRJ-3516,Railway,Uttarakhand,6514.57,44,49.8,45.0,4.8,48.1,1.069,80.3,82.4,80.4,72.0,28,90.8,1,3.1,0,4.5,MEDIUM,2.4,6.6
PRJ-3517,Metro,Delhi NCR,8981.46,51,31.4,12.8,18.6,15.7,1.227,70.5,64.4,65.1,68.2,70,41.6,2,6.8,1,6.2,HIGH,6.2,11.6
PRJ-3518,Airport,Madhya Pradesh,2287.18,24,47.5,31.3,16.2,35.8,1.144,68.6,52.5,63.8,62.8,88,68.0,3,6.4,1,5.8,HIGH,5.6,15.1
PRJ-3519,Urban Development,Kerala,619.78,29,55.6,51.1,4.5,55.0,1.076,74.4,82.2,77.5,79.4,37,84.3,0,2.5,1,3.5,MEDIUM,2.8,7.6
PRJ-3520,Power Infrastructure,Maharashtra,1422.58,45,78.7,78.7,0.0,77.6,0.986,90.5,90.2,99.5,93.9,8,98.5,0,2.1,0,1.4,LOW,0.3,1.8
PRJ-3521,Urban Development,Assam,643.55,37,86.4,86.4,0.0,85.5,0.99,91.7,93.5,91.3,88.9,0,100.0,0,3.2,0,2.2,LOW,0.4,1.0
PRJ-3522,Metro,Maharashtra,2337.3,64,54.0,22.7,31.3,31.2,1.374,43.0,37.4,50.7,36.7,184,44.5,7,8.4,4,7.2,CRITICAL,12.6,29.2
PRJ-3523,Irrigation,Rajasthan,1313.13,14,80.2,72.5,7.7,77.1,1.063,72.3,74.7,78.1,72.4,33,88.9,1,2.0,0,3.6,MEDIUM,3.0,5.4
PRJ-3524,Irrigation,Tamil Nadu,222.31,21,24.2,22.7,1.5,24.2,1.066,78.8,76.2,86.2,83.7,34,90.6,2,2.2,1,4.5,MEDIUM,1.2,7.1
PRJ-3525,Urban Development,Assam,886.39,13,33.3,28.3,5.0,31.1,1.099,85.9,77.7,86.9,79.6,31,88.4,1,4.1,0,3.0,MEDIUM,2.1,6.1
PRJ-3526,Bridge,Uttarakhand,5830.79,24,32.8,32.8,0.0,31.7,0.966,98.1,94.1,99.5,86.1,3,100.0,0,1.8,0,1.1,LOW,0.2,0.0
PRJ-3527,Power Infrastructure,Himachal Pradesh,561.18,53,22.3,20.8,1.5,21.7,1.043,77.2,82.2,74.7,76.0,33,92.0,2,3.2,0,3.5,MEDIUM,2.0,8.4
PRJ-3528,Metro,Telangana,3584.45,58,29.6,29.3,0.3,29.3,1.0,91.1,97.9,99.9,92.4,3,100.0,1,0.2,0,1.5,LOW,0.7,1.5
PRJ-3529,Irrigation,Odisha,607.66,13,79.8,69.2,10.6,76.8,1.11,56.0,64.2,57.4,60.8,90,86.2,4,3.9,2,7.0,HIGH,4.5,14.6
PRJ-3530,Irrigation,Gujarat,621.32,12,49.7,43.7,6.0,47.7,1.092,85.3,80.7,82.6,70.0,29,86.6,1,2.8,1,2.7,MEDIUM,2.6,5.8
PRJ-3531,Railway,Uttarakhand,4581.09,62,76.8,76.8,0.0,77.3,1.007,95.0,88.9,91.3,98.0,1,96.4,1,2.0,0,1.7,LOW,0.0,1.3
PRJ-3532,Railway,Uttar Pradesh,6909.71,44,25.3,25.3,0.0,24.9,0.984,91.7,88.1,91.9,92.9,6,97.9,1,1.3,0,0.8,LOW,0.1,1.4
PRJ-3533,Metro,Bihar,9566.25,32,40.9,40.9,0.0,41.5,1.015,91.9,94.0,88.6,86.2,0,93.6,0,0.3,0,2.0,LOW,0.0,0.9
PRJ-3534,Highway,West Bengal,2389.53,34,75.3,68.6,6.7,74.2,1.082,75.3,84.5,75.4,80.0,24,89.1,2,2.0,0,3.0,MEDIUM,3.8,6.1
PRJ-3535,Railway,Jammu & Kashmir,3191.19,53,76.2,75.1,1.1,79.1,1.053,92.9,94.6,94.4,89.2,2,94.3,0,3.1,0,1.3,LOW,0.1,1.4
PRJ-3536,Bridge,Gujarat,1311.34,25,23.1,2.0,21.1,5.0,2.5,38.6,31.1,38.4,33.0,128,15.0,6,8.8,3,7.9,CRITICAL,10.0,21.8
PRJ-3537,Highway,Assam,4041.58,54,29.8,23.8,6.0,25.8,1.084,82.9,85.0,84.9,78.2,28,79.3,4,4.6,1,3.5,MEDIUM,3.6,7.2
PRJ-3538,Power Infrastructure,Uttarakhand,1263.67,36,63.2,47.7,15.5,55.7,1.168,64.7,64.2,68.4,61.3,66,72.5,3,5.0,1,5.8,HIGH,8.0,16.9
PRJ-3539,Airport,Uttar Pradesh,1444.67,56,32.6,2.0,30.6,5.0,2.5,41.5,52.0,52.9,47.3,172,15.0,6,7.5,3,8.5,CRITICAL,9.4,22.6
PRJ-3540,Irrigation,Rajasthan,472.91,29,80.9,68.7,12.2,75.3,1.096,70.4,60.4,68.2,61.1,89,83.4,2,4.1,1,6.8,HIGH,4.5,10.3
PRJ-3541,Railway,Maharashtra,5739.7,40,79.2,54.8,24.4,69.7,1.272,53.1,39.5,53.1,36.1,144,72.5,4,8.4,3,7.5,CRITICAL,8.9,35.6
PRJ-3542,Bridge,Jammu & Kashmir,3423.89,28,41.3,16.3,25.0,20.8,1.276,46.1,33.8,47.5,53.3,155,41.9,7,6.4,3,8.2,CRITICAL,13.5,25.8
PRJ-3543,Railway,Delhi NCR,11771.25,61,83.8,80.8,3.0,82.2,1.017,97.6,98.1,98.1,87.7,3,95.1,0,0.3,0,1.3,LOW,0.3,0.4
PRJ-3544,Highway,Kerala,1125.09,30,30.7,29.5,1.2,31.2,1.058,97.1,86.1,92.2,94.8,3,95.4,0,1.9,0,2.0,LOW,0.0,0.0
PRJ-3545,Urban Development,Odisha,1891.2,25,76.1,76.1,0.0,74.7,0.982,97.9,91.0,88.7,94.9,4,100.0,0,0.8,0,0.8,LOW,0.3,1.3
PRJ-3546,Irrigation,Uttar Pradesh,1569.51,26,62.6,62.6,0.0,62.1,0.992,94.7,90.9,97.8,93.6,3,100.0,0,0.9,0,1.7,LOW,0.3,1.8
PRJ-3547,Airport,Uttarakhand,4598.1,39,59.4,39.9,19.5,49.1,1.231,67.4,67.9,64.6,61.6,120,68.1,4,4.2,2,7.2,HIGH,5.0,14.9
PRJ-3548,Highway,Tamil Nadu,513.43,26,21.9,2.0,19.9,5.0,2.5,37.7,36.7,54.7,46.8,117,15.0,4,6.0,5,7.1,CRITICAL,9.9,32.2
PRJ-3549,Airport,Tamil Nadu,3552.44,24,37.2,18.4,18.8,20.8,1.13,57.8,67.9,69.0,57.4,71,49.4,1,4.0,2,6.1,HIGH,6.6,10.7
PRJ-3550,Bridge,Uttarakhand,3520.6,41,44.0,41.6,2.4,41.9,1.007,91.9,87.3,94.0,87.8,1,94.3,0,2.7,0,1.3,LOW,0.2,0.8
PRJ-3551,Railway,Gujarat,1421.19,35,41.4,38.2,3.2,38.2,1.0,76.7,81.8,78.3,79.8,35,89.8,0,3.1,1,3.3,MEDIUM,2.0,6.3
PRJ-3552,Bridge,Himachal Pradesh,1724.47,37,26.3,26.3,0.0,26.7,1.015,94.7,86.1,88.6,94.0,0,98.7,1,1.8,0,1.9,LOW,0.2,1.4
PRJ-3553,Water Supply,West Bengal,681.78,46,59.3,55.7,3.6,57.7,1.036,82.7,79.6,77.9,79.5,32,98.9,0,2.7,1,4.5,MEDIUM,1.6,4.8
PRJ-3554,Bridge,Uttarakhand,2102.13,20,48.4,46.1,2.3,48.9,1.061,74.2,84.2,75.6,76.8,24,93.3,0,4.4,0,4.3,MEDIUM,2.9,6.2
PRJ-3555,Bridge,Bihar,1105.55,18,88.0,88.0,0.0,85.6,0.973,92.9,91.1,95.5,88.1,2,100.0,0,2.5,0,1.3,LOW,0.3,1.3
PRJ-3556,Urban Development,Himachal Pradesh,372.7,34,28.7,28.7,0.0,29.1,1.014,96.4,90.4,89.0,85.9,9,100.0,0,2.8,0,1.9,LOW,0.3,1.9
PRJ-3557,Water Supply,Gujarat,1185.19,23,64.8,51.1,13.7,55.6,1.088,59.1,64.2,65.3,55.7,91,78.6,4,6.6,2,5.9,HIGH,5.9,13.5
PRJ-3558,Irrigation,Delhi NCR,287.85,28,82.9,79.1,3.8,85.2,1.077,85.2,71.1,82.8,82.2,28,93.2,4,3.1,1,3.5,MEDIUM,2.5,5.8
PRJ-3559,Water Supply,Gujarat,277.41,23,90.1,60.4,29.7,79.6,1.318,38.2,49.5,36.6,50.6,164,66.9,5,5.1,2,9.1,CRITICAL,9.1,27.4
PRJ-3560,Metro,Bihar,2495.13,54,63.7,51.2,12.5,57.4,1.121,58.9,60.2,60.0,60.3,79,80.0,2,4.9,1,6.6,HIGH,6.0,13.5
PRJ-3561,Urban Development,Assam,1127.3,41,80.0,77.7,2.3,83.3,1.072,81.0,78.5,81.6,70.2,41,100.0,0,3.2,0,2.6,MEDIUM,2.5,7.7
PRJ-3562,Urban Development,Andhra Pradesh,1252.53,28,85.6,60.6,25.0,74.9,1.236,53.9,35.9,35.4,37.8,227,71.8,4,9.3,4,7.9,CRITICAL,12.6,31.1
PRJ-3563,Metro,Himachal Pradesh,1573.79,49,37.5,37.5,0.0,38.3,1.021,95.1,95.8,98.3,86.1,6,100.0,0,3.0,0,1.3,LOW,0.3,0.0
PRJ-3564,Power Infrastructure,Kerala,1573.12,33,63.7,53.5,10.2,59.6,1.114,65.7,63.3,58.9,60.5,92,87.1,1,5.1,3,7.0,HIGH,4.5,11.6
PRJ-3565,Irrigation,Himachal Pradesh,1135.57,12,67.3,50.6,16.7,59.6,1.178,64.2,55.6,66.4,56.1,119,68.7,3,7.4,3,5.3,HIGH,5.5,14.6
PRJ-3566,Irrigation,Kerala,4202.36,19,45.9,39.7,6.2,40.9,1.03,74.7,73.3,77.0,73.4,25,87.5,2,5.7,1,4.5,MEDIUM,1.7,8.1
PRJ-3567,Water Supply,Odisha,584.49,27,30.1,23.8,6.3,26.1,1.097,85.1,84.3,79.9,73.3,44,78.3,1,3.4,1,3.1,MEDIUM,1.4,5.0
PRJ-3568,Irrigation,Rajasthan,572.36,18,70.4,54.4,16.0,62.1,1.142,63.8,56.5,60.7,60.6,74,75.7,2,6.0,3,5.1,HIGH,5.0,14.9
PRJ-3569,Urban Development,West Bengal,701.74,28,43.7,19.0,24.7,24.1,1.268,43.7,48.7,38.8,42.4,156,45.3,4,7.2,5,8.7,CRITICAL,12.4,31.6
PRJ-3570,Water Supply,Himachal Pradesh,898.28,25,73.7,73.6,0.1,67.7,0.92,96.0,92.9,88.7,96.4,4,98.4,0,3.0,0,1.8,LOW,0.1,1.4
PRJ-3571,Airport,Kerala,2027.96,47,58.6,58.6,0.0,55.7,0.951,97.1,94.2,91.3,97.7,1,100.0,0,3.5,0,1.0,LOW,0.0,1.4
PRJ-3572,Power Infrastructure,Delhi NCR,1582.27,21,42.8,37.0,5.8,38.3,1.035,84.3,81.4,76.9,78.5,30,90.8,1,2.6,0,2.7,MEDIUM,3.6,6.7
PRJ-3573,Water Supply,Maharashtra,228.18,18,74.2,59.4,14.8,67.7,1.14,56.2,60.7,67.4,65.1,103,81.0,3,5.9,3,6.4,HIGH,6.3,15.4
PRJ-3574,Highway,Telangana,4805.36,32,78.0,77.2,0.8,79.1,1.025,97.7,93.6,89.0,88.0,1,100.0,0,2.3,0,0.9,LOW,0.0,0.8
PRJ-3575,Highway,Uttarakhand,1939.64,38,88.1,62.4,25.7,76.4,1.224,36.0,38.2,42.1,36.4,176,69.2,4,7.9,3,7.3,CRITICAL,9.1,23.1
PRJ-3576,Metro,Telangana,2285.0,32,77.7,62.4,15.3,71.9,1.152,68.8,53.3,64.2,63.3,107,82.5,2,5.0,3,6.0,HIGH,4.3,15.4
PRJ-3577,Highway,Telangana,1043.26,34,28.8,2.0,26.8,5.0,2.5,47.5,46.2,42.9,39.4,160,15.0,5,6.2,4,8.3,CRITICAL,12.2,26.5
PRJ-3578,Bridge,West Bengal,2222.99,42,27.2,26.1,1.1,27.1,1.038,95.8,90.6,89.7,91.9,0,94.5,1,0.7,0,1.4,LOW,0.1,2.5
PRJ-3579,Irrigation,Maharashtra,380.55,25,86.9,70.8,16.1,89.4,1.263,64.0,66.6,63.2,59.0,94,82.4,6,3.9,2,6.0,HIGH,4.2,13.6
PRJ-3580,Airport,Himachal Pradesh,7063.08,78,57.8,24.2,33.6,33.1,1.368,53.4,34.9,37.1,53.0,132,38.4,6,9.3,5,9.4,CRITICAL,15.0,27.7
PRJ-3581,Urban Development,Himachal Pradesh,513.83,30,81.8,81.8,0.0,84.0,1.027,92.0,94.9,93.9,94.9,7,99.9,1,2.2,0,0.9,LOW,0.1,2.8
PRJ-3582,Metro,Gujarat,3061.15,48,41.6,36.2,5.4,39.6,1.094,82.0,78.2,84.7,72.2,39,85.1,2,4.3,0,4.2,MEDIUM,2.4,8.9
PRJ-3583,Highway,Delhi NCR,681.31,37,61.3,60.5,0.8,63.9,1.056,90.4,95.6,92.4,95.4,2,93.6,1,1.8,0,2.1,LOW,0.4,0.6
PRJ-3584,Irrigation,Karnataka,1391.18,52,34.0,30.1,3.9,31.5,1.047,78.7,72.0,85.4,80.7,37,95.2,3,3.7,1,4.1,MEDIUM,1.7,4.0
PRJ-3585,Metro,Madhya Pradesh,3499.95,31,70.5,69.2,1.3,69.4,1.003,91.4,97.2,88.1,89.8,2,95.6,0,1.8,0,1.7,LOW,0.0,1.1
PRJ-3586,Irrigation,Rajasthan,776.42,30,43.8,37.3,6.5,41.9,1.123,80.1,73.2,85.9,77.0,45,86.6,2,1.8,0,3.2,MEDIUM,1.9,9.8
PRJ-3587,Bridge,Madhya Pradesh,2570.37,45,24.3,2.6,21.7,5.0,1.923,48.7,40.9,51.0,43.9,140,15.0,5,9.3,5,7.2,CRITICAL,11.2,21.8
PRJ-3588,Airport,Tamil Nadu,2552.35,26,49.1,47.6,1.5,48.0,1.008,80.7,83.3,78.3,70.3,41,96.6,1,3.5,1,2.9,MEDIUM,2.6,3.8
PRJ-3589,Water Supply,West Bengal,2053.48,25,28.0,23.7,4.3,25.0,1.055,79.5,81.5,73.7,72.3,14,87.4,2,4.3,0,4.0,MEDIUM,3.5,8.0
PRJ-3590,Railway,Andhra Pradesh,2054.55,40,84.0,58.6,25.4,76.7,1.309,52.0,50.0,40.5,41.9,105,66.8,7,6.6,2,8.5,CRITICAL,10.2,23.3
PRJ-3591,Power Infrastructure,Bihar,534.51,19,38.4,38.4,0.0,37.3,0.971,96.1,94.5,99.7,91.5,0,98.4,0,2.3,0,1.9,LOW,0.3,0.0
PRJ-3592,Power Infrastructure,Gujarat,751.98,30,64.1,62.9,1.2,65.8,1.046,97.8,90.5,93.0,94.1,0,99.9,0,1.6,0,1.4,LOW,0.5,1.7
PRJ-3593,Airport,Uttar Pradesh,5452.77,57,59.3,41.2,18.1,47.5,1.153,66.7,57.7,54.0,65.1,71,69.2,5,4.3,2,7.0,HIGH,6.0,14.1
PRJ-3594,Water Supply,Tamil Nadu,213.71,22,78.8,47.2,31.6,63.2,1.339,42.4,37.7,52.4,44.7,206,58.0,4,9.4,2,7.9,CRITICAL,14.0,25.4
PRJ-3595,Highway,Andhra Pradesh,799.54,18,26.6,20.4,6.2,22.0,1.078,77.0,81.4,80.8,81.4,38,78.5,2,2.3,1,4.0,MEDIUM,1.9,6.8
PRJ-3596,Irrigation,Odisha,192.18,22,42.0,42.0,0.0,43.5,1.036,88.0,89.7,88.2,94.2,3,100.0,1,0.9,0,1.9,LOW,0.3,1.2
PRJ-3597,Water Supply,Gujarat,2087.07,23,84.9,61.2,23.7,80.0,1.307,48.1,46.8,35.5,49.5,182,71.0,6,6.9,5,7.6,CRITICAL,8.4,25.6
PRJ-3598,Bridge,Maharashtra,812.95,32,38.5,31.3,7.2,32.8,1.048,80.9,77.4,83.5,73.9,35,85.0,0,3.8,1,3.9,MEDIUM,2.4,7.7
PRJ-3599,Water Supply,Uttar Pradesh,427.03,23,64.8,58.6,6.2,63.4,1.082,85.8,82.7,72.3,73.5,31,87.4,2,2.8,0,4.7,MEDIUM,2.2,6.6
PRJ-3600,Airport,Uttarakhand,4106.6,56,42.8,21.9,20.9,28.4,1.297,67.0,58.1,57.0,55.1,94,49.1,8,6.1,3,5.5,HIGH,5.9,14.7
PRJ-3601,Highway,Andhra Pradesh,2482.53,28,38.5,38.4,0.1,37.3,0.971,91.8,92.5,97.4,95.0,0,99.7,0,2.4,0,1.4,LOW,0.3,0.5
PRJ-3602,Urban Development,Karnataka,327.13,18,69.6,62.2,7.4,68.5,1.101,84.8,81.5,74.8,83.2,57,92.9,2,2.1,0,4.7,MEDIUM,1.9,5.8
PRJ-3603,Irrigation,Uttarakhand,690.76,33,35.1,25.2,9.9,27.9,1.107,67.2,57.5,61.1,57.7,85,71.4,2,7.5,2,5.0,HIGH,5.6,13.1
PRJ-3604,Bridge,Karnataka,2775.93,18,84.9,79.5,5.4,86.1,1.083,73.8,74.9,73.8,80.4,40,91.7,3,3.6,0,2.9,MEDIUM,2.3,5.1
PRJ-3605,Highway,Assam,756.23,31,21.8,19.1,2.7,19.3,1.01,80.8,71.5,78.5,80.0,31,87.0,0,4.3,1,3.0,MEDIUM,2.7,6.3
PRJ-3606,Power Infrastructure,Uttarakhand,1361.56,29,38.9,22.4,16.5,24.7,1.103,67.1,65.6,65.3,63.0,59,60.5,0,4.2,3,5.9,HIGH,5.4,17.6
PRJ-3607,Railway,Rajasthan,7063.06,45,59.5,59.5,0.0,59.2,0.995,93.5,97.6,95.7,85.1,7,98.5,0,0.2,0,0.9,LOW,0.0,1.1
PRJ-3608,Water Supply,Telangana,698.42,33,74.6,48.0,26.6,61.2,1.275,47.1,51.0,53.6,48.7,115,63.5,5,6.4,4,7.4,CRITICAL,10.0,27.1
PRJ-3609,Water Supply,Karnataka,183.67,17,79.3,77.4,1.9,75.9,0.981,74.0,78.0,72.3,82.6,27,99.2,1,4.0,0,3.4,MEDIUM,0.8,8.2
PRJ-3610,Metro,Andhra Pradesh,2312.58,65,36.7,36.5,0.2,37.0,1.014,95.1,92.5,98.7,85.3,1,100.0,1,0.9,0,1.9,LOW,0.6,2.3
PRJ-3611,Railway,Jammu & Kashmir,1834.99,24,75.6,69.6,6.0,74.8,1.075,73.4,80.4,85.6,75.7,23,88.7,2,6.0,1,2.7,MEDIUM,2.8,7.4
PRJ-3612,Highway,Himachal Pradesh,687.87,48,77.4,71.9,5.5,75.9,1.056,75.5,81.5,86.8,72.4,24,92.9,2,5.7,0,3.1,MEDIUM,1.6,6.4
PRJ-3613,Water Supply,Madhya Pradesh,181.7,33,35.4,13.4,22.0,16.5,1.231,67.8,54.6,55.9,59.1,113,34.0,2,5.0,3,6.6,HIGH,6.0,7.8
PRJ-3614,Railway,Assam,15000.79,39,32.7,32.7,0.0,34.3,1.049,91.8,97.5,95.7,87.2,0,100.0,3,1.3,0,1.8,LOW,0.4,1.4
PRJ-3615,Urban Development,Odisha,1631.87,33,89.2,89.0,0.2,91.9,1.033,97.2,90.8,92.2,92.1,3,100.0,0,1.0,0,1.6,LOW,0.3,2.1
PRJ-3616,Metro,Karnataka,13023.04,63,66.0,59.6,6.4,64.2,1.077,77.9,71.4,75.6,81.9,36,82.8,1,3.9,1,3.2,MEDIUM,1.3,6.0
PRJ-3617,Power Infrastructure,Himachal Pradesh,2598.93,30,34.6,23.5,11.1,25.6,1.089,74.0,75.5,80.1,80.9,30,64.9,2,4.5,1,4.0,MEDIUM,1.2,5.0
PRJ-3618,Bridge,Jammu & Kashmir,6761.77,18,73.3,71.8,1.5,71.1,0.99,76.8,82.2,74.6,78.9,22,96.6,0,2.9,1,3.6,MEDIUM,2.2,4.6
PRJ-3619,Water Supply,West Bengal,1164.75,33,80.0,80.0,0.0,80.6,1.007,97.4,93.7,92.4,94.8,0,99.0,1,1.2,0,1.1,LOW,0.1,0.1
PRJ-3620,Urban Development,Uttarakhand,776.83,22,82.3,82.3,0.0,83.2,1.011,91.1,97.2,94.3,88.1,7,98.4,1,1.9,0,0.6,LOW,0.0,1.5
PRJ-3621,Bridge,Rajasthan,1476.04,36,89.3,84.6,4.7,84.9,1.004,72.6,83.4,85.9,75.9,44,96.8,0,3.9,1,2.9,MEDIUM,2.3,5.6
PRJ-3622,Railway,Madhya Pradesh,2526.23,74,31.2,28.5,2.7,28.0,0.982,74.2,77.1,76.5,81.9,34,90.9,0,4.4,1,3.3,MEDIUM,2.4,6.1
PRJ-3623,Water Supply,Andhra Pradesh,1667.27,40,28.2,21.5,6.7,22.6,1.051,78.1,75.4,85.1,84.0,35,78.7,1,1.6,1,3.0,MEDIUM,1.3,6.9
PRJ-3624,Railway,Gujarat,5830.29,40,66.3,66.3,0.0,65.3,0.985,92.4,94.1,90.8,93.3,3,100.0,0,0.8,0,1.5,LOW,0.4,1.4
PRJ-3625,Water Supply,Odisha,585.84,30,53.8,53.0,0.8,51.3,0.968,97.1,86.2,89.5,96.6,5,97.4,0,1.4,0,1.0,LOW,0.2,0.4
PRJ-3626,Irrigation,Kerala,1317.32,30,82.9,65.3,17.6,75.1,1.15,68.6,62.1,59.7,59.6,61,78.6,1,5.3,3,6.5,HIGH,4.0,17.5
PRJ-3627,Bridge,Andhra Pradesh,3862.87,34,49.3,49.3,0.0,49.1,0.996,97.0,90.3,96.7,85.2,0,96.2,0,0.3,0,2.0,LOW,0.0,0.6
PRJ-3628,Irrigation,Maharashtra,1099.19,27,73.4,66.8,6.6,69.9,1.046,82.5,72.9,78.0,81.4,27,91.2,0,1.9,1,3.8,MEDIUM,2.8,5.7
PRJ-3629,Airport,Bihar,2959.23,76,77.0,75.8,1.2,80.4,1.061,95.2,97.6,89.4,86.8,2,100.0,0,0.6,0,1.6,LOW,0.2,3.2
PRJ-3630,Irrigation,Delhi NCR,809.76,22,37.0,13.3,23.7,16.9,1.271,40.4,35.5,36.6,40.3,199,35.4,4,9.2,5,8.7,CRITICAL,11.7,27.4
PRJ-3631,Metro,Delhi NCR,4932.44,26,35.1,19.2,15.9,22.8,1.188,55.7,59.3,67.1,58.5,86,50.7,6,4.7,2,6.1,HIGH,6.9,14.6
PRJ-3632,Highway,Rajasthan,1409.37,57,52.0,48.5,3.5,51.9,1.07,83.1,75.9,82.5,76.7,33,90.5,4,2.2,1,4.4,MEDIUM,2.6,3.6
PRJ-3633,Bridge,Kerala,3704.58,24,81.1,69.0,12.1,77.0,1.116,57.4,67.5,61.7,66.5,58,84.2,4,4.6,3,6.8,HIGH,6.0,16.0
PRJ-3634,Metro,Tamil Nadu,5211.42,29,76.0,72.9,3.1,71.4,0.979,72.7,82.3,81.1,75.1,27,94.0,0,4.2,0,4.4,MEDIUM,2.7,6.3
PRJ-3635,Railway,Uttar Pradesh,5362.13,45,82.7,80.4,2.3,81.7,1.016,79.3,76.6,75.4,71.5,36,96.3,3,4.2,0,3.6,MEDIUM,2.1,5.9
PRJ-3636,Bridge,Karnataka,541.94,38,90.8,83.4,7.4,85.3,1.023,74.6,77.9,79.6,78.8,33,84.4,0,2.6,0,4.7,MEDIUM,2.7,4.9
PRJ-3637,Airport,Maharashtra,6798.85,24,31.6,30.1,1.5,30.2,1.003,77.9,72.8,83.6,70.1,28,95.3,1,3.5,0,3.5,MEDIUM,3.2,7.8
PRJ-3638,Irrigation,Gujarat,821.1,34,49.1,11.4,37.7,17.1,1.5,53.8,45.6,41.1,45.8,139,20.6,9,5.8,5,8.1,CRITICAL,14.6,25.3
PRJ-3639,Airport,Delhi NCR,4300.73,78,33.5,33.4,0.1,33.2,0.994,90.0,91.8,96.1,93.2,6,100.0,0,2.3,0,0.5,LOW,0.0,1.7
PRJ-3640,Power Infrastructure,Maharashtra,14991.38,39,30.1,24.9,5.2,26.7,1.072,81.1,82.2,85.6,82.3,27,86.9,1,3.0,1,2.6,MEDIUM,1.8,4.9
PRJ-3641,Irrigation,West Bengal,536.16,35,24.0,22.5,1.5,24.4,1.084,85.5,72.0,72.5,79.1,33,90.4,1,1.9,1,4.7,MEDIUM,1.6,4.7
PRJ-3642,Urban Development,West Bengal,695.97,23,35.6,35.6,0.0,34.3,0.963,96.6,86.7,91.8,96.4,0,95.1,0,1.4,0,1.7,LOW,0.3,1.5
PRJ-3643,Bridge,Himachal Pradesh,2611.15,20,68.0,38.2,29.8,47.9,1.254,43.4,33.3,51.2,33.5,167,62.3,3,9.4,3,7.4,CRITICAL,12.9,22.6
PRJ-3644,Urban Development,Madhya Pradesh,311.71,30,51.8,31.4,20.4,41.2,1.312,35.1,39.8,48.8,41.9,109,58.1,7,5.8,3,8.1,CRITICAL,12.9,23.9
PRJ-3645,Urban Development,Jammu & Kashmir,2001.93,14,82.2,65.6,16.6,78.4,1.195,58.0,62.7,67.5,64.2,65,80.8,2,6.5,1,5.1,HIGH,4.9,12.6
PRJ-3646,Metro,Maharashtra,3744.87,62,35.7,6.6,29.1,8.7,1.318,42.9,44.5,35.4,48.7,141,20.5,7,6.3,2,9.0,CRITICAL,11.6,21.4
PRJ-3647,Water Supply,Uttarakhand,1241.24,26,68.0,58.4,9.6,64.5,1.104,81.6,79.8,72.4,80.5,37,81.6,1,5.6,0,4.2,MEDIUM,3.4,5.6
PRJ-3648,Highway,Madhya Pradesh,1124.73,47,73.1,46.5,26.6,62.3,1.34,37.2,43.4,46.3,45.6,172,64.9,9,8.2,5,7.6,CRITICAL,12.9,33.5
PRJ-3649,Metro,Uttar Pradesh,1610.48,39,84.5,71.0,13.5,84.2,1.186,56.8,63.3,64.6,68.7,52,80.8,4,6.7,2,6.5,HIGH,6.4,16.8
PRJ-3650,Airport,West Bengal,3443.16,77,39.8,39.8,0.0,39.6,0.995,92.2,93.0,93.1,93.2,2,100.0,2,0.5,0,1.8,LOW,0.1,3.4
PRJ-3651,Airport,Uttar Pradesh,5583.85,52,23.9,12.7,11.2,13.6,1.071,62.2,55.0,65.8,56.4,47,54.3,2,6.6,3,6.6,HIGH,5.0,16.1
PRJ-3652,Power Infrastructure,Maharashtra,2205.78,42,32.9,27.2,5.7,28.9,1.062,74.4,84.1,78.3,73.9,37,84.9,3,3.4,0,2.7,MEDIUM,3.0,7.6
PRJ-3653,Railway,Assam,1777.19,41,72.9,46.3,26.6,64.4,1.391,54.0,50.5,41.0,49.1,172,65.9,9,8.5,3,8.3,CRITICAL,13.0,24.8
PRJ-3654,Airport,Kerala,11795.44,67,59.8,49.1,10.7,55.2,1.124,79.3,84.8,82.8,76.6,44,87.7,3,4.4,0,3.7,MEDIUM,1.6,5.8
PRJ-3655,Railway,Maharashtra,8608.68,42,28.5,27.8,0.7,26.6,0.957,89.0,88.8,96.4,91.3,3,94.5,0,0.4,0,1.2,LOW,0.4,1.3
PRJ-3656,Airport,Assam,5186.37,32,22.3,22.3,0.0,21.5,0.964,98.4,95.2,97.1,87.8,0,100.0,0,2.9,0,0.7,LOW,0.4,0.2
PRJ-3657,Bridge,Assam,5338.49,34,38.1,33.9,4.2,35.3,1.041,74.2,72.1,79.1,81.3,22,85.4,2,3.1,1,4.1,MEDIUM,3.0,7.2
PRJ-3658,Urban Development,Gujarat,377.23,25,90.7,85.1,5.6,93.2,1.095,81.1,76.9,78.1,80.7,31,94.5,1,4.1,0,4.0,MEDIUM,1.6,8.2
PRJ-3659,Irrigation,Jammu & Kashmir,353.93,26,41.5,6.4,35.1,9.1,1.422,52.7,32.1,53.4,44.9,135,19.8,7,10.0,3,7.5,CRITICAL,13.5,28.8
PRJ-3660,Urban Development,Tamil Nadu,218.62,26,24.8,22.6,2.2,22.9,1.013,81.7,74.2,75.4,81.9,32,93.8,0,3.2,0,4.8,MEDIUM,2.3,8.2
PRJ-3661,Metro,West Bengal,2593.74,36,44.2,12.4,31.8,15.5,1.25,39.0,33.9,41.6,32.8,170,29.5,2,8.5,5,8.3,CRITICAL,11.9,27.8
PRJ-3662,Urban Development,Delhi NCR,1063.19,37,24.4,16.4,8.0,18.6,1.134,59.6,66.3,63.6,59.0,56,67.4,3,3.3,3,6.0,HIGH,4.6,15.5
PRJ-3663,Urban Development,Maharashtra,964.22,23,75.6,75.4,0.2,75.2,0.997,98.8,86.1,94.5,90.2,7,96.8,0,0.6,0,0.7,LOW,0.2,0.3
PRJ-3664,Highway,Rajasthan,878.12,21,88.2,72.2,16.0,92.8,1.285,62.2,60.9,70.0,67.5,45,76.1,10,6.5,2,6.0,HIGH,4.9,14.9
PRJ-3665,Urban Development,Telangana,1379.45,33,76.9,75.8,1.1,76.3,1.007,91.9,92.6,91.0,88.8,3,100.0,2,2.2,0,2.0,LOW,0.5,0.5
PRJ-3666,Irrigation,Jammu & Kashmir,1949.78,20,52.3,47.7,4.6,53.6,1.124,84.0,79.7,81.4,80.3,29,91.8,5,6.2,1,4.0,MEDIUM,3.7,6.8
PRJ-3667,Water Supply,Bihar,1094.58,32,52.9,31.6,21.3,39.4,1.247,66.2,64.4,62.2,61.0,70,59.1,4,6.0,1,5.3,HIGH,6.1,15.0
PRJ-3668,Highway,Kerala,657.26,18,74.7,72.0,2.7,77.4,1.075,83.7,74.2,76.7,82.8,35,100.0,0,3.9,0,3.4,MEDIUM,1.6,6.0
PRJ-3669,Irrigation,Kerala,423.58,22,75.9,61.3,14.6,71.5,1.166,68.9,68.5,68.5,67.5,46,82.0,3,8.6,3,5.8,HIGH,5.4,13.1
PRJ-3670,Airport,Rajasthan,4336.63,60,24.1,20.5,3.6,21.7,1.059,82.4,74.3,85.1,74.6,39,78.3,2,3.4,0,3.1,MEDIUM,2.2,5.8
PRJ-3671,Urban Development,Madhya Pradesh,1279.82,35,67.0,67.0,0.0,64.4,0.961,89.0,92.8,98.8,91.1,4,95.8,0,0.3,0,0.9,LOW,0.1,0.7
PRJ-3672,Highway,Madhya Pradesh,2779.68,47,78.8,78.4,0.4,80.9,1.032,95.0,94.5,95.9,89.9,3,99.0,1,0.8,0,1.1,LOW,0.7,2.2
PRJ-3673,Water Supply,Maharashtra,804.03,31,66.2,57.7,8.5,60.0,1.04,84.6,70.8,73.6,80.0,27,87.3,1,3.6,0,4.2,MEDIUM,2.9,6.0
PRJ-3674,Urban Development,Madhya Pradesh,1383.57,27,75.7,58.5,17.2,66.5,1.137,58.3,55.9,66.3,66.7,83,72.1,1,6.1,1,6.0,HIGH,5.3,12.6
PRJ-3675,Bridge,Karnataka,1578.75,34,40.3,34.6,5.7,36.2,1.046,74.5,72.1,84.9,75.5,36,87.6,1,1.7,1,4.4,MEDIUM,3.5,6.9
PRJ-3676,Irrigation,Assam,707.39,29,34.6,29.3,5.3,29.4,1.003,83.6,73.8,80.2,73.3,31,80.4,1,4.6,0,4.1,MEDIUM,2.8,6.0
PRJ-3677,Metro,Tamil Nadu,2204.95,61,57.1,28.6,28.5,38.3,1.339,38.3,33.6,51.7,46.3,150,44.4,9,5.2,3,7.8,CRITICAL,13.0,31.6
PRJ-3678,Water Supply,Uttarakhand,519.75,27,28.2,2.6,25.6,5.0,1.923,49.8,45.2,46.6,34.4,193,15.0,5,10.0,3,9.1,CRITICAL,12.8,32.4
PRJ-3679,Bridge,Odisha,1002.83,36,64.2,52.7,11.5,59.8,1.135,62.1,68.9,60.0,64.5,66,81.3,4,3.7,2,5.8,HIGH,5.6,13.3
PRJ-3680,Bridge,Karnataka,759.48,49,42.9,20.3,22.6,25.1,1.236,44.6,33.1,42.1,51.0,193,43.8,2,9.2,3,8.8,CRITICAL,10.4,21.8
PRJ-3681,Water Supply,Telangana,1295.64,25,90.1,69.2,20.9,85.8,1.24,36.7,48.3,47.1,47.8,159,76.7,5,5.8,4,8.3,CRITICAL,11.6,26.6
PRJ-3682,Irrigation,Delhi NCR,1116.59,13,43.1,41.3,1.8,44.3,1.073,92.4,88.9,90.1,93.4,0,97.3,1,1.9,0,1.0,LOW,0.1,0.6
PRJ-3683,Urban Development,Karnataka,514.98,29,54.8,53.3,1.5,59.4,1.114,83.1,76.9,84.6,79.1,35,92.6,1,2.8,1,3.3,MEDIUM,2.5,7.0
PRJ-3684,Bridge,Karnataka,3175.59,35,32.8,32.8,0.0,33.4,1.018,98.7,88.2,96.3,91.3,0,96.5,1,1.8,0,1.0,LOW,0.2,2.6
PRJ-3685,Urban Development,West Bengal,367.89,27,62.8,62.8,0.0,64.0,1.019,91.3,95.9,96.7,97.5,6,99.9,2,0.3,0,1.2,LOW,0.2,2.1
PRJ-3686,Metro,Telangana,3771.33,45,46.4,40.7,5.7,42.8,1.052,80.0,84.0,78.5,80.7,27,90.0,1,2.7,0,3.8,MEDIUM,2.9,6.3
PRJ-3687,Urban Development,Karnataka,985.21,36,39.2,39.2,0.0,38.9,0.992,89.7,86.6,97.5,86.5,0,100.0,0,0.4,0,0.8,LOW,0.4,1.7
PRJ-3688,Water Supply,Karnataka,408.7,33,55.9,55.9,0.0,59.5,1.064,98.9,88.1,93.8,86.4,0,100.0,0,0.9,0,2.1,LOW,0.2,1.6
PRJ-3689,Metro,Andhra Pradesh,7826.45,47,75.0,68.4,6.6,70.4,1.029,72.2,73.9,82.0,78.3,36,91.5,0,2.0,0,2.8,MEDIUM,1.8,8.8
PRJ-3690,Railway,Himachal Pradesh,12143.12,24,86.3,65.7,20.6,82.0,1.248,51.7,37.3,39.4,48.7,204,77.7,7,9.3,2,8.5,CRITICAL,12.0,30.5
PRJ-3691,Urban Development,Gujarat,183.52,17,60.8,58.3,2.5,62.9,1.079,84.2,70.7,81.1,80.0,25,98.2,3,2.1,0,3.7,MEDIUM,2.6,5.3
PRJ-3692,Metro,Andhra Pradesh,2531.31,42,24.0,2.0,22.0,5.0,2.5,35.7,48.3,38.1,45.4,213,15.0,7,8.6,2,7.5,CRITICAL,15.0,29.8
PRJ-3693,Metro,Maharashtra,3973.98,52,27.2,7.4,19.8,9.3,1.257,70.4,57.0,67.7,59.3,62,32.7,5,5.8,3,6.7,HIGH,7.9,15.1
PRJ-3694,Irrigation,Odisha,1603.46,18,33.9,27.2,6.7,30.0,1.103,82.4,80.8,77.1,76.2,21,77.7,1,3.0,0,4.4,MEDIUM,3.3,8.2
PRJ-3695,Water Supply,Telangana,2480.25,32,50.7,44.5,6.2,49.0,1.101,76.1,77.5,84.2,72.6,36,90.6,2,2.5,0,4.2,MEDIUM,3.2,6.5
PRJ-3696,Power Infrastructure,Madhya Pradesh,6273.28,34,66.8,60.7,6.1,66.0,1.087,73.4,76.4,74.0,77.6,30,86.9,2,1.7,1,3.8,MEDIUM,2.9,3.7
PRJ-3697,Metro,West Bengal,3391.56,33,74.6,46.3,28.3,63.6,1.374,48.5,45.7,41.4,39.2,143,64.8,10,8.8,4,8.8,CRITICAL,12.0,30.4
PRJ-3698,Railway,Karnataka,3699.71,33,86.5,66.4,20.1,79.8,1.202,55.6,52.9,54.9,61.7,61,73.2,1,5.0,3,5.4,HIGH,7.4,11.1
PRJ-3699,Metro,Maharashtra,4672.89,46,52.4,34.4,18.0,42.6,1.238,41.9,49.2,41.6,43.4,222,67.2,7,7.4,4,8.6,CRITICAL,11.6,27.6
PRJ-3700,Airport,Rajasthan,6757.39,49,58.5,58.5,0.0,59.1,1.01,88.2,89.6,98.6,97.0,0,98.5,0,1.3,0,1.8,LOW,0.3,0.4
PRJ-3701,Bridge,Rajasthan,3567.17,21,47.9,34.1,13.8,41.0,1.202,63.9,55.3,54.7,68.9,54,74.2,5,6.8,2,5.7,HIGH,4.9,11.4
PRJ-3702,Highway,Kerala,2187.96,40,87.6,80.0,7.6,86.7,1.084,75.8,76.1,73.6,71.9,23,92.6,3,4.4,0,2.6,MEDIUM,3.0,6.0
PRJ-3703,Railway,Jammu & Kashmir,10917.93,75,45.1,14.3,30.8,19.0,1.329,49.2,36.8,52.6,38.7,106,27.6,3,6.8,5,9.3,CRITICAL,12.3,34.5
PRJ-3704,Metro,Uttarakhand,2571.26,49,25.3,2.0,23.3,5.0,2.5,46.0,46.2,53.0,43.9,152,15.0,3,8.7,4,9.1,CRITICAL,15.9,26.6
PRJ-3705,Power Infrastructure,Kerala,589.68,43,49.3,29.8,19.5,36.2,1.215,59.2,68.0,56.2,65.7,45,58.6,4,7.7,1,5.7,HIGH,7.5,14.1
PRJ-3706,Metro,Assam,1733.61,64,71.7,71.3,0.4,69.9,0.98,98.8,93.4,89.4,91.0,0,99.2,0,2.8,0,0.6,LOW,0.4,0.8
PRJ-3707,Power Infrastructure,Jammu & Kashmir,3784.72,35,88.1,81.2,6.9,88.0,1.084,73.5,73.7,83.6,73.6,41,89.5,0,3.9,0,4.5,MEDIUM,1.6,6.2
PRJ-3708,Metro,Bihar,6579.36,47,81.9,74.2,7.7,84.0,1.132,79.4,82.5,76.7,74.1,31,89.8,3,2.7,0,3.7,MEDIUM,2.3,5.4
PRJ-3709,Bridge,Rajasthan,1050.07,37,79.7,78.2,1.5,76.3,0.976,98.0,94.9,89.2,92.1,4,99.2,0,1.2,0,1.7,LOW,0.0,1.6
PRJ-3710,Highway,Odisha,2529.26,22,47.9,46.4,1.5,45.7,0.985,73.4,84.8,81.8,77.7,25,98.8,1,1.9,1,3.9,MEDIUM,2.7,5.0
PRJ-3711,Highway,Madhya Pradesh,3122.74,33,37.3,34.1,3.2,35.7,1.047,78.3,74.7,82.9,76.6,35,93.5,1,2.9,1,2.8,MEDIUM,2.0,8.7
PRJ-3712,Water Supply,Rajasthan,1829.43,22,50.9,50.9,0.0,50.1,0.984,91.2,89.7,89.4,92.4,3,99.0,1,0.7,0,1.1,LOW,0.3,1.2
PRJ-3713,Bridge,West Bengal,4219.0,35,86.0,86.0,0.0,85.4,0.993,91.4,98.6,90.0,92.6,1,98.5,0,0.8,0,0.7,LOW,0.3,1.9
PRJ-3714,Railway,Bihar,8433.27,52,71.9,47.7,24.2,61.7,1.294,63.2,57.7,69.3,60.1,80,67.6,5,6.2,3,6.3,HIGH,5.2,12.5
PRJ-3715,Power Infrastructure,Jammu & Kashmir,901.98,41,25.9,25.1,0.8,25.1,1.0,95.1,98.5,95.6,88.9,11,90.5,0,3.1,0,0.6,LOW,0.0,0.4
PRJ-3716,Irrigation,Delhi NCR,291.38,36,40.0,30.1,9.9,34.5,1.146,56.4,56.5,69.9,63.8,49,76.2,3,4.1,2,6.7,HIGH,6.0,12.9
PRJ-3717,Bridge,Odisha,615.06,43,27.0,4.2,22.8,5.1,1.214,51.9,31.5,53.4,32.0,125,19.8,4,8.9,4,8.5,CRITICAL,10.2,27.9
PRJ-3718,Water Supply,Uttar Pradesh,1011.23,30,27.1,15.4,11.7,16.7,1.084,56.7,52.5,55.5,62.9,81,58.8,1,3.4,2,6.5,HIGH,6.1,17.8
PRJ-3719,Water Supply,Andhra Pradesh,1161.19,31,30.7,7.1,23.6,8.9,1.254,44.4,40.3,37.0,39.3,148,27.3,5,7.2,3,7.1,CRITICAL,12.6,27.6
PRJ-3720,Water Supply,Himachal Pradesh,170.17,22,29.4,29.4,0.0,29.6,1.007,97.1,90.4,96.6,96.4,0,100.0,0,3.8,0,1.1,LOW,0.0,0.7
PRJ-3721,Urban Development,Uttar Pradesh,913.11,30,40.3,23.9,16.4,28.9,1.209,70.3,56.1,58.5,62.0,96,58.1,5,6.7,3,7.1,HIGH,5.9,8.7
PRJ-3722,Urban Development,Gujarat,591.53,34,62.9,32.1,30.8,41.7,1.299,46.2,41.4,46.9,32.4,157,52.8,3,5.3,2,9.1,CRITICAL,13.6,25.4
PRJ-3723,Power Infrastructure,Delhi NCR,516.16,34,78.4,45.8,32.6,67.5,1.474,53.6,39.2,51.0,35.8,151,58.6,14,8.4,3,7.4,CRITICAL,9.4,24.1
PRJ-3724,Highway,Rajasthan,4376.76,51,23.1,22.1,1.0,23.0,1.041,96.1,98.0,98.9,85.7,3,96.4,1,2.3,0,1.4,LOW,0.4,2.4
PRJ-3725,Urban Development,Himachal Pradesh,331.89,20,81.2,38.6,42.6,56.2,1.456,38.3,47.5,50.7,35.9,199,49.1,6,7.6,4,7.9,CRITICAL,10.1,23.4
PRJ-3726,Water Supply,Uttar Pradesh,1142.89,19,46.7,29.4,17.3,34.3,1.167,67.7,68.9,65.2,58.5,73,63.7,1,4.3,1,5.5,HIGH,6.0,14.6
PRJ-3727,Urban Development,Assam,1140.66,30,79.0,62.9,16.1,72.5,1.153,68.5,55.2,57.4,65.1,108,77.8,3,7.0,1,7.1,HIGH,4.7,15.1
PRJ-3728,Urban Development,Uttar Pradesh,2508.33,24,89.6,82.2,7.4,90.9,1.106,76.8,74.7,85.8,72.2,24,90.9,4,1.8,0,4.7,MEDIUM,1.8,4.9
PRJ-3729,Bridge,Telangana,3312.65,28,40.1,28.8,11.3,34.7,1.205,68.7,53.7,67.8,61.5,69,69.7,4,5.0,1,5.7,HIGH,5.6,13.1
PRJ-3730,Power Infrastructure,Assam,1619.15,46,89.6,72.1,17.5,87.5,1.214,64.3,59.4,64.4,67.4,45,79.8,5,4.9,1,6.4,HIGH,5.8,12.5
PRJ-3731,Airport,Telangana,11902.73,58,44.6,31.7,12.9,36.0,1.136,69.3,55.1,54.3,63.6,83,70.3,3,6.5,2,6.5,HIGH,5.4,16.2
PRJ-3732,Power Infrastructure,Bihar,1130.24,38,81.4,68.6,12.8,77.2,1.125,70.3,68.2,60.2,64.6,65,82.7,2,5.5,1,6.5,HIGH,5.9,17.3
PRJ-3733,Water Supply,Telangana,1542.07,26,30.4,18.1,12.3,21.2,1.171,68.7,53.4,56.9,65.6,73,56.9,6,3.9,2,6.6,HIGH,5.2,16.0
PRJ-3734,Highway,Uttarakhand,580.08,38,71.1,39.6,31.5,54.2,1.369,45.3,48.5,39.7,38.8,138,62.5,6,10.0,2,9.1,CRITICAL,9.6,28.4
PRJ-3735,Metro,Delhi NCR,10956.9,35,30.5,26.5,4.0,28.6,1.079,78.0,80.8,85.3,73.2,37,89.3,1,1.8,1,4.7,MEDIUM,2.0,7.4
PRJ-3736,Power Infrastructure,Tamil Nadu,2431.57,46,87.1,87.1,0.0,84.6,0.971,94.2,98.9,93.7,89.8,5,99.1,0,2.1,0,0.6,LOW,0.0,0.7
PRJ-3737,Urban Development,Gujarat,158.05,31,23.3,2.0,21.3,5.0,2.5,53.6,31.9,49.8,35.8,195,15.0,4,6.8,5,9.2,CRITICAL,13.1,34.3
PRJ-3738,Metro,Himachal Pradesh,6295.93,67,37.3,17.4,19.9,20.3,1.167,59.2,67.6,67.4,65.9,91,50.8,2,8.1,3,7.1,HIGH,6.3,17.5
PRJ-3739,Metro,Assam,13477.65,55,24.4,2.0,22.4,5.0,2.5,52.7,43.5,42.4,39.4,90,15.0,6,8.0,3,8.5,CRITICAL,10.8,28.2
PRJ-3740,Water Supply,Andhra Pradesh,667.37,26,86.6,71.0,15.6,82.4,1.161,64.0,67.4,59.1,60.6,99,82.4,2,4.6,1,5.0,HIGH,3.8,13.2
PRJ-3741,Power Infrastructure,Maharashtra,1351.79,33,44.7,44.7,0.0,47.3,1.058,92.2,89.7,95.3,89.8,0,97.8,2,1.1,0,1.2,LOW,0.2,0.3
PRJ-3742,Metro,Delhi NCR,5435.04,67,37.5,36.4,1.1,35.7,0.981,92.0,95.4,95.4,90.3,0,98.8,0,1.4,0,1.5,LOW,0.2,2.5
PRJ-3743,Bridge,Delhi NCR,765.17,52,52.4,48.5,3.9,50.6,1.043,74.5,79.2,82.1,70.1,37,92.6,2,2.3,0,3.9,MEDIUM,3.0,5.7
PRJ-3744,Railway,Madhya Pradesh,1979.9,52,41.7,13.7,28.0,18.7,1.365,39.8,42.8,54.6,35.4,91,31.0,8,8.1,5,8.9,CRITICAL,12.4,28.8
PRJ-3745,Irrigation,Bihar,1308.79,24,33.9,11.2,22.7,13.1,1.17,60.1,61.8,64.3,56.4,102,39.0,0,3.1,3,6.7,HIGH,5.9,15.4
PRJ-3746,Railway,Tamil Nadu,3262.59,37,21.5,10.0,11.5,11.4,1.14,66.2,66.0,62.1,58.5,76,51.8,1,4.6,2,6.5,HIGH,6.0,14.4
PRJ-3747,Railway,Delhi NCR,2528.07,59,88.6,75.1,13.5,82.7,1.101,61.5,53.3,63.1,59.4,83,80.8,2,4.5,3,5.0,HIGH,6.3,9.6
PRJ-3748,Irrigation,Tamil Nadu,942.74,28,25.9,23.3,2.6,23.4,1.004,98.1,86.6,88.0,95.1,3,93.0,0,1.0,0,0.9,LOW,0.2,1.6
PRJ-3749,Urban Development,Assam,390.16,36,39.3,3.0,36.3,5.0,1.667,53.1,36.9,38.9,40.1,197,15.0,9,8.6,3,9.0,CRITICAL,10.6,32.4
PRJ-3750,Urban Development,Bihar,765.65,27,49.0,20.4,28.6,26.8,1.314,38.6,41.7,51.4,53.2,120,39.0,8,8.7,4,7.1,CRITICAL,15.2,29.3
PRJ-3751,Water Supply,Himachal Pradesh,290.82,27,55.4,54.3,1.1,56.2,1.035,95.9,92.6,96.9,86.7,0,94.1,0,3.2,0,2.0,LOW,0.1,2.2
PRJ-3752,Water Supply,Uttar Pradesh,1053.48,31,91.2,86.8,4.4,87.6,1.009,81.1,83.8,72.3,73.7,24,91.4,2,4.5,0,2.6,MEDIUM,3.0,8.6
PRJ-3753,Metro,Andhra Pradesh,7102.52,51,28.5,21.1,7.4,22.7,1.076,72.9,70.3,86.2,78.9,36,72.6,0,3.7,0,3.7,MEDIUM,2.5,6.6
PRJ-3754,Metro,Bihar,1533.4,51,21.4,13.8,7.6,15.6,1.13,73.0,78.1,76.7,73.8,10,60.7,1,2.6,0,3.3,MEDIUM,2.6,5.5
PRJ-3755,Metro,Bihar,1964.41,54,32.6,16.4,16.2,19.2,1.171,62.8,65.9,57.5,67.3,80,47.4,2,3.3,1,5.7,HIGH,5.1,15.0
PRJ-3756,Highway,Odisha,1596.3,35,40.6,40.6,0.0,39.8,0.98,94.9,98.3,93.4,86.4,0,93.0,0,1.2,0,1.2,LOW,0.2,1.2
PRJ-3757,Airport,Telangana,3850.94,43,30.8,2.0,28.8,5.0,2.5,35.8,47.2,50.8,42.4,168,15.0,8,8.2,3,9.4,CRITICAL,14.5,29.6
PRJ-3758,Power Infrastructure,Telangana,1697.75,48,34.0,15.8,18.2,18.5,1.171,66.1,54.3,59.3,59.4,117,48.2,3,3.0,1,6.3,HIGH,5.5,17.3
PRJ-3759,Metro,Gujarat,7105.62,46,91.6,69.7,21.9,87.1,1.25,40.6,40.7,49.6,40.5,108,77.4,6,5.2,4,7.4,CRITICAL,14.1,29.2
PRJ-3760,Metro,West Bengal,8863.73,53,35.1,26.2,8.9,28.4,1.084,83.8,70.1,82.0,81.3,41,73.4,1,2.7,0,3.4,MEDIUM,0.9,7.5
PRJ-3761,Highway,Madhya Pradesh,2532.96,46,75.1,74.0,1.1,73.6,0.995,88.8,94.4,99.6,97.9,5,96.5,0,0.7,0,1.5,LOW,0.3,0.9
PRJ-3762,Highway,Delhi NCR,1247.12,41,43.2,25.6,17.6,31.7,1.238,68.5,64.9,61.2,62.0,75,59.5,5,4.1,3,6.8,HIGH,4.0,15.2
PRJ-3763,Power Infrastructure,Jammu & Kashmir,1530.0,43,86.7,85.1,1.6,88.6,1.041,90.9,87.6,97.5,86.8,0,100.0,0,3.6,0,1.8,LOW,0.3,1.4
PRJ-3764,Urban Development,Maharashtra,1205.53,36,30.7,16.7,14.0,19.9,1.192,57.2,63.7,54.5,65.7,61,55.1,5,4.4,2,6.4,HIGH,5.9,17.6
PRJ-3765,Power Infrastructure,Rajasthan,3338.58,32,22.0,14.0,8.0,15.0,1.071,58.7,68.8,69.6,64.5,96,62.0,1,4.1,3,6.4,HIGH,7.8,17.4
PRJ-3766,Bridge,Jammu & Kashmir,683.64,43,42.5,10.9,31.6,14.7,1.349,47.8,32.9,49.2,41.0,165,25.6,9,9.5,4,9.3,CRITICAL,8.0,18.1
PRJ-3767,Power Infrastructure,Odisha,796.87,38,40.6,39.1,1.5,42.3,1.082,74.7,76.7,75.1,72.8,27,96.8,2,3.7,0,4.5,MEDIUM,1.6,5.7
PRJ-3768,Power Infrastructure,Tamil Nadu,6951.18,26,91.4,80.6,10.8,99.5,1.234,70.5,52.7,56.7,66.9,77,86.2,8,3.2,2,5.8,HIGH,4.0,14.7
PRJ-3769,Highway,Rajasthan,2150.49,58,84.9,49.3,35.6,68.0,1.379,44.1,51.5,45.8,52.5,209,59.3,5,7.9,5,8.1,CRITICAL,11.2,22.7
PRJ-3770,Urban Development,Madhya Pradesh,986.75,18,88.5,59.3,29.2,79.0,1.332,38.4,36.2,52.3,32.7,198,71.7,4,8.7,5,8.5,CRITICAL,7.4,18.9
PRJ-3771,Urban Development,West Bengal,320.31,25,48.8,34.6,14.2,38.6,1.116,59.1,55.9,59.1,58.7,84,74.3,1,5.1,1,5.8,HIGH,4.1,15.1
PRJ-3772,Highway,Bihar,1523.84,26,86.9,86.0,0.9,86.7,1.008,89.6,92.8,96.6,95.4,5,97.9,0,0.4,0,0.6,LOW,0.2,2.3
PRJ-3773,Metro,Uttar Pradesh,3459.58,60,57.5,53.1,4.4,56.5,1.064,82.3,79.5,84.5,81.9,28,87.8,0,4.1,0,2.9,MEDIUM,2.8,7.7
PRJ-3774,Irrigation,Uttar Pradesh,2890.65,18,68.3,66.6,1.7,63.9,0.959,88.2,90.9,98.7,95.0,1,95.6,0,0.8,0,1.1,LOW,0.1,3.0
PRJ-3775,Metro,Uttar Pradesh,6314.99,41,34.0,19.4,14.6,21.6,1.113,64.1,61.0,65.6,68.0,54,57.3,4,3.6,2,5.1,HIGH,5.8,11.9
PRJ-3776,Airport,Andhra Pradesh,5323.53,70,90.6,89.1,1.5,95.0,1.066,92.1,86.5,95.9,90.4,0,98.9,1,0.7,0,2.0,LOW,0.1,0.9
PRJ-3777,Railway,Uttar Pradesh,3875.66,62,68.0,37.8,30.2,45.9,1.214,52.2,47.9,53.1,33.9,200,58.7,2,8.3,3,7.0,CRITICAL,10.3,29.6
PRJ-3778,Railway,Odisha,5800.31,46,36.5,22.2,14.3,25.3,1.14,62.6,64.2,66.4,56.2,103,64.1,3,5.9,1,6.4,HIGH,4.8,11.5
PRJ-3779,Metro,Bihar,7991.51,37,30.3,23.2,7.1,24.5,1.056,81.5,73.0,75.7,78.7,34,75.6,1,4.3,0,4.8,MEDIUM,1.6,6.6
PRJ-3780,Airport,Himachal Pradesh,1374.65,73,38.6,20.4,18.2,22.6,1.108,43.8,30.3,50.5,48.4,164,46.7,4,7.9,4,7.4,CRITICAL,10.6,31.6
PRJ-3781,Metro,Delhi NCR,4466.73,50,29.4,23.3,6.1,24.1,1.034,72.1,71.1,72.3,79.3,55,78.6,0,1.6,1,2.9,MEDIUM,2.9,9.3
PRJ-3782,Irrigation,Uttar Pradesh,624.74,12,59.3,51.3,8.0,58.7,1.144,63.9,66.1,54.9,65.7,85,86.2,3,6.6,3,5.5,HIGH,6.7,17.0
PRJ-3783,Railway,Telangana,6919.05,29,40.9,34.7,6.2,41.1,1.184,79.7,75.8,81.4,83.2,37,85.7,4,3.0,1,2.7,MEDIUM,1.7,6.7
PRJ-3784,Irrigation,Kerala,798.44,16,54.6,40.4,14.2,49.2,1.218,67.1,64.8,57.9,65.7,69,70.0,5,6.6,1,5.6,HIGH,6.9,12.3
PRJ-3785,Water Supply,Tamil Nadu,317.21,36,56.9,53.4,3.5,55.1,1.032,82.5,72.6,84.1,70.9,32,97.0,1,3.2,0,2.7,MEDIUM,1.4,5.7
PRJ-3786,Water Supply,Himachal Pradesh,1359.1,27,26.9,2.0,24.9,5.0,2.5,53.7,39.2,53.6,32.2,222,15.0,3,8.6,2,9.4,CRITICAL,12.7,26.5
PRJ-3787,Railway,Telangana,8789.81,77,47.8,42.6,5.2,43.1,1.012,72.3,70.2,82.1,79.1,30,91.3,2,1.8,1,3.4,MEDIUM,1.3,3.9
PRJ-3788,Power Infrastructure,Karnataka,1045.77,24,47.3,31.9,15.4,38.1,1.194,70.4,58.6,69.5,63.0,86,67.1,5,5.6,1,5.0,HIGH,7.0,13.1
PRJ-3789,Railway,Madhya Pradesh,1423.39,61,20.5,19.6,0.9,19.5,0.995,93.0,93.0,91.3,91.1,0,96.8,0,1.8,0,1.4,LOW,0.1,0.6
PRJ-3790,Irrigation,Uttarakhand,197.56,22,87.3,83.5,3.8,92.3,1.105,79.5,78.3,73.6,79.8,33,96.7,2,3.6,0,4.7,MEDIUM,2.3,4.4
PRJ-3791,Water Supply,Uttarakhand,483.58,25,83.3,68.4,14.9,78.3,1.145,63.2,68.5,69.0,60.7,84,75.0,2,7.1,3,5.1,HIGH,5.4,12.8
PRJ-3792,Bridge,West Bengal,2617.12,29,83.5,56.6,26.9,73.8,1.304,44.2,40.5,51.6,52.4,183,64.5,3,6.5,2,8.8,CRITICAL,8.9,29.1
PRJ-3793,Highway,Gujarat,5920.1,51,56.5,44.6,11.9,51.9,1.164,60.2,52.8,69.1,55.6,48,76.5,4,3.7,3,5.6,HIGH,5.1,14.4
PRJ-3794,Urban Development,Tamil Nadu,2986.34,22,87.5,81.3,6.2,89.4,1.1,79.0,70.7,85.6,71.0,35,91.0,2,3.5,0,4.3,MEDIUM,1.5,7.3
PRJ-3795,Power Infrastructure,Telangana,1560.16,52,32.2,32.2,0.0,33.0,1.025,91.3,96.1,93.2,94.0,0,100.0,0,0.6,0,1.0,LOW,0.1,1.2
PRJ-3796,Water Supply,Andhra Pradesh,5218.96,28,77.4,52.0,25.4,65.5,1.26,41.9,51.9,36.4,45.4,167,61.9,1,9.0,2,7.9,CRITICAL,9.3,25.1
PRJ-3797,Airport,Uttarakhand,4392.94,60,28.5,22.0,6.5,23.0,1.045,77.4,74.1,79.2,80.9,33,73.3,1,3.2,0,2.6,MEDIUM,2.1,5.6
PRJ-3798,Irrigation,Karnataka,261.7,28,88.5,59.7,28.8,79.3,1.328,38.3,44.7,51.3,50.2,210,66.0,5,7.5,5,9.1,CRITICAL,13.9,28.3
PRJ-3799,Power Infrastructure,Uttarakhand,1909.66,35,91.5,83.2,8.3,91.3,1.097,83.2,81.7,75.3,79.6,42,90.1,3,3.4,0,3.0,MEDIUM,2.6,4.1
PRJ-3800,Power Infrastructure,Jammu & Kashmir,1342.73,18,26.0,2.0,24.0,5.0,2.5,40.5,49.1,44.7,47.4,122,15.0,9,7.5,4,7.5,CRITICAL,10.0,23.6
PRJ-3801,Metro,Rajasthan,1753.53,51,21.7,17.6,4.1,18.9,1.074,84.5,81.6,79.7,75.5,24,81.5,2,2.9,0,4.5,MEDIUM,2.6,6.6
PRJ-3802,Airport,West Bengal,10418.92,48,87.3,60.0,27.3,79.2,1.32,47.2,32.7,39.2,36.8,137,70.0,7,8.5,5,8.5,CRITICAL,11.5,22.1
PRJ-3803,Highway,Gujarat,2361.06,42,84.4,62.6,21.8,78.4,1.252,37.9,47.3,52.8,37.3,198,76.4,6,7.5,4,7.3,CRITICAL,7.4,27.0
PRJ-3804,Highway,Delhi NCR,2526.66,49,52.8,42.5,10.3,48.3,1.136,66.8,61.5,61.2,67.7,77,86.3,1,5.0,2,6.9,HIGH,5.7,17.1
PRJ-3805,Railway,West Bengal,6024.45,35,68.1,64.9,3.2,68.7,1.059,84.6,77.8,86.6,76.2,20,96.5,4,3.9,1,3.8,MEDIUM,2.4,5.8
PRJ-3806,Water Supply,Odisha,2191.28,27,53.7,48.1,5.6,50.1,1.042,72.2,84.9,77.1,72.2,32,91.3,2,2.3,1,3.2,MEDIUM,2.6,5.2
PRJ-3807,Highway,Andhra Pradesh,1936.62,32,44.1,21.2,22.9,25.2,1.189,69.9,60.5,65.3,68.7,86,50.9,3,3.7,1,5.3,HIGH,6.0,14.4
PRJ-3808,Irrigation,Himachal Pradesh,545.17,46,66.8,60.9,5.9,64.2,1.054,83.4,79.5,80.0,72.1,28,94.4,0,5.5,0,2.9,MEDIUM,2.1,7.1
PRJ-3809,Bridge,Maharashtra,1909.04,37,20.9,2.0,18.9,5.0,2.5,69.9,53.7,69.2,67.4,105,15.0,3,5.7,3,5.6,HIGH,6.1,8.9
PRJ-3810,Bridge,Telangana,1007.25,42,84.5,72.2,12.3,78.2,1.083,63.4,55.6,63.9,63.5,60,88.6,0,5.9,2,6.1,HIGH,6.4,14.9
PRJ-3811,Airport,Tamil Nadu,1323.21,29,66.5,66.5,0.0,69.2,1.041,94.3,93.1,91.8,95.7,2,100.0,0,1.0,0,1.8,LOW,0.0,1.4
PRJ-3812,Airport,Telangana,4701.11,54,59.3,59.1,0.2,59.4,1.005,93.1,95.0,88.2,92.2,2,99.0,0,0.6,0,1.3,LOW,0.2,1.4
PRJ-3813,Urban Development,Himachal Pradesh,574.53,29,29.7,28.0,1.7,30.5,1.089,83.7,82.3,74.1,73.1,41,95.3,4,4.7,0,2.6,MEDIUM,1.8,5.3
PRJ-3814,Irrigation,Maharashtra,866.28,30,49.0,47.9,1.1,49.6,1.035,94.1,91.0,98.7,88.1,3,95.9,1,0.9,0,1.5,LOW,0.0,2.0
PRJ-3815,Railway,Andhra Pradesh,12423.6,53,41.9,26.4,15.5,30.8,1.167,68.1,64.1,61.7,65.1,85,63.2,3,5.7,3,5.4,HIGH,7.0,16.5
PRJ-3816,Irrigation,Assam,323.67,31,84.7,56.0,28.7,71.8,1.282,41.0,35.3,42.3,52.8,161,63.6,6,9.9,2,8.4,CRITICAL,11.4,28.7
PRJ-3817,Highway,Bihar,1248.33,36,22.8,2.0,20.8,5.0,2.5,47.7,49.6,54.1,35.1,142,15.0,7,7.4,3,8.5,CRITICAL,11.5,28.7
PRJ-3818,Bridge,Andhra Pradesh,1475.3,40,77.0,58.7,18.3,75.4,1.284,64.9,58.1,65.9,66.9,76,73.0,7,4.0,2,5.2,HIGH,4.4,14.8
PRJ-3819,Irrigation,Jammu & Kashmir,2013.56,18,20.4,5.6,14.8,6.5,1.161,69.8,52.6,56.4,62.0,80,25.2,3,5.4,1,6.1,HIGH,6.8,19.5
PRJ-3820,Power Infrastructure,Uttar Pradesh,2424.28,45,34.3,17.2,17.1,20.0,1.163,61.5,54.2,63.7,66.9,94,49.7,5,4.4,1,6.7,HIGH,6.0,14.2
PRJ-3821,Metro,Jammu & Kashmir,1891.55,71,44.2,37.9,6.3,41.2,1.087,77.5,74.9,73.7,78.3,34,82.9,1,4.8,0,4.6,MEDIUM,2.6,9.2
PRJ-3822,Metro,Delhi NCR,2296.21,38,33.3,30.6,2.7,32.2,1.052,79.9,81.7,76.3,74.8,20,92.4,2,2.0,1,2.6,MEDIUM,2.3,7.1
PRJ-3823,Urban Development,Andhra Pradesh,1687.51,37,42.5,42.5,0.0,42.3,0.995,94.1,91.2,94.0,90.8,4,100.0,0,1.8,0,1.7,LOW,0.2,1.5
PRJ-3824,Power Infrastructure,Odisha,1788.28,38,60.3,42.7,17.6,52.3,1.225,56.0,52.4,69.4,69.0,59,69.0,8,4.8,1,5.9,HIGH,7.6,13.0
PRJ-3825,Highway,Uttarakhand,911.53,35,21.8,3.8,18.0,5.0,1.316,37.5,32.9,52.9,44.5,168,16.9,6,9.2,3,7.6,CRITICAL,12.2,25.8
PRJ-3826,Airport,Andhra Pradesh,3469.88,56,46.6,45.6,1.0,45.9,1.007,95.8,96.8,97.8,89.4,5,99.9,0,1.9,0,1.2,LOW,0.0,1.4
PRJ-3827,Urban Development,Himachal Pradesh,335.5,23,62.2,61.4,0.8,59.9,0.976,92.0,90.0,97.8,96.0,0,100.0,0,3.0,0,1.1,LOW,0.4,1.7
PRJ-3828,Highway,West Bengal,3240.5,34,57.2,36.1,21.1,42.7,1.183,67.4,52.1,55.8,63.3,102,64.4,3,4.9,3,6.3,HIGH,5.5,12.1
PRJ-3829,Irrigation,Kerala,508.76,41,36.4,36.4,0.0,36.6,1.005,98.9,93.2,93.2,95.6,2,100.0,0,3.0,0,0.8,LOW,0.2,0.0
PRJ-3830,Railway,Karnataka,4145.55,26,40.9,26.4,14.5,30.3,1.148,66.8,54.1,66.0,59.7,48,65.9,5,3.6,2,6.9,HIGH,5.6,16.9
PRJ-3831,Airport,Maharashtra,4603.8,91,49.3,46.3,3.0,46.1,0.996,85.0,70.5,83.6,70.5,27,97.3,0,2.4,0,4.1,MEDIUM,2.0,8.4
PRJ-3832,Irrigation,Assam,585.66,24,87.5,65.1,22.4,76.8,1.18,57.3,53.2,59.6,59.9,104,78.7,4,4.4,1,5.5,HIGH,5.0,16.6
PRJ-3833,Urban Development,Bihar,1264.4,37,35.2,35.1,0.1,34.3,0.977,94.4,89.7,89.2,87.1,5,94.5,0,1.6,0,1.3,LOW,0.3,1.7
PRJ-3834,Water Supply,Bihar,266.08,41,40.0,34.1,5.9,37.3,1.094,85.4,83.7,80.2,73.3,13,89.4,2,2.1,1,3.8,MEDIUM,2.3,7.3
PRJ-3835,Railway,Telangana,8383.66,39,80.0,78.3,1.7,75.3,0.962,98.5,97.8,97.1,93.5,4,93.3,0,0.8,0,1.1,LOW,0.0,1.7
PRJ-3836,Irrigation,Uttar Pradesh,4434.13,26,35.1,27.7,7.4,31.2,1.126,81.4,76.7,84.2,80.3,44,85.0,0,3.0,1,4.7,MEDIUM,2.8,7.0
PRJ-3837,Airport,Odisha,3486.41,52,90.4,56.1,34.3,73.1,1.303,38.5,32.8,43.7,32.3,203,61.6,3,5.3,5,8.1,CRITICAL,9.7,24.1
PRJ-3838,Railway,Jammu & Kashmir,8057.54,51,46.1,40.5,5.6,43.7,1.079,81.2,77.0,84.7,80.9,46,89.3,4,5.7,1,4.6,MEDIUM,2.9,5.3
PRJ-3839,Bridge,Kerala,1630.34,41,75.1,66.0,9.1,69.5,1.053,76.3,84.6,81.7,81.2,34,89.3,0,3.9,1,2.9,MEDIUM,2.3,4.5
PRJ-3840,Power Infrastructure,Telangana,1137.43,41,55.3,53.8,1.5,57.7,1.072,77.6,76.7,80.8,73.1,33,96.0,1,1.7,0,2.6,MEDIUM,1.7,3.9
PRJ-3841,Bridge,Uttarakhand,2024.47,35,31.2,31.2,0.0,30.6,0.981,96.5,95.6,92.8,94.4,2,100.0,0,4.3,0,0.9,LOW,0.1,2.4
PRJ-3842,Airport,Bihar,5272.94,49,27.4,27.4,0.0,28.0,1.022,98.9,95.8,94.0,91.9,0,100.0,0,0.5,0,0.7,LOW,0.1,0.4
PRJ-3843,Railway,Kerala,3807.13,26,81.3,70.6,10.7,80.6,1.142,55.5,53.7,65.2,57.6,90,85.8,4,7.7,3,6.3,HIGH,5.1,13.9
PRJ-3844,Highway,West Bengal,2184.54,44,73.1,73.1,0.0,75.0,1.026,92.0,91.5,98.1,89.9,8,94.6,0,1.3,0,0.8,LOW,0.2,0.7
PRJ-3845,Railway,Delhi NCR,2239.56,63,77.8,74.2,3.6,75.2,1.013,79.4,70.5,82.8,76.9,32,98.3,2,2.6,0,4.5,MEDIUM,2.2,5.4
PRJ-3846,Urban Development,Maharashtra,1395.21,14,37.5,22.8,14.7,25.6,1.123,70.0,54.8,59.5,57.8,68,61.0,3,4.9,1,5.7,HIGH,6.6,16.3
PRJ-3847,Power Infrastructure,Uttarakhand,824.05,56,84.5,84.5,0.0,85.9,1.017,90.1,94.1,98.1,97.2,2,100.0,1,1.6,0,2.2,LOW,0.6,0.0
PRJ-3848,Metro,West Bengal,4352.03,52,73.9,69.4,4.5,73.8,1.063,77.1,76.5,78.2,83.3,37,91.5,0,1.8,0,2.9,MEDIUM,2.5,6.2
PRJ-3849,Irrigation,Jammu & Kashmir,178.2,33,72.8,69.3,3.5,69.9,1.009,76.1,81.9,86.1,70.5,22,93.6,0,4.7,0,2.5,MEDIUM,2.3,7.7
PRJ-3850,Urban Development,Telangana,171.16,25,22.1,2.0,20.1,5.0,2.5,52.1,40.6,41.5,36.5,211,15.0,3,9.3,3,8.5,CRITICAL,12.3,25.5
PRJ-3851,Irrigation,Karnataka,666.42,24,20.4,14.7,5.7,16.3,1.109,76.3,84.6,80.5,73.5,51,70.9,4,3.3,0,4.4,MEDIUM,1.0,4.1
PRJ-3852,Railway,Uttarakhand,9610.26,51,48.1,21.7,26.4,29.3,1.35,53.6,39.0,53.2,38.8,170,48.8,8,6.7,5,8.9,CRITICAL,12.3,24.9
PRJ-3853,Metro,West Bengal,7782.69,55,21.7,21.1,0.6,20.6,0.976,96.8,93.4,92.1,93.0,0,97.9,0,0.9,0,1.4,LOW,0.6,1.0
PRJ-3854,Highway,Delhi NCR,1552.64,24,44.7,14.1,30.6,19.6,1.39,36.7,35.2,44.9,45.6,146,30.9,9,6.6,4,7.3,CRITICAL,10.3,27.9
PRJ-3855,Water Supply,Uttarakhand,718.95,37,87.6,87.6,0.0,86.0,0.982,95.5,93.4,92.4,86.9,3,100.0,0,3.8,0,1.6,LOW,0.2,1.2
PRJ-3856,Railway,Maharashtra,1974.27,56,23.3,23.3,0.0,24.2,1.039,94.6,93.1,92.6,94.2,0,98.1,2,2.4,0,2.2,LOW,0.3,1.0
PRJ-3857,Airport,Uttar Pradesh,1606.02,45,85.4,81.9,3.5,86.2,1.053,75.5,70.7,84.5,71.9,32,100.0,0,4.3,1,3.5,MEDIUM,2.4,5.3
PRJ-3858,Railway,Andhra Pradesh,1755.71,49,76.5,58.5,18.0,70.5,1.205,44.8,31.3,42.5,48.3,182,80.9,5,7.8,3,8.5,CRITICAL,8.6,22.5
PRJ-3859,Power Infrastructure,Uttar Pradesh,1036.29,38,74.3,66.6,7.7,71.6,1.075,84.2,83.8,77.8,81.0,36,86.9,0,2.8,0,4.3,MEDIUM,2.3,8.7
PRJ-3860,Railway,Uttarakhand,3374.44,69,32.0,19.3,12.7,21.6,1.119,69.1,57.1,62.1,64.6,113,63.1,3,8.2,1,6.4,HIGH,5.5,14.1
PRJ-3861,Airport,Maharashtra,2631.31,48,20.6,11.5,9.1,13.5,1.174,69.8,63.5,62.8,58.7,76,54.2,4,6.2,1,6.6,HIGH,3.5,17.3
PRJ-3862,Airport,West Bengal,16707.6,51,91.3,90.8,0.5,93.2,1.026,94.5,90.9,93.9,89.5,0,99.7,1,0.9,0,1.2,LOW,0.0,0.0
PRJ-3863,Irrigation,West Bengal,653.35,35,27.5,10.8,16.7,12.3,1.139,68.1,68.3,59.0,65.4,56,36.4,2,4.7,1,7.0,HIGH,5.4,12.6
PRJ-3864,Bridge,Telangana,4244.4,49,85.7,72.1,13.6,81.5,1.13,62.2,52.5,55.8,66.0,68,81.0,3,5.1,3,6.2,HIGH,5.3,13.6
PRJ-3865,Airport,Himachal Pradesh,1808.21,41,52.9,20.1,32.8,27.6,1.373,48.9,44.1,50.5,47.7,151,38.6,6,5.9,2,9.4,CRITICAL,11.3,31.9
PRJ-3866,Irrigation,Delhi NCR,402.91,35,71.6,68.6,3.0,73.7,1.074,83.0,76.6,74.9,80.7,27,95.1,4,3.4,0,3.6,MEDIUM,2.4,8.5
PRJ-3867,Railway,Madhya Pradesh,1263.89,70,75.2,75.0,0.2,77.2,1.029,94.3,90.3,92.7,97.9,1,100.0,0,0.5,0,1.8,LOW,0.2,1.0
PRJ-3868,Metro,Bihar,6834.9,49,45.7,45.7,0.0,47.8,1.046,98.8,96.5,96.7,96.2,0,99.8,0,0.2,0,1.6,LOW,0.1,2.9
PRJ-3869,Airport,Gujarat,4736.38,40,84.2,83.7,0.5,81.7,0.976,93.8,90.1,94.0,90.5,2,99.5,1,1.9,0,2.0,LOW,0.1,0.7
PRJ-3870,Highway,Himachal Pradesh,2361.63,31,41.0,30.0,11.0,32.4,1.08,56.1,53.0,56.3,62.7,112,71.8,4,5.3,2,6.6,HIGH,6.9,11.5
PRJ-3871,Urban Development,Gujarat,185.76,28,61.7,42.1,19.6,48.9,1.162,70.2,67.8,66.4,55.1,74,66.4,2,4.9,2,5.2,HIGH,5.4,17.4
PRJ-3872,Bridge,Himachal Pradesh,1940.52,32,23.2,22.3,0.9,21.5,0.964,93.4,96.0,95.1,97.0,2,95.7,0,2.8,0,1.8,LOW,0.4,1.3
PRJ-3873,Irrigation,Himachal Pradesh,944.67,20,89.1,68.1,21.0,84.4,1.239,61.6,54.6,62.7,55.4,77,79.9,2,3.9,3,6.6,HIGH,5.8,13.0
PRJ-3874,Irrigation,Madhya Pradesh,1377.01,31,31.5,25.3,6.2,27.5,1.087,75.3,74.3,80.0,71.9,24,80.1,3,4.2,1,2.5,MEDIUM,1.5,8.3
PRJ-3875,Metro,Telangana,3162.11,36,58.0,40.7,17.3,48.5,1.192,55.2,58.2,61.1,62.7,80,72.8,4,4.4,1,5.5,HIGH,4.3,14.9
PRJ-3876,Bridge,Bihar,1391.2,44,72.1,69.4,2.7,74.5,1.073,95.8,98.5,92.0,91.4,1,98.2,1,1.9,0,1.9,LOW,0.7,0.7
PRJ-3877,Railway,Telangana,1676.12,37,25.1,6.3,18.8,7.5,1.19,58.4,64.0,63.0,57.0,77,25.0,3,6.7,1,5.8,HIGH,6.2,12.7
PRJ-3878,Irrigation,Himachal Pradesh,879.14,29,27.5,21.1,6.4,23.3,1.104,74.3,79.3,84.5,83.4,30,82.6,1,4.8,1,3.0,MEDIUM,2.6,5.8
PRJ-3879,Power Infrastructure,Uttar Pradesh,6647.8,52,52.5,52.5,0.0,53.4,1.017,91.2,94.9,91.1,94.9,2,98.1,0,0.8,0,1.9,LOW,0.5,0.0
PRJ-3880,Metro,Maharashtra,2827.63,65,25.9,22.5,3.4,24.1,1.071,81.4,72.9,82.0,79.5,23,91.5,2,2.2,0,2.5,MEDIUM,2.8,8.9
PRJ-3881,Power Infrastructure,Uttar Pradesh,4098.17,34,29.4,29.4,0.0,29.9,1.017,98.4,89.3,92.4,94.6,0,99.3,0,1.1,0,1.9,LOW,0.0,1.4
PRJ-3882,Railway,Assam,1486.14,53,73.2,56.2,17.0,69.0,1.228,66.1,56.3,64.9,61.8,83,77.6,4,7.4,3,6.4,HIGH,5.5,13.7
PRJ-3883,Highway,Tamil Nadu,3494.48,40,75.4,69.6,5.8,75.1,1.079,79.3,80.9,79.3,80.1,30,92.3,0,3.0,0,3.1,MEDIUM,2.3,7.1
PRJ-3884,Water Supply,Assam,1250.82,38,62.7,61.0,1.7,62.9,1.031,97.1,96.1,90.1,94.9,1,95.2,0,2.6,0,2.1,LOW,0.1,1.6
PRJ-3885,Metro,Delhi NCR,4590.63,43,44.9,10.8,34.1,13.9,1.287,44.8,39.5,38.9,40.5,196,21.9,4,9.4,5,7.4,CRITICAL,14.4,27.0
PRJ-3886,Irrigation,Telangana,212.89,21,34.3,30.2,4.1,31.1,1.03,73.2,84.2,73.6,71.4,32,89.6,0,2.6,0,3.7,MEDIUM,3.3,6.1
PRJ-3887,Irrigation,West Bengal,818.08,35,87.0,63.6,23.4,76.0,1.195,49.8,30.6,46.8,47.1,211,76.3,2,7.8,4,8.8,CRITICAL,13.1,32.4
PRJ-3888,Urban Development,Tamil Nadu,917.14,38,35.9,19.5,16.4,23.2,1.19,66.0,59.5,62.6,68.7,76,52.6,7,3.4,2,6.9,HIGH,6.3,14.8
PRJ-3889,Power Infrastructure,Karnataka,3105.0,18,56.6,44.2,12.4,51.8,1.172,67.6,54.7,60.3,62.0,94,81.5,6,3.3,2,6.9,HIGH,6.3,12.8
PRJ-3890,Railway,Delhi NCR,6472.3,43,88.2,86.9,1.3,90.2,1.038,91.5,97.0,92.1,96.5,0,99.2,2,2.3,0,1.2,LOW,0.2,0.9
PRJ-3891,Railway,Delhi NCR,5989.07,69,77.7,77.7,0.0,78.5,1.01,96.0,97.9,91.5,90.4,6,100.0,1,1.6,0,2.0,LOW,0.2,1.0
PRJ-3892,Airport,Delhi NCR,1850.19,39,23.9,23.9,0.0,24.4,1.021,96.9,97.8,96.9,95.7,1,100.0,1,0.8,0,1.4,LOW,0.3,0.1
PRJ-3893,Power Infrastructure,Rajasthan,606.36,28,27.6,2.0,25.6,5.0,2.5,50.7,44.0,44.8,44.8,217,15.0,3,6.3,4,8.4,CRITICAL,11.1,30.4
PRJ-3894,Bridge,Karnataka,520.58,33,73.1,66.1,7.0,72.6,1.098,79.6,82.1,76.8,73.6,48,94.7,2,2.4,0,3.8,MEDIUM,1.3,4.5
PRJ-3895,Airport,Kerala,9499.52,39,67.0,65.3,1.7,66.2,1.014,81.3,75.3,82.8,81.7,14,100.0,1,3.2,1,2.9,MEDIUM,2.7,6.7
PRJ-3896,Water Supply,Bihar,1689.18,34,88.5,65.3,23.2,85.8,1.314,50.6,40.3,43.6,49.2,160,74.3,5,9.3,3,7.6,CRITICAL,9.9,29.2
PRJ-3897,Irrigation,Andhra Pradesh,2079.02,17,29.9,8.3,21.6,10.7,1.289,41.0,49.4,37.9,35.2,212,30.3,5,7.1,4,7.2,CRITICAL,12.3,19.0
PRJ-3898,Power Infrastructure,Jammu & Kashmir,539.41,42,67.9,44.9,23.0,54.9,1.223,47.2,32.7,37.7,46.1,229,66.3,5,6.5,3,8.1,CRITICAL,8.5,24.3
PRJ-3899,Highway,Tamil Nadu,708.7,45,61.7,59.9,1.8,57.8,0.965,96.5,98.0,93.3,89.8,2,97.9,0,1.1,0,1.6,LOW,0.3,1.4
PRJ-3900,Power Infrastructure,Gujarat,697.73,36,44.7,32.4,12.3,36.0,1.111,64.8,65.8,56.8,67.0,45,77.3,1,6.6,3,5.4,HIGH,5.9,9.2
PRJ-3901,Irrigation,Jammu & Kashmir,1598.65,33,72.5,65.9,6.6,71.9,1.091,84.2,78.4,79.8,79.5,29,93.9,0,4.7,1,4.3,MEDIUM,3.1,7.4
PRJ-3902,Power Infrastructure,Bihar,4493.32,57,71.2,43.9,27.3,53.8,1.226,44.2,40.9,36.0,33.9,175,62.0,0,8.4,4,7.9,CRITICAL,14.3,21.0
PRJ-3903,Airport,Kerala,20730.1,24,26.1,16.4,9.7,18.4,1.122,57.7,53.2,69.4,62.2,68,60.0,4,8.0,2,6.6,HIGH,6.7,14.5
PRJ-3904,Metro,Uttarakhand,4428.64,27,89.1,75.2,13.9,79.8,1.061,64.0,65.1,58.6,67.6,57,92.5,1,6.7,3,5.8,HIGH,7.7,15.2
PRJ-3905,Railway,Assam,1740.72,38,51.9,45.1,6.8,47.7,1.058,72.5,77.8,86.0,83.5,34,85.1,0,3.6,0,3.2,MEDIUM,2.4,7.9
PRJ-3906,Railway,Andhra Pradesh,3793.89,37,77.4,76.2,1.2,74.0,0.971,93.9,97.0,89.3,85.3,0,100.0,1,0.3,0,1.1,LOW,0.5,0.5
PRJ-3907,Urban Development,Tamil Nadu,1381.31,37,37.1,11.3,25.8,14.8,1.31,36.4,50.1,38.2,34.4,141,30.3,7,7.1,5,8.1,CRITICAL,14.5,24.1
PRJ-3908,Airport,Himachal Pradesh,2876.5,45,47.0,41.6,5.4,42.8,1.029,74.7,73.5,81.7,78.6,31,85.6,0,3.8,1,4.7,MEDIUM,2.1,6.8
PRJ-3909,Power Infrastructure,Assam,620.09,31,44.3,42.8,1.5,43.8,1.023,76.7,75.8,78.6,78.2,30,98.3,1,4.4,0,3.0,MEDIUM,3.1,7.1
PRJ-3910,Water Supply,Rajasthan,700.66,26,50.1,48.4,1.7,48.7,1.006,93.1,93.9,98.9,94.8,2,94.4,0,2.1,0,2.1,LOW,0.2,0.3
PRJ-3911,Bridge,Himachal Pradesh,1312.45,24,61.3,61.2,0.1,65.4,1.069,88.1,87.1,96.3,87.4,2,100.0,0,2.4,0,1.7,LOW,0.2,1.6
PRJ-3912,Metro,Jammu & Kashmir,7492.47,78,78.2,67.4,10.8,77.6,1.151,68.6,68.5,57.1,68.3,49,82.4,5,6.5,2,5.4,HIGH,5.6,14.8
PRJ-3913,Water Supply,Tamil Nadu,257.33,14,25.3,25.3,0.0,24.7,0.976,88.7,94.6,94.9,87.7,0,100.0,0,2.1,0,0.7,LOW,0.0,1.3
PRJ-3914,Irrigation,West Bengal,1386.59,29,62.0,62.0,0.0,60.5,0.976,91.5,97.9,98.8,96.2,5,100.0,1,1.5,0,1.6,LOW,0.4,0.9
PRJ-3915,Water Supply,Odisha,4522.56,32,80.3,80.0,0.3,76.7,0.959,92.5,88.6,98.5,85.4,1,100.0,0,1.8,0,1.1,LOW,0.1,0.7
PRJ-3916,Irrigation,Himachal Pradesh,313.83,28,87.0,87.0,0.0,86.2,0.991,93.5,94.6,91.3,92.6,2,99.7,0,1.7,0,0.8,LOW,0.1,0.4
PRJ-3917,Bridge,Bihar,524.2,46,78.8,74.2,4.6,79.9,1.077,81.1,78.5,80.2,70.5,38,91.4,5,3.0,1,3.8,MEDIUM,2.1,6.9
PRJ-3918,Railway,Jammu & Kashmir,2803.64,41,37.8,37.5,0.3,38.4,1.024,95.1,92.2,96.1,94.5,3,98.6,0,3.4,0,2.0,LOW,0.0,0.0
PRJ-3919,Railway,Delhi NCR,6176.31,57,40.2,40.2,0.0,37.7,0.938,96.7,93.0,93.5,90.3,2,98.1,0,2.4,0,1.3,LOW,0.3,2.2
PRJ-3920,Irrigation,Himachal Pradesh,583.0,38,27.5,7.6,19.9,9.7,1.276,55.4,61.3,60.4,62.7,62,27.9,7,6.3,3,5.0,HIGH,5.8,15.1
PRJ-3921,Railway,Delhi NCR,3071.7,46,71.2,71.2,0.0,69.0,0.969,93.7,92.5,93.6,89.1,0,100.0,0,1.4,0,1.3,LOW,0.1,0.6
PRJ-3922,Metro,Telangana,2875.44,57,74.5,47.6,26.9,60.5,1.271,39.0,30.5,51.3,46.4,223,62.6,5,8.9,3,8.5,CRITICAL,13.6,23.3
PRJ-3923,Water Supply,Tamil Nadu,755.85,16,58.5,47.0,11.5,57.0,1.213,60.1,67.0,59.0,61.3,58,81.0,5,5.7,2,6.5,HIGH,5.6,9.3
PRJ-3924,Railway,Assam,3560.6,68,87.3,85.6,1.7,86.6,1.012,81.3,79.1,85.6,70.5,31,96.6,1,2.7,0,3.8,MEDIUM,2.3,4.4
PRJ-3925,Irrigation,Jammu & Kashmir,1157.29,44,82.1,77.5,4.6,86.3,1.114,81.2,79.5,80.8,79.6,24,92.4,3,5.3,0,3.5,MEDIUM,1.3,8.1
PRJ-3926,Highway,Tamil Nadu,1705.53,31,50.8,48.8,2.0,48.6,0.996,75.2,80.3,79.9,80.1,32,95.2,0,1.8,0,4.6,MEDIUM,2.5,6.2
PRJ-3927,Bridge,Karnataka,901.06,42,26.7,20.7,6.0,22.7,1.097,80.3,71.2,77.6,76.6,40,79.6,2,4.2,1,3.8,MEDIUM,2.5,4.4
PRJ-3928,Highway,Karnataka,1576.83,19,56.9,48.0,8.9,51.1,1.065,78.1,77.6,74.5,73.0,25,83.8,0,3.6,0,3.3,MEDIUM,2.4,7.4
PRJ-3929,Metro,Delhi NCR,14844.68,51,37.4,27.6,9.8,28.9,1.047,82.5,82.2,74.9,75.1,25,75.9,1,4.0,0,3.5,MEDIUM,1.8,6.6
PRJ-3930,Urban Development,Telangana,1937.18,22,56.2,46.1,10.1,50.9,1.104,59.3,54.4,66.3,55.9,75,84.4,2,3.4,3,6.9,HIGH,6.5,13.5
PRJ-3931,Water Supply,Delhi NCR,1068.74,28,44.7,41.9,2.8,44.2,1.055,83.4,74.6,81.8,81.2,21,96.0,0,2.7,1,2.8,MEDIUM,2.1,2.5
PRJ-3932,Bridge,West Bengal,2490.9,45,63.2,56.8,6.4,58.6,1.032,77.3,78.8,77.9,80.7,31,87.6,0,1.9,1,3.3,MEDIUM,3.3,4.8
PRJ-3933,Irrigation,Telangana,3622.03,12,70.5,70.5,0.0,77.1,1.094,90.4,88.0,98.5,92.1,1,99.1,4,2.5,0,0.6,LOW,0.0,1.1
PRJ-3934,Airport,Odisha,4906.76,57,35.2,30.2,5.0,30.1,0.997,85.7,84.0,82.0,75.8,37,88.5,0,3.4,1,4.3,MEDIUM,1.8,5.8
PRJ-3935,Irrigation,Tamil Nadu,3719.45,12,76.3,49.3,27.0,60.5,1.227,45.4,37.4,54.3,33.5,165,64.3,2,7.1,5,8.7,CRITICAL,13.1,26.9
PRJ-3936,Highway,Uttarakhand,844.79,31,25.1,8.3,16.8,9.8,1.181,57.9,64.0,63.8,57.1,60,30.5,4,8.3,1,5.2,HIGH,6.2,12.9
PRJ-3937,Water Supply,Karnataka,936.22,30,90.1,88.9,1.2,94.8,1.066,97.4,90.0,99.7,89.1,4,95.9,1,1.3,0,0.5,LOW,0.4,1.9
PRJ-3938,Airport,Uttar Pradesh,1381.24,55,22.1,22.1,0.0,21.0,0.95,98.6,90.6,93.4,89.9,7,100.0,3,2.1,0,0.9,LOW,0.0,2.9
PRJ-3939,Irrigation,Himachal Pradesh,2246.79,23,41.0,34.7,6.3,36.8,1.061,82.7,80.9,82.6,78.0,38,88.3,1,5.1,1,4.3,MEDIUM,1.9,6.8
PRJ-3940,Highway,Maharashtra,1530.9,30,85.0,75.2,9.8,81.3,1.081,72.6,79.2,81.5,83.5,25,86.8,1,1.6,1,4.1,MEDIUM,2.0,3.7
PRJ-3941,Urban Development,Kerala,1287.21,26,26.2,19.8,6.4,21.7,1.096,85.1,84.9,72.8,70.1,25,76.5,1,3.9,0,4.4,MEDIUM,3.2,7.1
PRJ-3942,Railway,Telangana,4383.03,45,78.7,74.5,4.2,79.4,1.066,80.3,79.2,79.0,72.9,17,92.6,1,3.8,0,4.8,MEDIUM,1.8,9.2
PRJ-3943,Highway,Rajasthan,1812.61,42,27.4,27.4,0.0,28.1,1.026,92.1,90.5,92.3,88.9,5,100.0,0,1.2,0,1.9,LOW,0.0,3.0
PRJ-3944,Water Supply,Assam,1409.92,28,23.3,18.4,4.9,19.3,1.049,80.2,72.5,73.1,77.8,23,80.1,1,2.5,1,4.4,MEDIUM,2.6,4.1
PRJ-3945,Irrigation,Assam,369.78,32,85.5,83.1,2.4,88.1,1.06,81.3,84.8,82.2,73.4,28,100.0,0,3.3,0,4.5,MEDIUM,2.5,6.1
PRJ-3946,Water Supply,Assam,996.88,22,67.8,67.8,0.0,68.8,1.015,94.6,94.6,89.2,90.5,0,96.6,0,3.5,0,2.2,LOW,0.1,1.5
PRJ-3947,Water Supply,Himachal Pradesh,343.51,12,46.1,39.4,6.7,42.5,1.079,77.7,83.9,83.3,73.5,20,89.1,1,4.3,1,3.7,MEDIUM,2.6,8.6
PRJ-3948,Bridge,Bihar,729.57,24,90.9,73.8,17.1,90.6,1.228,63.7,67.2,65.8,64.7,69,82.3,4,5.3,1,6.3,HIGH,5.2,16.3
PRJ-3949,Power Infrastructure,Karnataka,980.99,53,50.7,20.1,30.6,26.5,1.318,38.5,30.7,47.5,52.4,156,37.0,8,7.7,2,7.8,CRITICAL,12.3,28.4
PRJ-3950,Bridge,Himachal Pradesh,2857.74,42,46.2,40.1,6.1,43.9,1.095,79.7,74.4,75.2,70.1,40,88.0,4,5.3,0,3.5,MEDIUM,1.6,3.9
PRJ-3951,Water Supply,Kerala,815.52,35,52.3,52.3,0.0,52.2,0.998,89.9,95.1,92.6,88.6,1,100.0,1,2.7,0,0.8,LOW,0.0,1.3
PRJ-3952,Water Supply,Karnataka,669.35,26,58.8,43.4,15.4,48.6,1.12,64.7,68.4,64.5,58.8,113,72.4,2,3.3,1,7.2,HIGH,6.5,14.3
PRJ-3953,Airport,Karnataka,1482.22,58,48.1,47.1,1.0,47.3,1.004,93.2,96.7,89.2,92.1,3,97.8,0,0.7,0,0.6,LOW,0.4,1.7
PRJ-3954,Metro,Maharashtra,4751.09,58,36.4,12.7,23.7,16.6,1.307,41.4,47.4,35.3,35.2,148,33.3,7,7.8,2,7.0,CRITICAL,9.7,28.1
PRJ-3955,Railway,Maharashtra,3202.1,63,32.1,27.7,4.4,29.3,1.058,82.0,84.8,72.0,81.5,25,87.5,1,4.2,1,2.7,MEDIUM,2.7,6.9
PRJ-3956,Metro,Jammu & Kashmir,2060.69,48,44.1,44.1,0.0,41.9,0.95,97.1,97.6,99.6,90.0,1,97.6,0,3.9,0,1.5,LOW,0.5,0.4
PRJ-3957,Water Supply,Karnataka,1126.39,16,41.6,39.2,2.4,39.4,1.005,79.7,77.6,84.0,78.8,35,95.0,0,1.9,0,3.6,MEDIUM,2.6,7.2
PRJ-3958,Railway,Karnataka,2490.88,43,86.9,86.4,0.5,94.1,1.089,92.9,97.8,88.2,85.7,9,90.5,0,0.4,0,0.7,LOW,0.0,1.7
PRJ-3959,Water Supply,Delhi NCR,151.02,19,35.9,17.9,18.0,21.7,1.212,48.3,32.1,36.1,50.2,90,47.6,7,7.3,3,8.8,CRITICAL,7.8,24.3
PRJ-3960,Water Supply,Bihar,1050.46,33,70.3,56.8,13.5,65.3,1.15,64.3,67.8,64.6,63.8,100,79.2,1,4.4,2,7.0,HIGH,6.3,14.2
PRJ-3961,Power Infrastructure,Uttarakhand,988.01,49,75.7,71.8,3.9,74.1,1.032,76.0,82.6,79.4,81.5,26,94.1,0,4.4,1,4.7,MEDIUM,2.8,7.8
PRJ-3962,Water Supply,Himachal Pradesh,421.33,12,41.0,20.1,20.9,25.1,1.249,66.3,57.5,59.2,64.4,45,52.9,4,5.9,3,6.5,HIGH,6.2,14.5
PRJ-3963,Power Infrastructure,Assam,1679.36,27,36.2,36.2,0.0,35.5,0.981,96.2,93.9,92.6,85.7,0,100.0,0,2.2,0,2.1,LOW,0.2,0.1
PRJ-3964,Irrigation,Rajasthan,703.34,32,77.6,71.8,5.8,75.4,1.05,81.2,72.9,84.3,74.8,29,85.7,1,2.1,0,4.3,MEDIUM,3.0,7.3
PRJ-3965,Metro,Odisha,7547.32,65,90.8,74.2,16.6,85.6,1.154,58.0,59.9,62.0,61.7,71,85.0,2,5.5,3,5.1,HIGH,6.7,15.3
PRJ-3966,Highway,Jammu & Kashmir,904.26,18,80.8,73.8,7.0,79.7,1.08,72.7,71.8,77.2,80.5,39,91.0,1,4.0,1,3.6,MEDIUM,2.1,7.4
PRJ-3967,Bridge,Uttarakhand,3383.5,49,64.5,36.5,28.0,49.2,1.348,47.1,46.9,51.6,45.2,144,55.7,8,8.9,4,9.0,CRITICAL,10.4,31.3
PRJ-3968,Airport,Odisha,2959.45,27,46.8,46.8,0.0,47.7,1.019,98.8,90.1,96.4,88.8,0,100.0,0,1.0,0,0.9,LOW,0.1,1.8
PRJ-3969,Urban Development,Kerala,265.62,23,40.2,29.3,10.9,33.2,1.133,72.4,79.0,82.8,70.1,28,71.9,0,4.1,0,4.5,MEDIUM,1.7,5.7
PRJ-3970,Highway,Uttar Pradesh,1487.57,54,54.1,54.1,0.0,55.3,1.022,98.7,93.5,89.7,92.4,5,99.0,1,1.1,0,0.7,LOW,0.5,1.4
PRJ-3971,Power Infrastructure,Kerala,1786.58,39,39.9,25.9,14.0,32.1,1.239,56.5,60.5,59.2,58.6,115,63.2,5,6.9,3,6.6,HIGH,6.6,8.7
PRJ-3972,Railway,Jammu & Kashmir,1374.02,49,77.4,72.6,4.8,75.4,1.039,73.2,82.3,74.5,74.7,26,95.2,1,3.9,1,3.0,MEDIUM,3.5,6.6
PRJ-3973,Railway,Karnataka,1326.33,24,36.5,33.5,3.0,34.7,1.036,82.8,75.0,77.1,79.0,42,94.5,0,2.9,0,3.4,MEDIUM,3.4,4.8
PRJ-3974,Urban Development,Madhya Pradesh,203.37,24,24.2,19.5,4.7,21.1,1.082,79.1,74.8,83.9,76.7,33,76.8,3,2.1,1,3.4,MEDIUM,2.0,6.7
PRJ-3975,Power Infrastructure,Uttarakhand,4244.14,28,32.0,26.1,5.9,28.1,1.077,74.2,73.7,85.4,83.2,22,81.6,3,3.9,1,2.9,MEDIUM,2.2,5.8
PRJ-3976,Railway,Uttarakhand,10948.66,37,91.7,81.2,10.5,86.4,1.064,59.3,68.8,69.7,63.0,68,89.1,0,7.7,2,6.6,HIGH,6.9,14.0
PRJ-3977,Railway,Rajasthan,2153.54,62,41.4,41.1,0.3,42.5,1.034,91.2,95.1,95.9,89.9,0,100.0,2,2.1,0,0.8,LOW,0.4,1.1
PRJ-3978,Power Infrastructure,Tamil Nadu,3313.91,37,83.3,80.6,2.7,86.3,1.071,88.5,86.8,93.3,86.3,0,94.4,0,0.7,0,1.3,LOW,0.0,0.0
PRJ-3979,Urban Development,Telangana,479.85,22,71.4,71.4,0.0,72.8,1.02,97.0,95.6,99.3,97.0,0,96.6,0,1.9,0,1.5,LOW,0.3,1.1
PRJ-3980,Highway,Andhra Pradesh,3341.47,39,22.2,2.0,20.2,5.0,2.5,35.6,41.7,46.7,40.0,144,15.0,7,6.1,4,8.2,CRITICAL,9.0,29.4
PRJ-3981,Urban Development,Maharashtra,488.28,27,68.4,49.7,18.7,58.4,1.175,66.0,62.9,63.5,67.8,108,69.8,4,7.0,3,5.9,HIGH,5.3,17.0
PRJ-3982,Power Infrastructure,Delhi NCR,1586.36,58,30.2,25.4,4.8,27.1,1.067,85.2,78.0,78.0,70.6,29,84.7,2,2.7,0,4.3,MEDIUM,1.9,6.5
PRJ-3983,Urban Development,Jammu & Kashmir,1367.72,32,71.6,71.6,0.0,69.2,0.966,97.5,91.7,94.7,93.9,2,100.0,0,2.1,0,1.5,LOW,0.2,0.2
PRJ-3984,Irrigation,Odisha,334.22,41,74.7,74.1,0.6,71.6,0.966,98.2,93.7,89.9,97.7,2,100.0,0,1.0,0,1.3,LOW,0.0,2.5
PRJ-3985,Irrigation,Telangana,528.04,48,50.8,25.4,25.4,33.1,1.303,50.8,46.6,46.8,48.7,149,50.5,4,5.1,5,7.6,CRITICAL,12.0,27.6
PRJ-3986,Airport,Bihar,1470.21,27,73.2,61.7,11.5,71.2,1.154,61.2,53.7,68.2,56.8,87,89.0,2,4.8,2,6.8,HIGH,6.7,12.3
PRJ-3987,Highway,Telangana,3494.52,29,27.5,20.2,7.3,23.1,1.144,76.6,70.3,82.9,75.1,21,71.5,2,2.3,1,4.1,MEDIUM,3.1,8.3
PRJ-3988,Airport,Uttar Pradesh,9008.41,62,22.2,13.3,8.9,15.3,1.15,81.4,74.1,75.0,71.0,53,61.8,4,2.9,0,2.6,MEDIUM,1.7,6.7
PRJ-3989,Power Infrastructure,Bihar,1854.53,48,49.7,48.2,1.5,48.2,1.0,72.1,77.9,86.8,70.5,42,100.0,0,2.8,0,3.2,MEDIUM,3.2,8.4
PRJ-3990,Highway,Telangana,4239.07,45,79.5,79.5,0.0,82.5,1.038,89.5,88.3,89.1,87.9,0,94.7,1,2.4,0,1.7,LOW,0.4,1.2
PRJ-3991,Highway,Telangana,3222.15,43,36.6,36.6,0.0,36.1,0.986,90.2,90.5,94.8,94.5,0,96.9,0,1.2,0,1.3,LOW,0.7,1.9
PRJ-3992,Power Infrastructure,Tamil Nadu,745.4,40,65.1,34.9,30.2,46.9,1.344,52.0,46.7,46.9,51.1,139,51.8,4,5.9,2,7.2,CRITICAL,13.5,25.8
PRJ-3993,Metro,Uttarakhand,2746.8,53,24.3,22.5,1.8,23.3,1.036,95.2,94.1,88.5,85.2,0,89.9,1,1.6,0,2.2,LOW,0.5,1.0
PRJ-3994,Railway,Madhya Pradesh,1216.21,63,61.4,44.9,16.5,54.7,1.218,71.0,62.8,67.9,57.7,78,72.8,4,3.2,2,7.2,HIGH,8.1,13.8
PRJ-3995,Airport,Karnataka,4829.85,46,65.3,60.9,4.4,64.4,1.057,83.6,70.6,81.1,79.4,42,91.3,3,3.2,1,4.0,MEDIUM,2.5,8.9
PRJ-3996,Airport,Madhya Pradesh,8575.94,52,40.6,35.9,4.7,38.6,1.075,81.8,76.6,80.0,71.2,28,92.7,3,1.9,1,3.9,MEDIUM,3.0,6.1
PRJ-3997,Airport,Maharashtra,2357.44,38,91.6,89.3,2.3,93.3,1.045,83.3,74.7,81.2,77.7,45,96.3,2,4.1,1,4.3,MEDIUM,3.0,6.5
PRJ-3998,Railway,Bihar,6047.35,71,26.2,2.0,24.2,5.0,2.5,49.7,50.9,53.6,37.9,149,15.0,4,5.6,2,7.4,CRITICAL,13.0,26.3
PRJ-3999,Metro,Delhi NCR,9062.89,36,83.4,81.0,2.4,85.1,1.051,80.0,79.7,80.8,78.3,33,97.2,0,3.6,1,4.2,MEDIUM,2.8,6.9
PRJ-4000,Irrigation,Bihar,239.63,24,68.2,66.6,1.6,68.7,1.032,75.9,71.6,75.8,77.5,34,100.0,1,2.8,0,4.1,MEDIUM,2.7,7.1
PRJ-4001,Airport,Rajasthan,2703.89,24,53.6,52.5,1.1,53.2,1.013,97.8,88.0,89.1,96.1,0,95.6,1,0.9,0,1.2,LOW,0.2,2.1
PRJ-4002,Power Infrastructure,Bihar,1147.64,24,58.1,58.1,0.0,56.9,0.979,93.5,96.1,98.1,90.7,0,100.0,0,0.6,0,1.5,LOW,0.0,0.5
PRJ-4003,Urban Development,Uttar Pradesh,586.25,33,72.3,62.5,9.8,72.4,1.158,58.3,55.4,68.4,58.5,73,83.6,6,3.5,3,6.7,HIGH,6.1,10.3
PRJ-4004,Irrigation,Tamil Nadu,1194.41,32,58.5,24.2,34.3,33.3,1.376,48.9,45.7,38.9,46.9,156,41.1,7,8.1,3,7.9,CRITICAL,14.1,26.9
PRJ-4005,Metro,Karnataka,2176.39,24,91.5,90.9,0.6,91.8,1.01,98.3,89.4,91.9,96.8,2,98.4,0,0.9,0,0.6,LOW,0.4,2.9
PRJ-4006,Power Infrastructure,Odisha,1083.46,33,39.5,14.1,25.4,19.0,1.348,36.4,45.0,45.4,42.7,175,39.0,6,7.4,3,7.3,CRITICAL,12.7,23.3
PRJ-4007,Water Supply,Rajasthan,438.43,14,23.9,20.6,3.3,20.7,1.005,79.1,74.2,84.6,72.4,44,87.3,1,2.2,1,3.2,MEDIUM,2.6,4.7
PRJ-4008,Power Infrastructure,Bihar,4717.1,46,32.9,23.6,9.3,25.9,1.097,74.5,82.2,81.8,77.0,30,67.1,1,2.5,0,3.8,MEDIUM,3.0,8.6
PRJ-4009,Bridge,Kerala,816.76,49,65.7,64.2,1.5,65.4,1.019,79.9,84.4,80.2,76.2,26,98.6,2,4.7,0,3.4,MEDIUM,2.2,8.3
PRJ-4010,Highway,Madhya Pradesh,2146.26,24,28.0,23.6,4.4,25.4,1.076,74.0,79.4,75.4,82.6,10,85.3,1,2.0,0,3.3,MEDIUM,3.0,5.8
PRJ-4011,Railway,Uttar Pradesh,2741.05,48,86.5,83.8,2.7,90.1,1.075,78.6,81.6,80.3,83.9,27,99.0,2,3.1,0,3.0,MEDIUM,1.8,6.7
PRJ-4012,Metro,Delhi NCR,1589.16,51,86.6,81.9,4.7,83.2,1.016,78.3,77.5,72.8,73.0,31,99.4,0,1.7,1,2.6,MEDIUM,2.3,5.7
PRJ-4013,Water Supply,Jammu & Kashmir,360.51,24,27.8,27.8,0.0,28.2,1.014,97.2,96.7,97.9,90.3,3,100.0,0,2.8,0,1.2,LOW,0.2,2.0
PRJ-4014,Airport,Jammu & Kashmir,3484.71,63,65.1,65.0,0.1,64.0,0.985,93.9,91.8,88.5,86.1,0,98.3,0,2.4,0,1.2,LOW,0.7,1.9
PRJ-4015,Urban Development,Rajasthan,985.94,32,90.2,80.5,9.7,94.4,1.173,62.6,54.3,63.1,61.3,84,84.6,2,4.1,1,5.5,HIGH,6.1,19.2
PRJ-4016,Water Supply,Assam,158.1,23,81.2,78.6,2.6,81.5,1.037,77.0,76.5,82.9,76.6,33,93.8,3,5.4,0,4.6,MEDIUM,1.5,7.1
PRJ-4017,Power Infrastructure,Madhya Pradesh,1057.85,32,45.8,38.4,7.4,39.8,1.036,78.0,80.6,78.2,76.9,38,83.4,1,2.2,0,3.7,MEDIUM,2.6,7.0
PRJ-4018,Metro,Uttarakhand,3201.11,25,51.2,37.8,13.4,43.7,1.156,55.1,60.7,54.1,64.8,82,75.5,1,6.7,1,6.5,HIGH,4.2,11.3
PRJ-4019,Water Supply,Maharashtra,962.29,27,60.4,56.6,3.8,57.1,1.009,85.0,76.7,81.8,77.4,32,96.8,1,1.6,0,4.4,MEDIUM,2.2,5.5
PRJ-4020,Airport,Delhi NCR,11621.95,56,46.3,21.8,24.5,28.2,1.294,52.7,43.4,53.3,38.2,194,46.3,7,5.1,5,8.6,CRITICAL,14.6,22.9
PRJ-4021,Water Supply,Andhra Pradesh,307.68,34,33.9,5.7,28.2,7.3,1.281,39.1,48.4,44.4,40.0,211,18.5,3,8.0,4,7.9,CRITICAL,16.1,18.9
PRJ-4022,Urban Development,Uttar Pradesh,415.43,29,45.6,38.8,6.8,40.6,1.046,80.1,80.1,78.2,78.9,18,84.1,0,3.3,0,3.9,MEDIUM,2.9,7.4
PRJ-4023,Railway,Himachal Pradesh,13519.75,53,29.0,14.1,14.9,15.9,1.128,63.5,60.2,67.7,55.5,68,47.8,3,7.4,1,5.4,HIGH,5.2,15.0
PRJ-4024,Irrigation,Odisha,1483.2,20,23.0,23.0,0.0,22.9,0.996,92.6,87.9,98.4,96.3,5,100.0,0,1.7,0,1.0,LOW,0.0,1.1
PRJ-4025,Airport,Andhra Pradesh,2999.72,33,75.1,57.4,17.7,67.2,1.171,69.6,67.3,59.5,66.3,62,75.2,6,4.6,2,5.4,HIGH,5.5,13.9
PRJ-4026,Airport,Madhya Pradesh,3476.78,55,31.1,29.9,1.2,31.1,1.04,94.6,86.1,94.0,94.5,2,89.0,0,2.1,0,1.3,LOW,0.2,1.5
PRJ-4027,Railway,Madhya Pradesh,3381.72,30,58.5,58.5,0.0,58.4,0.998,93.6,96.8,94.1,87.2,3,97.8,1,0.7,0,1.1,LOW,0.2,2.1
PRJ-4028,Water Supply,Delhi NCR,672.09,22,81.0,77.9,3.1,75.5,0.969,81.1,83.9,74.5,77.5,36,97.4,0,3.6,1,3.6,MEDIUM,2.0,6.0
PRJ-4029,Bridge,West Bengal,658.58,18,61.0,59.7,1.3,61.9,1.037,97.6,89.7,90.2,94.5,7,95.8,1,2.5,0,2.0,LOW,0.4,1.0
PRJ-4030,Urban Development,Andhra Pradesh,538.59,37,72.9,59.7,13.2,69.5,1.164,67.7,54.1,68.9,60.7,77,87.4,7,5.0,3,6.1,HIGH,6.5,12.6
PRJ-4031,Metro,Andhra Pradesh,3913.0,52,74.4,65.0,9.4,68.6,1.055,76.2,70.9,73.3,73.4,29,86.1,1,4.0,1,2.8,MEDIUM,2.2,8.1
PRJ-4032,Urban Development,Maharashtra,1073.9,25,78.5,62.5,16.0,77.3,1.237,58.1,57.9,58.9,66.1,91,79.7,5,3.4,3,6.6,HIGH,5.5,15.6
PRJ-4033,Highway,Tamil Nadu,1875.67,28,42.1,42.1,0.0,45.6,1.083,97.3,94.0,91.7,85.3,0,92.6,1,0.5,0,1.2,LOW,0.2,1.5
PRJ-4034,Highway,Odisha,884.44,35,90.6,85.5,5.1,88.6,1.036,83.6,70.1,76.2,78.7,36,100.0,1,3.1,1,4.7,MEDIUM,2.2,9.3
PRJ-4035,Railway,Uttarakhand,1670.17,44,31.4,31.4,0.0,31.8,1.013,97.4,93.9,95.2,96.7,8,100.0,0,3.5,0,0.6,LOW,0.1,0.5
PRJ-4036,Railway,Delhi NCR,6667.74,58,20.6,15.7,4.9,16.1,1.025,83.8,82.0,74.3,76.6,42,75.1,1,2.9,0,4.7,MEDIUM,2.5,5.9
PRJ-4037,Irrigation,Rajasthan,342.89,20,76.4,74.1,2.3,79.5,1.073,74.4,73.3,72.6,74.6,43,94.0,0,4.0,1,3.8,MEDIUM,1.4,8.2
PRJ-4038,Airport,Madhya Pradesh,6777.57,37,31.0,30.2,0.8,30.0,0.993,90.9,96.3,97.4,94.8,0,98.8,0,0.8,0,0.8,LOW,0.3,3.0
PRJ-4039,Bridge,Uttar Pradesh,2628.23,29,36.9,28.1,8.8,29.6,1.053,79.5,80.4,81.6,72.3,45,76.6,3,3.4,1,3.4,MEDIUM,2.7,8.4
PRJ-4040,Highway,Tamil Nadu,3460.52,26,77.5,58.1,19.4,66.0,1.136,53.0,49.1,37.5,36.2,201,71.5,1,7.9,4,8.7,CRITICAL,8.6,30.0
PRJ-4041,Highway,West Bengal,1854.02,35,83.4,81.9,1.5,83.9,1.024,78.5,75.0,74.7,81.6,23,100.0,2,3.9,0,3.4,MEDIUM,2.3,2.5
PRJ-4042,Railway,Gujarat,1913.77,82,23.8,19.9,3.9,20.5,1.03,85.7,84.7,80.7,77.5,29,84.0,0,3.0,0,4.6,MEDIUM,1.9,8.0
PRJ-4043,Railway,Karnataka,1395.9,50,31.6,30.7,0.9,29.5,0.961,96.7,91.8,97.8,98.0,4,97.8,0,1.9,0,2.1,LOW,0.2,1.0
PRJ-4044,Water Supply,Bihar,308.47,37,35.4,28.7,6.7,31.1,1.084,83.4,82.4,86.7,76.9,24,80.6,2,4.4,0,2.6,MEDIUM,2.3,7.0
PRJ-4045,Railway,Bihar,4698.42,48,67.0,61.9,5.1,65.7,1.061,84.7,72.9,85.4,73.1,29,89.2,3,2.1,1,2.9,MEDIUM,2.7,10.6
PRJ-4046,Airport,Telangana,1485.22,36,87.0,61.4,25.6,79.4,1.293,36.7,51.8,51.2,50.5,282,70.9,7,5.3,2,8.8,CRITICAL,10.9,26.3
PRJ-4047,Power Infrastructure,Tamil Nadu,504.54,21,37.5,34.1,3.4,36.7,1.076,76.5,83.7,73.3,73.5,24,87.3,3,3.8,1,3.2,MEDIUM,2.0,5.7
PRJ-4048,Power Infrastructure,Madhya Pradesh,1253.56,20,61.1,32.8,28.3,43.9,1.338,46.1,31.1,44.6,38.6,208,48.2,7,6.7,4,8.7,CRITICAL,12.4,30.1
PRJ-4049,Water Supply,Andhra Pradesh,679.85,13,87.7,87.0,0.7,84.2,0.968,92.7,98.3,94.4,95.8,2,100.0,1,1.9,0,0.6,LOW,0.0,0.7
PRJ-4050,Airport,Bihar,3656.96,61,39.0,22.6,16.4,26.8,1.186,65.7,61.7,65.6,59.1,89,57.8,4,5.4,2,7.0,HIGH,6.5,12.4
PRJ-4051,Railway,Madhya Pradesh,2881.4,49,32.6,28.3,4.3,29.8,1.053,80.5,73.5,80.9,72.0,23,89.0,1,4.3,1,2.8,MEDIUM,2.4,7.5
PRJ-4052,Highway,Assam,1711.25,29,39.0,30.7,8.3,34.4,1.121,61.0,57.8,54.7,66.6,62,75.3,3,4.5,2,5.6,HIGH,5.7,12.6
PRJ-4053,Water Supply,Andhra Pradesh,4815.67,33,52.9,50.8,2.1,52.0,1.024,81.5,71.9,72.2,73.5,29,100.0,3,1.6,1,2.8,MEDIUM,2.0,5.8
PRJ-4054,Highway,Madhya Pradesh,1799.84,36,44.2,35.9,8.3,41.2,1.148,85.1,82.4,73.5,81.9,29,81.8,2,2.4,1,4.3,MEDIUM,2.4,8.0
PRJ-4055,Airport,Bihar,1572.18,46,21.9,2.0,19.9,5.0,2.5,40.6,44.5,44.4,52.4,107,15.0,6,6.1,3,7.9,CRITICAL,6.5,29.9
PRJ-4056,Power Infrastructure,Tamil Nadu,1664.73,39,49.8,49.8,0.0,51.1,1.026,89.1,87.5,88.6,95.6,0,100.0,0,0.7,0,1.1,LOW,0.2,1.2
PRJ-4057,Power Infrastructure,West Bengal,453.7,34,58.5,56.2,2.3,58.1,1.034,74.6,71.7,77.0,80.4,53,96.0,2,3.2,1,3.8,MEDIUM,1.5,5.7
PRJ-4058,Water Supply,Bihar,304.24,14,29.9,29.9,0.0,29.8,0.997,98.1,89.4,92.7,93.5,1,97.3,1,1.6,0,1.0,LOW,0.0,1.5
PRJ-4059,Power Infrastructure,Gujarat,2842.9,52,42.8,26.3,16.5,31.1,1.183,68.1,64.5,58.1,66.8,73,63.6,3,4.4,1,5.3,HIGH,5.4,10.3
PRJ-4060,Metro,Himachal Pradesh,2034.11,51,50.0,36.5,13.5,40.5,1.11,68.7,66.7,57.2,59.7,81,75.6,3,5.9,1,6.4,HIGH,4.8,14.0
PRJ-4061,Water Supply,West Bengal,2324.99,25,87.9,61.1,26.8,80.2,1.313,53.3,34.7,46.1,32.8,158,73.2,3,9.2,2,8.1,CRITICAL,9.3,31.0
PRJ-4062,Railway,Delhi NCR,2004.07,53,53.7,53.7,0.0,55.2,1.028,92.7,86.3,94.7,94.0,4,99.7,0,1.0,0,1.4,LOW,0.4,1.5
PRJ-4063,Airport,Gujarat,2380.04,38,83.6,83.6,0.0,81.7,0.977,93.3,90.2,91.4,89.2,2,100.0,0,1.2,0,1.2,LOW,0.0,1.5
PRJ-4064,Highway,Tamil Nadu,2462.77,36,70.2,70.2,0.0,72.2,1.028,94.7,87.5,88.9,85.1,0,93.2,1,1.8,0,0.5,LOW,0.1,2.5
PRJ-4065,Railway,Madhya Pradesh,6834.57,40,57.5,54.6,2.9,58.7,1.075,73.0,84.8,82.6,76.0,48,91.1,3,3.7,0,3.7,MEDIUM,2.7,4.8
PRJ-4066,Power Infrastructure,Maharashtra,507.9,23,91.4,84.8,6.6,91.2,1.075,74.2,79.1,77.7,80.9,26,89.6,2,4.2,0,3.8,MEDIUM,2.6,8.8
PRJ-4067,Power Infrastructure,Karnataka,1253.74,31,90.3,70.2,20.1,79.1,1.127,68.9,55.6,61.8,55.2,86,75.4,1,5.0,2,5.1,HIGH,6.2,15.7
PRJ-4068,Highway,Uttar Pradesh,1398.2,41,42.8,36.7,6.1,40.3,1.098,79.1,73.2,80.0,77.9,23,86.3,1,2.9,1,3.1,MEDIUM,2.7,3.5
PRJ-4069,Water Supply,Madhya Pradesh,342.29,27,87.0,69.0,18.0,87.4,1.267,36.7,37.2,47.2,49.2,166,78.2,9,8.0,2,9.0,CRITICAL,10.1,25.6
PRJ-4070,Metro,Andhra Pradesh,1310.28,58,61.0,56.4,4.6,58.5,1.037,83.3,81.6,79.2,77.9,38,92.2,1,3.4,0,4.2,MEDIUM,3.8,5.6
PRJ-4071,Water Supply,Maharashtra,482.04,27,61.0,43.7,17.3,52.8,1.208,66.7,57.1,60.2,56.6,53,70.8,2,4.1,1,6.9,HIGH,5.2,13.4
PRJ-4072,Urban Development,Jammu & Kashmir,521.37,26,79.2,75.2,4.0,81.4,1.082,80.4,78.4,82.2,77.3,27,99.5,5,5.2,1,4.6,MEDIUM,2.7,6.0
PRJ-4073,Power Infrastructure,Odisha,3094.42,31,90.5,73.8,16.7,93.8,1.271,59.7,61.0,56.0,57.1,78,84.6,8,6.0,3,6.0,HIGH,5.7,16.2
PRJ-4074,Water Supply,Tamil Nadu,522.81,25,28.1,28.1,0.0,28.4,1.011,92.8,96.6,90.0,88.7,1,95.9,0,2.4,0,1.1,LOW,0.2,1.2
PRJ-4075,Urban Development,Rajasthan,369.85,27,29.8,26.0,3.8,26.4,1.015,75.1,82.0,85.9,76.4,25,88.7,0,1.9,0,2.8,MEDIUM,1.0,7.8
PRJ-4076,Highway,Assam,764.3,27,33.9,2.0,31.9,5.0,2.5,45.1,46.6,50.9,38.2,175,15.0,3,6.9,4,7.4,CRITICAL,11.8,26.1
PRJ-4077,Power Infrastructure,Gujarat,509.29,36,55.7,34.7,21.0,40.6,1.17,63.0,52.1,66.7,59.0,86,65.9,4,6.1,2,6.1,HIGH,5.6,15.8
PRJ-4078,Urban Development,Kerala,1041.46,20,79.8,64.4,15.4,80.7,1.253,68.5,56.5,64.9,62.3,80,79.4,7,7.5,2,5.8,HIGH,6.6,16.3
PRJ-4079,Irrigation,Telangana,205.23,21,59.6,58.4,1.2,60.4,1.034,95.1,97.0,97.0,95.6,0,100.0,1,2.5,0,2.1,LOW,0.3,0.7
PRJ-4080,Water Supply,Uttar Pradesh,256.89,15,84.0,63.2,20.8,75.5,1.195,56.7,55.1,63.4,62.9,58,79.5,2,5.5,2,6.9,HIGH,7.2,12.3
PRJ-4081,Railway,Kerala,5780.16,53,85.3,80.1,5.2,88.2,1.101,73.3,84.1,82.6,78.1,25,94.0,3,4.0,1,2.8,MEDIUM,2.5,7.3
PRJ-4082,Urban Development,Andhra Pradesh,2043.46,40,71.3,48.6,22.7,60.5,1.245,41.4,51.9,44.3,38.4,160,73.4,3,8.4,2,8.8,CRITICAL,11.6,29.2
PRJ-4083,Railway,Delhi NCR,2158.07,52,49.8,48.6,1.2,51.0,1.049,97.6,98.6,95.8,93.3,5,96.8,0,2.4,0,1.9,LOW,0.1,1.9
PRJ-4084,Airport,West Bengal,2963.02,29,77.4,51.3,26.1,67.0,1.306,49.5,39.9,52.9,50.7,165,67.0,4,5.2,5,9.3,CRITICAL,10.3,21.1
PRJ-4085,Metro,Himachal Pradesh,5824.02,64,48.6,42.7,5.9,45.3,1.061,72.9,75.6,85.3,81.1,37,84.2,1,4.9,0,2.6,MEDIUM,2.4,6.9
PRJ-4086,Highway,Assam,1803.83,34,43.8,28.2,15.6,31.5,1.117,60.5,66.0,66.7,63.2,80,59.6,1,8.4,3,6.1,HIGH,5.1,13.8
PRJ-4087,Bridge,Telangana,991.61,18,39.5,6.9,32.6,9.7,1.406,49.9,43.9,45.5,47.2,119,18.0,7,8.5,5,8.9,CRITICAL,10.2,30.4
PRJ-4088,Water Supply,Gujarat,2236.55,28,41.5,29.6,11.9,34.2,1.155,65.0,67.5,54.9,67.1,85,71.1,3,6.1,2,5.5,HIGH,4.9,14.3
PRJ-4089,Irrigation,Jammu & Kashmir,238.11,12,45.0,44.8,0.2,45.6,1.018,89.5,92.9,88.6,91.2,0,93.0,1,4.2,0,1.0,LOW,0.3,1.1
PRJ-4090,Railway,Delhi NCR,2390.94,55,65.8,65.8,0.0,65.0,0.988,90.1,89.4,91.5,92.2,1,100.0,1,2.2,0,0.7,LOW,0.2,0.9
PRJ-4091,Bridge,Karnataka,1003.89,26,21.4,21.4,0.0,20.7,0.967,95.2,88.1,99.9,92.1,0,96.4,1,0.5,0,1.2,LOW,0.2,0.0
PRJ-4092,Highway,West Bengal,942.59,39,75.1,40.8,34.3,53.2,1.304,37.9,50.4,51.4,32.8,129,54.4,3,5.6,4,9.0,CRITICAL,13.4,31.0
PRJ-4093,Highway,Rajasthan,5652.42,26,80.2,76.8,3.4,80.5,1.048,77.7,82.8,74.4,75.5,27,94.7,2,4.3,1,2.6,MEDIUM,2.2,7.8
PRJ-4094,Power Infrastructure,Assam,2408.88,27,86.9,84.5,2.4,82.6,0.978,75.9,74.3,81.4,83.3,31,97.4,0,4.0,0,4.1,MEDIUM,1.9,9.9
PRJ-4095,Railway,Himachal Pradesh,6536.49,41,78.6,72.0,6.6,79.2,1.1,75.2,79.4,73.5,76.8,52,91.8,4,4.6,0,2.5,MEDIUM,1.9,6.5
PRJ-4096,Airport,Jammu & Kashmir,2757.72,24,58.4,50.7,7.7,54.3,1.071,73.6,78.1,72.9,76.5,35,87.3,1,4.2,1,2.8,MEDIUM,2.1,4.0
PRJ-4097,Urban Development,Delhi NCR,255.08,23,29.4,29.4,0.0,30.2,1.027,93.9,90.9,90.5,91.2,3,98.8,0,0.4,0,0.8,LOW,0.0,2.9
PRJ-4098,Highway,Uttar Pradesh,1786.39,37,75.3,74.4,0.9,76.2,1.024,94.4,94.8,93.5,97.6,5,97.6,0,2.2,0,2.1,LOW,0.1,1.9
PRJ-4099,Irrigation,Uttar Pradesh,4274.37,25,31.9,21.6,10.3,24.7,1.144,58.1,60.2,69.6,63.9,78,64.3,4,4.3,1,7.2,HIGH,7.1,14.5
PRJ-4100,Irrigation,Uttar Pradesh,840.12,14,91.7,79.1,12.6,93.9,1.187,64.4,61.7,59.7,68.8,90,88.9,4,3.2,2,6.8,HIGH,6.5,14.7
PRJ-4101,Water Supply,Gujarat,1050.01,16,30.7,2.0,28.7,5.0,2.5,45.3,31.1,37.9,50.0,144,15.0,8,5.5,5,7.0,CRITICAL,10.9,30.3
PRJ-4102,Bridge,Uttarakhand,548.7,45,83.5,80.3,3.2,82.4,1.026,73.1,79.2,78.3,71.3,15,98.6,1,3.4,0,4.6,MEDIUM,2.7,6.5
PRJ-4103,Power Infrastructure,Himachal Pradesh,2111.32,37,33.2,25.1,8.1,27.5,1.096,85.9,77.4,78.3,74.2,29,76.3,1,3.1,0,3.2,MEDIUM,1.9,7.6
PRJ-4104,Metro,Rajasthan,3694.56,32,43.0,15.3,27.7,20.1,1.314,37.4,48.0,42.6,40.4,115,39.4,5,8.2,3,7.9,CRITICAL,9.8,21.9
PRJ-4105,Railway,Uttar Pradesh,1357.22,30,47.7,40.2,7.5,42.8,1.065,80.5,83.6,78.2,74.0,46,83.3,3,3.3,1,3.4,MEDIUM,3.6,7.7
PRJ-4106,Metro,Jammu & Kashmir,5691.65,70,58.3,54.2,4.1,58.8,1.085,77.4,78.5,77.6,70.1,32,94.2,2,4.6,1,3.5,MEDIUM,3.0,5.5
PRJ-4107,Highway,Jammu & Kashmir,513.04,46,70.0,42.2,27.8,53.5,1.268,42.4,47.3,39.7,35.5,179,60.4,4,9.1,2,8.7,CRITICAL,13.5,29.3
PRJ-4108,Highway,Rajasthan,647.22,33,70.2,70.2,0.0,69.6,0.991,92.8,88.8,96.6,94.3,3,99.5,0,0.3,0,1.3,LOW,0.6,1.3
PRJ-4109,Metro,Maharashtra,1582.32,65,23.8,23.5,0.3,25.2,1.072,97.6,86.1,92.9,96.5,0,100.0,1,2.0,0,2.0,LOW,0.0,0.6
PRJ-4110,Metro,Uttar Pradesh,2394.08,28,64.7,31.2,33.5,40.9,1.311,48.2,46.5,45.9,42.6,178,45.7,6,6.7,2,9.1,CRITICAL,12.2,32.3
PRJ-4111,Airport,Gujarat,2130.43,53,64.0,59.8,4.2,64.0,1.07,78.1,79.3,73.1,73.5,30,95.5,1,2.6,0,4.4,MEDIUM,1.6,5.8
PRJ-4112,Power Infrastructure,Bihar,3343.98,26,85.5,85.2,0.3,82.2,0.965,91.5,94.3,88.0,85.4,4,99.3,1,1.9,0,1.2,LOW,0.2,0.8
PRJ-4113,Railway,Gujarat,2968.25,40,78.5,70.5,8.0,82.1,1.165,63.7,53.6,61.7,59.6,88,95.7,7,4.7,2,6.3,HIGH,6.6,15.6
PRJ-4114,Railway,Jammu & Kashmir,2490.01,51,49.0,45.1,3.9,50.7,1.124,82.5,81.1,85.8,80.1,27,93.6,6,5.2,1,3.2,MEDIUM,3.6,8.3
PRJ-4115,Bridge,Tamil Nadu,1418.42,33,26.6,8.9,17.7,10.4,1.169,62.1,55.4,59.9,59.3,116,26.3,2,6.5,1,5.3,HIGH,6.8,15.9
PRJ-4116,Bridge,Odisha,1342.57,35,61.9,55.0,6.9,59.2,1.076,82.9,77.5,85.2,83.5,29,91.1,1,2.8,1,3.7,MEDIUM,1.7,9.4
PRJ-4117,Irrigation,Assam,1644.29,19,70.1,66.2,3.9,71.3,1.077,78.2,72.1,76.3,74.1,30,92.9,2,5.0,1,2.7,MEDIUM,1.8,5.5
PRJ-4118,Irrigation,Gujarat,150.74,34,40.0,35.3,4.7,37.2,1.054,78.8,79.5,72.7,71.1,33,92.0,2,1.9,1,2.9,MEDIUM,2.2,9.1
PRJ-4119,Urban Development,Karnataka,828.69,22,78.1,76.1,2.0,81.9,1.076,72.4,73.0,77.6,77.8,32,97.8,2,2.1,1,3.4,MEDIUM,2.1,6.6
PRJ-4120,Irrigation,West Bengal,193.89,26,90.3,89.1,1.2,94.9,1.065,94.7,87.9,92.3,91.0,3,98.2,0,1.7,0,1.9,LOW,0.2,0.4
PRJ-4121,Highway,Bihar,3009.86,38,62.7,53.8,8.9,62.2,1.156,73.9,83.1,86.5,74.9,24,89.4,2,2.8,0,3.3,MEDIUM,1.6,5.1
PRJ-4122,Irrigation,Tamil Nadu,454.28,20,24.7,24.7,0.0,23.2,0.939,91.1,93.0,94.0,96.1,4,99.3,0,1.7,0,1.1,LOW,0.3,1.3
PRJ-4123,Railway,Madhya Pradesh,1605.1,37,31.9,26.8,5.1,30.1,1.123,74.7,75.4,78.6,82.9,19,81.3,2,4.4,1,4.6,MEDIUM,2.3,5.5
PRJ-4124,Metro,Odisha,3262.39,34,78.1,73.6,4.5,79.2,1.076,74.9,80.7,84.0,81.0,24,94.6,1,4.1,0,4.7,MEDIUM,2.1,5.7
PRJ-4125,Metro,Kerala,4966.72,49,45.1,13.8,31.3,18.3,1.326,47.2,51.0,51.9,32.4,189,29.1,4,7.5,5,8.1,CRITICAL,11.7,30.5
PRJ-4126,Urban Development,Bihar,662.3,18,55.3,37.3,18.0,42.9,1.15,57.4,65.5,64.6,62.3,83,68.1,2,6.9,3,7.2,HIGH,6.6,10.8
PRJ-4127,Power Infrastructure,Rajasthan,3024.41,50,25.4,24.9,0.5,26.5,1.064,98.8,89.5,88.0,92.6,1,98.2,1,1.0,0,1.8,LOW,0.0,0.0
PRJ-4128,Highway,Karnataka,478.89,35,56.4,43.7,12.7,49.2,1.126,62.3,67.2,69.5,62.9,73,79.9,2,5.6,1,5.1,HIGH,4.8,17.4
PRJ-4129,Railway,Assam,2555.02,48,63.0,60.5,2.5,62.1,1.026,96.4,92.3,92.5,91.3,0,97.7,0,2.0,0,1.5,LOW,0.0,0.1
PRJ-4130,Metro,Maharashtra,1660.73,39,25.7,23.3,2.4,23.0,0.987,81.6,78.9,78.3,81.4,26,96.9,0,2.9,0,3.1,MEDIUM,2.7,6.1
PRJ-4131,Power Infrastructure,Tamil Nadu,2353.39,36,81.6,75.0,6.6,80.0,1.067,74.7,79.8,74.1,73.8,27,88.2,1,3.9,1,4.1,MEDIUM,1.4,6.1
PRJ-4132,Highway,Maharashtra,3593.42,40,55.2,38.4,16.8,46.2,1.203,69.1,52.5,55.9,66.1,100,72.1,2,3.3,3,6.6,HIGH,6.3,12.1
PRJ-4133,Metro,Tamil Nadu,1355.12,38,29.6,27.1,2.5,27.3,1.007,84.3,80.2,86.9,78.7,35,91.5,0,3.1,0,4.3,MEDIUM,2.2,5.5
PRJ-4134,Airport,Odisha,5237.37,33,21.7,20.2,1.5,20.5,1.015,97.7,89.5,95.0,89.9,2,93.9,1,0.2,0,1.8,LOW,0.2,0.3
PRJ-4135,Power Infrastructure,Karnataka,808.34,27,49.7,26.5,23.2,35.3,1.332,35.5,37.5,42.6,35.5,139,53.9,8,6.7,2,7.8,CRITICAL,13.2,29.1
PRJ-4136,Bridge,Karnataka,2710.16,53,24.1,20.5,3.6,22.6,1.102,78.7,77.3,83.7,72.8,35,84.9,1,2.1,1,3.2,MEDIUM,3.0,8.2
PRJ-4137,Airport,Uttarakhand,3363.54,80,43.0,43.0,0.0,43.3,1.007,95.5,90.2,88.0,93.6,0,100.0,0,2.7,0,0.9,LOW,0.1,0.0
PRJ-4138,Power Infrastructure,Odisha,4171.2,33,59.2,46.8,12.4,54.2,1.158,62.3,68.0,63.5,62.8,85,78.4,3,3.1,2,6.0,HIGH,5.5,14.3
PRJ-4139,Bridge,Bihar,3251.07,27,59.0,59.0,0.0,58.9,0.998,89.1,98.1,90.1,92.9,0,99.3,0,2.3,0,0.7,LOW,0.3,1.4
PRJ-4140,Highway,Bihar,725.33,56,40.5,40.5,0.0,41.3,1.02,95.9,91.9,92.5,94.0,2,93.6,0,0.6,0,1.5,LOW,0.1,1.6
PRJ-4141,Power Infrastructure,Tamil Nadu,711.7,32,35.4,33.6,1.8,35.6,1.06,92.1,98.7,89.6,91.3,1,93.6,2,1.6,0,1.0,LOW,0.0,0.8
PRJ-4142,Airport,Kerala,5027.17,24,77.1,64.9,12.2,72.1,1.111,69.3,58.3,57.1,63.0,46,92.2,1,4.7,1,6.2,HIGH,4.0,13.5
PRJ-4143,Water Supply,Maharashtra,960.09,15,83.2,71.8,11.4,80.7,1.124,64.9,53.3,54.9,65.0,61,89.4,4,4.7,2,6.2,HIGH,3.5,12.4
PRJ-4144,Urban Development,Rajasthan,835.94,20,30.4,30.4,0.0,30.4,1.0,91.0,93.7,88.2,91.9,1,100.0,1,2.4,0,2.1,LOW,0.3,0.6
PRJ-4145,Bridge,Gujarat,3865.99,51,43.3,38.4,4.9,43.0,1.12,82.6,82.0,76.1,79.0,27,85.1,1,2.7,0,3.5,MEDIUM,2.0,9.2
PRJ-4146,Urban Development,Gujarat,2508.05,33,25.8,25.8,0.0,25.8,1.0,88.7,95.1,94.1,88.1,4,100.0,0,1.2,0,1.3,LOW,0.2,1.3
PRJ-4147,Irrigation,Himachal Pradesh,3333.98,29,76.2,69.9,6.3,76.1,1.089,79.3,70.2,75.5,77.4,39,89.6,3,2.8,1,4.7,MEDIUM,1.6,5.6
PRJ-4148,Urban Development,Rajasthan,426.49,35,35.7,33.7,2.0,35.0,1.039,85.1,75.2,80.1,73.4,30,100.0,3,2.7,0,2.6,MEDIUM,3.4,5.9
PRJ-4149,Power Infrastructure,West Bengal,2163.13,18,73.6,73.5,0.1,72.5,0.986,98.5,96.6,90.5,91.8,1,100.0,0,1.1,0,1.4,LOW,0.0,0.7
PRJ-4150,Airport,Uttar Pradesh,3802.53,45,39.1,33.9,5.2,35.9,1.059,80.1,83.4,76.1,77.5,25,85.7,1,3.4,1,4.0,MEDIUM,2.3,4.9
PRJ-4151,Bridge,Gujarat,1485.64,25,67.7,61.8,5.9,64.7,1.047,77.2,74.1,78.5,70.0,57,91.8,0,3.3,0,3.1,MEDIUM,2.8,7.3
PRJ-4152,Metro,Jammu & Kashmir,1377.87,66,70.5,69.8,0.7,65.4,0.937,95.5,91.6,93.9,96.4,2,95.1,0,3.6,0,1.3,LOW,0.0,1.6
PRJ-4153,Power Infrastructure,Bihar,879.77,30,54.5,41.7,12.8,46.4,1.113,61.0,66.1,57.5,61.1,78,78.1,3,4.2,2,5.2,HIGH,6.4,15.4
PRJ-4154,Metro,Uttar Pradesh,2109.14,63,28.7,8.3,20.4,10.0,1.205,49.8,39.0,43.6,52.1,138,28.8,7,6.5,3,8.1,CRITICAL,9.7,21.6
PRJ-4155,Highway,Kerala,2157.97,50,27.0,24.4,2.6,25.3,1.037,88.7,89.2,90.3,86.4,0,86.9,1,2.8,0,0.8,LOW,0.1,1.3
PRJ-4156,Airport,West Bengal,4403.09,61,54.9,54.4,0.5,54.5,1.002,96.3,86.5,96.7,89.7,9,99.7,0,0.3,0,2.1,LOW,0.0,3.0
PRJ-4157,Water Supply,Madhya Pradesh,183.72,23,47.6,43.9,3.7,42.8,0.975,74.3,78.5,76.1,80.4,35,90.8,2,3.0,1,2.9,MEDIUM,3.4,6.9
PRJ-4158,Irrigation,Delhi NCR,268.91,31,82.6,79.7,2.9,88.7,1.113,73.2,80.1,85.6,71.8,36,98.9,4,2.1,1,3.3,MEDIUM,2.2,8.8
PRJ-4159,Highway,Gujarat,1293.16,52,88.6,55.0,33.6,73.0,1.327,43.8,50.2,35.4,35.0,156,55.3,2,6.2,3,7.7,CRITICAL,14.0,19.4
PRJ-4160,Highway,Himachal Pradesh,2105.93,28,88.2,82.2,6.0,85.0,1.034,75.3,82.7,81.9,83.6,38,90.5,1,5.5,1,2.8,MEDIUM,3.1,6.7
PRJ-4161,Metro,Bihar,13678.86,49,78.7,73.5,5.2,80.3,1.093,85.2,75.8,82.9,76.5,36,92.4,2,3.6,1,4.4,MEDIUM,2.0,6.6
PRJ-4162,Highway,Jammu & Kashmir,3777.91,33,47.1,47.1,0.0,44.8,0.951,94.9,92.1,88.1,86.9,0,100.0,0,2.9,0,1.4,LOW,0.2,1.6
PRJ-4163,Urban Development,Gujarat,225.48,29,51.5,23.4,28.1,30.9,1.321,52.9,35.8,49.4,41.4,177,43.5,6,5.5,3,7.8,CRITICAL,10.4,29.4
PRJ-4164,Railway,Rajasthan,2193.37,30,31.1,31.1,0.0,32.2,1.035,93.4,92.8,95.6,89.3,1,98.8,0,1.0,0,2.2,LOW,0.2,2.1
PRJ-4165,Power Infrastructure,Andhra Pradesh,1295.64,25,53.1,50.5,2.6,52.6,1.042,95.7,95.4,88.0,92.1,0,98.0,2,1.5,0,1.1,LOW,0.1,3.8
PRJ-4166,Water Supply,West Bengal,1506.31,26,31.8,21.7,10.1,24.0,1.106,68.3,66.0,57.3,67.2,75,67.2,4,3.2,2,5.7,HIGH,5.8,14.2
PRJ-4167,Irrigation,Rajasthan,1285.52,12,59.5,43.4,16.1,50.0,1.152,65.8,52.7,68.3,57.6,89,70.6,4,3.6,2,5.2,HIGH,3.7,10.4
PRJ-4168,Railway,Andhra Pradesh,7199.65,34,44.2,31.9,12.3,40.0,1.254,64.5,54.6,66.9,60.9,74,70.2,8,6.2,1,5.1,HIGH,3.3,18.6
PRJ-4169,Bridge,Gujarat,1696.66,23,82.4,51.4,31.0,68.9,1.34,37.0,36.4,37.5,34.4,106,62.1,6,8.3,2,7.2,CRITICAL,8.8,24.3
PRJ-4170,Bridge,Odisha,2531.52,62,83.8,83.8,0.0,86.0,1.026,97.0,88.1,99.9,94.5,8,100.0,0,0.9,0,1.5,LOW,0.3,2.1
PRJ-4171,Bridge,Assam,2099.98,32,82.3,82.3,0.0,84.3,1.024,94.2,97.3,97.3,89.7,2,95.8,0,2.9,0,1.9,LOW,0.2,2.3
PRJ-4172,Bridge,Tamil Nadu,2261.0,41,63.1,61.3,1.8,63.6,1.038,97.5,98.1,91.1,93.8,2,97.1,0,1.4,0,1.2,LOW,0.2,1.3
PRJ-4173,Power Infrastructure,Jammu & Kashmir,719.08,48,76.2,54.0,22.2,65.4,1.211,60.7,54.9,57.3,59.9,59,73.5,4,4.8,3,6.6,HIGH,6.0,13.8
PRJ-4174,Highway,Odisha,506.17,32,61.7,60.3,1.4,60.9,1.01,91.3,97.9,88.7,90.2,2,90.9,0,1.3,0,1.1,LOW,0.2,0.7
PRJ-4175,Metro,West Bengal,11370.77,43,88.6,86.5,2.1,87.3,1.009,95.8,87.0,95.4,97.4,0,97.0,0,2.5,0,1.8,LOW,0.1,2.0
PRJ-4176,Power Infrastructure,Bihar,956.71,21,32.5,2.0,30.5,5.0,2.5,47.1,52.0,45.5,37.2,171,15.0,2,6.2,4,9.4,CRITICAL,7.6,29.4
PRJ-4177,Water Supply,Kerala,5055.64,26,78.8,58.7,20.1,71.8,1.223,60.8,52.7,55.4,68.1,93,75.9,4,7.6,1,5.8,HIGH,5.8,11.9
PRJ-4178,Metro,Delhi NCR,8534.96,58,27.1,25.9,1.2,26.7,1.031,90.1,89.0,89.7,92.8,2,94.0,0,2.4,0,2.1,LOW,0.0,1.9
PRJ-4179,Bridge,Kerala,1899.3,39,21.6,14.3,7.3,16.5,1.154,75.4,75.5,77.8,82.1,28,62.9,3,3.5,0,4.1,MEDIUM,2.3,7.3
PRJ-4180,Airport,West Bengal,5205.01,59,51.1,48.2,2.9,50.2,1.041,75.5,77.2,80.6,84.0,29,94.9,2,3.4,1,4.6,MEDIUM,3.0,6.1
PRJ-4181,Irrigation,Karnataka,1143.34,28,78.7,78.3,0.4,78.8,1.006,95.3,86.2,94.2,94.3,0,99.8,0,1.3,0,1.2,LOW,0.3,0.8
PRJ-4182,Highway,Uttar Pradesh,1159.31,48,21.6,19.9,1.7,22.0,1.106,77.1,81.4,79.9,74.9,37,92.0,5,2.6,1,4.4,MEDIUM,3.5,7.4
PRJ-4183,Airport,Karnataka,2406.51,61,56.9,45.8,11.1,48.7,1.063,67.8,56.4,60.5,68.4,45,80.0,1,6.3,3,5.6,HIGH,4.5,16.5
PRJ-4184,Railway,Delhi NCR,3981.19,47,24.0,24.0,0.0,24.6,1.025,90.6,86.5,90.0,94.0,0,99.1,1,0.7,0,1.7,LOW,0.0,0.6
PRJ-4185,Power Infrastructure,Odisha,2107.7,34,66.0,63.7,2.3,66.2,1.039,76.5,75.5,79.5,75.2,21,93.2,1,2.4,1,4.1,MEDIUM,2.3,4.7
PRJ-4186,Metro,Andhra Pradesh,1808.18,50,39.6,34.1,5.5,37.7,1.106,78.1,72.5,75.2,80.6,24,88.9,2,3.1,1,3.4,MEDIUM,2.7,5.7
PRJ-4187,Bridge,Telangana,1350.97,18,41.2,22.0,19.2,25.9,1.177,62.8,59.7,56.9,65.6,60,45.9,3,5.5,1,5.7,HIGH,6.1,16.3
PRJ-4188,Metro,Bihar,3414.98,34,76.8,62.3,14.5,73.9,1.186,60.5,57.3,65.6,68.1,72,78.7,3,5.6,3,7.1,HIGH,5.7,11.9
PRJ-4189,Urban Development,Rajasthan,1388.33,29,68.6,68.6,0.0,66.6,0.971,93.5,87.3,91.2,90.6,2,99.0,0,2.3,0,1.2,LOW,0.3,1.5
PRJ-4190,Railway,Odisha,3113.38,56,46.0,45.6,0.4,47.5,1.042,95.6,93.7,96.8,89.4,4,100.0,2,0.3,0,0.8,LOW,0.3,1.4
PRJ-4191,Urban Development,Jammu & Kashmir,509.5,24,89.7,69.5,20.2,84.3,1.213,36.6,48.3,48.4,45.0,152,76.5,4,8.3,2,9.1,CRITICAL,12.9,31.6
PRJ-4192,Bridge,Jammu & Kashmir,2785.76,28,36.7,36.7,0.0,37.9,1.033,96.8,95.5,99.2,90.7,4,100.0,2,2.3,0,1.0,LOW,0.2,0.5
PRJ-4193,Power Infrastructure,Madhya Pradesh,4321.09,36,79.5,78.9,0.6,80.9,1.025,98.0,98.9,95.4,90.7,1,100.0,1,2.3,0,2.1,LOW,0.0,0.6
PRJ-4194,Highway,Odisha,1346.37,47,52.9,52.9,0.0,49.8,0.941,97.0,92.5,98.8,87.6,6,97.5,0,1.5,0,1.0,LOW,0.2,2.1
PRJ-4195,Bridge,Rajasthan,4168.09,26,32.0,24.6,7.4,26.2,1.065,84.6,79.2,85.0,71.7,35,71.0,0,4.0,1,3.2,MEDIUM,2.2,6.6
PRJ-4196,Irrigation,Odisha,1706.21,27,64.8,54.2,10.6,58.4,1.077,56.3,64.5,59.4,61.0,109,82.1,1,3.8,1,6.6,HIGH,5.0,13.0
PRJ-4197,Bridge,Karnataka,4276.72,43,74.4,49.8,24.6,59.3,1.191,59.5,67.8,69.4,55.1,66,65.8,1,5.0,2,5.5,HIGH,7.7,17.1
PRJ-4198,Highway,Odisha,4111.39,27,52.0,33.7,18.3,39.4,1.169,69.5,60.4,59.7,67.4,111,65.4,5,6.6,1,5.9,HIGH,5.3,11.7
PRJ-4199,Highway,Uttar Pradesh,2813.69,30,53.1,36.3,16.8,41.7,1.149,64.0,64.9,62.1,60.7,54,71.9,2,5.4,2,6.2,HIGH,5.4,10.9
PRJ-4200,Power Infrastructure,Uttarakhand,1810.59,63,59.3,58.6,0.7,58.2,0.993,90.4,96.6,99.6,94.9,0,96.7,1,3.0,0,2.2,LOW,0.5,1.0
PRJ-4201,Highway,Odisha,1418.87,47,27.2,2.0,25.2,5.0,2.5,52.4,51.7,37.0,36.7,191,15.0,8,9.0,5,9.1,CRITICAL,10.7,24.7
PRJ-4202,Urban Development,Assam,472.09,23,23.5,17.6,5.9,19.2,1.091,73.1,81.8,72.3,75.6,36,77.6,2,4.2,1,4.6,MEDIUM,2.2,8.1
PRJ-4203,Power Infrastructure,Gujarat,753.49,43,27.2,20.3,6.9,22.5,1.108,72.2,79.4,78.8,83.3,44,75.2,0,3.8,0,3.8,MEDIUM,2.1,8.6
PRJ-4204,Power Infrastructure,Jammu & Kashmir,726.58,23,42.4,42.4,0.0,43.9,1.035,93.4,93.6,95.5,96.1,0,98.4,1,2.7,0,1.1,LOW,0.0,0.2
PRJ-4205,Bridge,Tamil Nadu,2148.7,31,35.0,34.7,0.3,36.1,1.04,97.1,88.9,97.7,90.8,4,100.0,0,2.2,0,2.2,LOW,0.3,2.2
PRJ-4206,Urban Development,Maharashtra,907.78,34,37.8,35.7,2.1,35.2,0.986,72.6,78.7,80.3,78.8,35,91.7,1,2.1,0,4.5,MEDIUM,2.2,8.1
PRJ-4207,Water Supply,West Bengal,614.29,25,67.2,66.4,0.8,67.1,1.011,97.7,93.8,99.4,93.8,1,97.9,2,1.6,0,1.9,LOW,0.0,2.3
PRJ-4208,Metro,Kerala,6037.42,56,49.0,31.2,17.8,37.1,1.189,61.4,66.1,57.9,57.4,68,59.5,2,7.3,2,6.2,HIGH,6.2,16.5
PRJ-4209,Airport,Rajasthan,1403.56,47,39.3,38.9,0.4,40.5,1.041,93.4,97.1,90.5,88.2,0,97.3,1,1.0,0,0.5,LOW,0.6,1.4
PRJ-4210,Railway,Maharashtra,1989.31,62,64.7,59.1,5.6,62.0,1.049,78.0,73.1,80.5,82.3,28,94.0,0,4.4,0,4.6,MEDIUM,2.5,6.3
PRJ-4211,Power Infrastructure,Telangana,560.51,32,60.4,40.5,19.9,47.1,1.163,62.0,63.4,64.5,60.6,72,70.9,1,5.2,3,5.5,HIGH,5.1,16.7
PRJ-4212,Metro,Delhi NCR,2221.66,50,83.4,74.1,9.3,88.2,1.19,59.2,63.1,54.6,59.6,72,87.8,7,6.4,1,6.3,HIGH,7.1,17.7
PRJ-4213,Highway,Delhi NCR,1459.41,36,28.4,21.0,7.4,23.1,1.1,72.4,81.4,79.1,78.0,35,65.4,1,3.1,0,3.7,MEDIUM,2.4,9.3
PRJ-4214,Power Infrastructure,Karnataka,1098.21,40,45.8,18.6,27.2,25.1,1.349,39.8,35.2,54.7,46.3,158,35.1,6,8.1,2,7.8,CRITICAL,11.3,23.9
PRJ-4215,Water Supply,Bihar,390.16,18,52.3,48.3,4.0,50.3,1.041,85.2,72.8,78.3,78.5,37,86.8,2,3.2,0,4.2,MEDIUM,2.3,6.2
PRJ-4216,Irrigation,Delhi NCR,581.48,21,35.4,35.4,0.0,36.1,1.02,96.7,94.9,97.8,89.9,2,97.9,2,1.0,0,1.7,LOW,0.6,0.0
PRJ-4217,Highway,Tamil Nadu,648.23,37,42.7,39.7,3.0,41.7,1.05,74.7,70.6,77.7,74.3,22,96.2,0,3.5,0,3.3,MEDIUM,2.0,8.8
PRJ-4218,Water Supply,Andhra Pradesh,735.49,17,38.0,31.6,6.4,35.4,1.12,77.4,76.7,82.6,71.5,24,81.0,1,2.7,0,3.8,MEDIUM,3.8,9.5
PRJ-4219,Urban Development,Uttar Pradesh,267.63,32,64.7,63.5,1.2,63.8,1.005,89.6,95.8,88.2,90.2,0,99.5,0,0.2,0,1.1,LOW,0.3,2.4
PRJ-4220,Airport,Odisha,2889.94,56,60.0,47.9,12.1,55.6,1.161,67.4,57.4,64.7,68.2,78,81.1,3,6.7,2,5.3,HIGH,6.8,11.9
PRJ-4221,Airport,Himachal Pradesh,2038.46,44,27.4,12.1,15.3,15.1,1.248,69.6,59.4,55.9,64.9,54,45.4,5,8.1,2,6.9,HIGH,7.0,14.0
PRJ-4222,Bridge,Tamil Nadu,1804.99,34,73.7,59.2,14.5,70.1,1.184,61.7,68.1,60.3,66.7,73,83.8,5,4.1,1,6.1,HIGH,6.3,10.5
PRJ-4223,Irrigation,Uttar Pradesh,184.49,12,50.3,50.3,0.0,51.4,1.022,98.6,89.4,99.3,95.0,2,100.0,1,0.7,0,0.6,LOW,0.3,0.8
PRJ-4224,Urban Development,Kerala,564.94,22,67.3,63.4,3.9,65.7,1.036,82.0,81.2,84.4,80.9,48,100.0,1,4.9,0,4.6,MEDIUM,2.4,5.2
PRJ-4225,Highway,Gujarat,596.56,42,53.0,40.6,12.4,47.3,1.165,57.3,60.0,63.0,66.5,75,76.2,6,5.5,3,6.2,HIGH,6.1,16.7
PRJ-4226,Water Supply,Kerala,372.45,24,59.0,59.0,0.0,58.5,0.992,98.8,93.1,96.4,90.0,1,100.0,0,2.7,0,1.9,LOW,0.3,2.9
PRJ-4227,Power Infrastructure,Uttar Pradesh,506.94,38,81.0,67.9,13.1,80.3,1.183,59.9,59.0,64.1,57.3,73,77.8,3,4.6,2,6.8,HIGH,3.8,10.3
PRJ-4228,Irrigation,Kerala,245.4,19,22.1,22.1,0.0,21.7,0.982,88.8,93.4,96.1,89.7,0,100.0,1,3.6,0,2.0,LOW,0.2,0.8
PRJ-4229,Metro,Himachal Pradesh,1580.25,55,65.5,43.9,21.6,56.9,1.296,42.3,37.5,51.8,52.6,162,70.3,6,8.6,3,8.7,CRITICAL,11.3,29.7
PRJ-4230,Railway,Himachal Pradesh,11078.45,60,65.7,65.7,0.0,67.2,1.023,94.2,86.8,90.0,86.6,2,95.6,1,4.0,0,0.9,LOW,0.2,2.8
PRJ-4231,Bridge,Karnataka,644.12,33,70.1,69.2,0.9,69.0,0.997,90.1,92.3,92.5,94.5,1,100.0,0,0.8,0,1.4,LOW,0.0,2.1
PRJ-4232,Irrigation,Rajasthan,431.51,22,86.1,86.1,0.0,84.5,0.981,96.3,86.6,93.1,87.0,1,100.0,1,2.2,0,1.0,LOW,0.0,0.2
PRJ-4233,Urban Development,Gujarat,505.18,22,58.1,41.0,17.1,49.6,1.21,56.1,64.5,61.9,61.3,78,65.0,3,4.3,2,6.1,HIGH,5.0,15.9
PRJ-4234,Power Infrastructure,West Bengal,1748.38,19,63.5,35.6,27.9,47.7,1.34,35.3,33.2,40.4,47.9,164,56.0,7,6.9,4,7.2,CRITICAL,10.5,30.0
PRJ-4235,Bridge,Andhra Pradesh,2063.19,48,84.0,56.8,27.2,74.2,1.306,46.3,48.1,45.9,32.6,156,58.0,5,9.2,2,8.6,CRITICAL,15.1,25.0
PRJ-4236,Irrigation,Madhya Pradesh,1347.27,17,33.9,30.2,3.7,32.6,1.079,83.7,75.1,74.3,82.6,36,87.0,2,2.6,1,2.7,MEDIUM,4.2,6.0
PRJ-4237,Urban Development,Odisha,2178.44,24,46.4,13.3,33.1,18.5,1.391,50.2,46.7,46.2,52.4,176,26.8,5,6.5,2,7.3,CRITICAL,11.8,16.3
PRJ-4238,Airport,Uttar Pradesh,6314.05,75,26.4,22.7,3.7,23.4,1.031,74.5,76.1,72.4,70.6,28,83.3,0,2.2,1,3.2,MEDIUM,2.8,6.6
PRJ-4239,Railway,Kerala,1200.53,45,85.8,83.8,2.0,82.2,0.981,93.3,96.5,97.6,91.6,0,99.4,1,2.5,0,2.0,LOW,0.6,2.5
PRJ-4240,Irrigation,Delhi NCR,1607.32,21,21.9,20.5,1.4,20.6,1.005,95.3,92.8,100.0,87.9,0,90.9,0,2.2,0,1.4,LOW,0.3,1.0
PRJ-4241,Power Infrastructure,Uttarakhand,1713.67,24,87.7,87.5,0.2,87.0,0.994,91.0,86.6,90.3,90.1,0,96.1,0,3.0,0,0.7,LOW,0.3,0.6
PRJ-4242,Urban Development,Gujarat,296.58,20,25.6,23.2,2.4,22.4,0.966,72.7,72.9,74.5,74.6,27,94.4,0,3.8,1,4.1,MEDIUM,2.5,8.0
PRJ-4243,Power Infrastructure,Himachal Pradesh,668.88,36,71.7,60.7,11.0,70.3,1.158,69.7,60.7,61.7,62.7,88,81.6,3,6.3,2,6.9,HIGH,5.7,11.3
PRJ-4244,Urban Development,Telangana,1250.44,41,39.9,39.9,0.0,41.7,1.045,94.1,89.2,96.5,92.8,2,96.0,0,1.5,0,0.6,LOW,0.2,1.2
PRJ-4245,Power Infrastructure,Kerala,782.98,30,51.9,47.9,4.0,49.6,1.035,73.3,77.4,79.2,80.6,31,91.9,1,4.6,0,3.3,MEDIUM,2.6,8.1
PRJ-4246,Railway,West Bengal,2406.6,33,70.1,67.3,2.8,65.9,0.979,73.2,78.6,77.9,74.0,28,96.5,0,4.1,0,4.0,MEDIUM,2.2,7.2
PRJ-4247,Power Infrastructure,Tamil Nadu,2747.47,35,45.2,44.7,0.5,46.0,1.029,90.0,87.2,93.9,85.6,6,94.4,1,2.4,0,1.3,LOW,0.0,1.7
PRJ-4248,Railway,Assam,6396.46,48,26.7,13.1,13.6,14.7,1.122,65.5,64.6,69.7,68.8,96,46.7,4,6.3,1,5.7,HIGH,5.7,14.5
PRJ-4249,Metro,Telangana,1556.53,34,52.7,52.7,0.0,51.9,0.985,94.4,97.1,89.2,95.1,1,94.9,0,1.6,0,1.3,LOW,0.3,0.4
PRJ-4250,Railway,Gujarat,1319.41,87,70.2,68.4,1.8,70.9,1.037,75.7,71.8,78.3,81.5,22,95.8,1,3.2,0,2.7,MEDIUM,3.0,7.1
PRJ-4251,Metro,Madhya Pradesh,4930.46,35,29.5,24.9,4.6,26.4,1.06,83.8,75.4,86.5,81.2,45,79.1,0,3.4,0,3.0,MEDIUM,2.0,8.3
PRJ-4252,Railway,Karnataka,9397.72,55,37.2,36.4,0.8,37.0,1.016,94.0,87.3,92.0,85.7,0,94.6,2,2.2,0,1.5,LOW,0.0,1.4
PRJ-4253,Power Infrastructure,Karnataka,822.66,18,60.8,41.8,19.0,51.4,1.23,57.2,65.2,55.1,59.3,45,68.5,3,4.5,2,5.9,HIGH,5.1,10.8
PRJ-4254,Bridge,Uttarakhand,1379.88,23,29.4,2.0,27.4,5.0,2.5,40.0,45.0,53.3,47.9,190,15.0,3,7.8,4,8.8,CRITICAL,11.9,25.3
PRJ-4255,Highway,Telangana,3294.05,30,37.3,28.3,9.0,33.2,1.173,62.1,66.4,66.7,68.6,74,78.1,4,4.8,1,5.5,HIGH,5.1,17.0
PRJ-4256,Water Supply,Himachal Pradesh,680.56,37,86.8,81.4,5.4,90.1,1.107,77.9,73.4,72.0,78.6,18,87.7,3,6.1,0,2.5,MEDIUM,1.6,4.7
PRJ-4257,Metro,Jammu & Kashmir,1747.67,24,26.6,26.6,0.0,27.7,1.041,90.8,89.1,95.4,91.8,2,98.7,0,3.4,0,1.3,LOW,0.0,0.8
PRJ-4258,Irrigation,Odisha,433.67,23,43.3,29.4,13.9,36.4,1.238,63.0,67.2,55.7,65.5,86,71.2,6,6.0,3,6.0,HIGH,7.9,14.8
PRJ-4259,Power Infrastructure,Maharashtra,1346.13,31,67.1,59.4,7.7,68.6,1.155,78.2,83.5,86.9,82.2,42,88.7,3,2.0,0,3.0,MEDIUM,1.7,3.1
PRJ-4260,Airport,West Bengal,1801.53,41,58.1,50.5,7.6,54.0,1.069,73.6,83.7,83.1,78.3,39,90.0,0,1.9,1,4.7,MEDIUM,2.0,7.2
PRJ-4261,Railway,Maharashtra,3378.9,70,29.8,29.8,0.0,30.5,1.023,91.2,95.2,89.0,88.2,1,100.0,0,2.2,0,1.2,LOW,0.3,1.7
PRJ-4262,Bridge,Uttarakhand,3926.89,31,25.8,6.4,19.4,7.6,1.187,70.2,53.9,65.8,63.7,77,26.0,3,5.1,2,5.6,HIGH,5.7,16.1
PRJ-4263,Irrigation,Odisha,165.14,34,38.8,11.8,27.0,16.2,1.373,36.5,40.5,37.1,32.2,111,25.5,8,6.0,5,8.3,CRITICAL,8.5,19.8
PRJ-4264,Irrigation,Andhra Pradesh,546.96,21,22.5,16.9,5.6,19.7,1.166,73.4,83.1,82.4,72.7,33,78.0,2,2.6,0,3.0,MEDIUM,2.2,6.9
PRJ-4265,Power Infrastructure,Uttarakhand,1057.21,36,48.2,40.2,8.0,44.3,1.102,58.4,59.6,57.7,63.3,45,76.7,3,7.3,3,6.4,HIGH,6.5,14.7
PRJ-4266,Urban Development,Delhi NCR,785.61,34,26.8,23.5,3.3,24.9,1.06,78.1,81.6,78.1,78.8,26,86.2,4,2.9,0,4.4,MEDIUM,2.3,7.0
PRJ-4267,Power Infrastructure,Telangana,692.15,39,34.5,33.0,1.5,32.4,0.982,84.4,72.2,74.2,78.2,10,98.7,2,4.0,1,2.8,MEDIUM,2.9,5.8
PRJ-4268,Metro,Telangana,1954.14,59,61.2,57.2,4.0,61.5,1.075,78.1,74.2,72.6,73.4,27,90.3,3,3.9,0,4.1,MEDIUM,3.0,6.7
PRJ-4269,Metro,Madhya Pradesh,2581.83,68,38.2,9.5,28.7,13.0,1.368,42.2,32.1,43.1,40.1,182,23.2,11,5.7,5,7.9,CRITICAL,14.8,28.5
PRJ-4270,Bridge,Jammu & Kashmir,1695.2,34,37.8,36.3,1.5,37.2,1.025,76.7,78.5,82.1,81.5,29,95.8,1,4.2,0,3.3,MEDIUM,2.4,7.5
PRJ-4271,Irrigation,Telangana,336.42,26,57.5,32.6,24.9,43.9,1.347,58.4,54.7,68.9,67.8,101,55.6,5,4.0,3,6.2,HIGH,7.8,11.6
PRJ-4272,Highway,Karnataka,867.46,31,71.4,71.4,0.0,70.4,0.986,98.0,91.9,97.1,93.8,0,100.0,1,1.7,0,0.8,LOW,0.2,2.2
PRJ-4273,Irrigation,Telangana,159.13,32,55.9,51.7,4.2,52.1,1.008,76.1,72.0,74.5,71.0,21,93.2,0,2.5,1,4.0,MEDIUM,2.1,6.9
PRJ-4274,Power Infrastructure,Bihar,3258.66,23,37.9,33.3,4.6,34.3,1.03,74.9,76.2,85.9,77.3,28,93.4,1,2.9,0,4.2,MEDIUM,3.2,3.8
PRJ-4275,Metro,Himachal Pradesh,2004.55,32,22.1,16.8,5.3,17.8,1.06,72.5,77.1,82.3,83.3,37,68.3,1,3.3,0,4.7,MEDIUM,2.2,5.1
PRJ-4276,Airport,Bihar,23217.62,43,45.7,40.5,5.2,42.3,1.044,84.2,75.1,76.5,81.8,10,89.1,1,3.4,0,2.9,MEDIUM,2.3,7.2
PRJ-4277,Metro,Karnataka,5312.33,37,86.4,78.9,7.5,80.3,1.018,74.8,78.1,87.0,74.9,36,91.5,2,3.7,0,3.5,MEDIUM,2.9,7.0
PRJ-4278,Metro,Rajasthan,11161.24,48,30.7,30.7,0.0,31.4,1.023,90.8,91.8,96.8,93.5,3,100.0,0,1.4,0,1.0,LOW,0.0,1.5
PRJ-4279,Railway,Uttar Pradesh,4321.73,27,73.2,52.0,21.2,63.8,1.227,66.7,60.8,58.2,65.2,102,72.1,2,5.1,1,5.1,HIGH,6.6,12.2
PRJ-4280,Irrigation,Karnataka,498.25,43,46.5,46.4,0.1,44.3,0.955,94.1,93.9,93.0,88.8,0,99.1,0,1.1,0,0.6,LOW,0.0,0.6
PRJ-4281,Power Infrastructure,Madhya Pradesh,1286.27,49,90.5,86.2,4.3,84.2,0.977,79.7,75.6,81.9,80.4,44,96.3,2,4.1,1,4.1,MEDIUM,1.7,4.3
PRJ-4282,Irrigation,Bihar,1095.19,22,84.9,84.0,0.9,87.1,1.037,89.0,97.4,97.0,92.5,7,97.0,1,0.8,0,2.0,LOW,0.2,0.2
PRJ-4283,Bridge,Himachal Pradesh,2594.81,58,25.2,18.6,6.6,20.6,1.108,74.5,77.5,82.4,77.7,40,70.6,0,4.8,0,2.5,MEDIUM,1.9,7.7
PRJ-4284,Highway,Andhra Pradesh,531.6,32,90.9,85.5,5.4,87.2,1.02,84.6,82.9,72.6,74.9,32,97.2,2,3.9,0,4.3,MEDIUM,1.6,5.7
PRJ-4285,Irrigation,Karnataka,169.48,37,92.0,86.1,5.9,91.7,1.065,74.3,72.1,80.4,71.3,43,93.1,1,1.6,1,3.9,MEDIUM,1.9,6.6
PRJ-4286,Irrigation,Delhi NCR,912.32,27,20.0,6.7,13.3,7.4,1.104,57.9,68.8,55.4,56.8,86,36.4,3,6.0,3,6.8,HIGH,4.8,11.3
PRJ-4287,Urban Development,Bihar,4189.02,36,91.5,91.5,0.0,90.1,0.985,93.9,90.0,98.3,93.2,0,100.0,0,1.0,0,1.0,LOW,0.0,0.8
PRJ-4288,Urban Development,Telangana,304.67,41,47.7,42.7,5.0,46.0,1.077,82.7,70.7,76.7,71.9,30,89.9,2,4.0,0,2.9,MEDIUM,2.4,6.0
PRJ-4289,Railway,Maharashtra,12667.86,69,66.5,52.1,14.4,64.0,1.228,64.5,53.6,66.4,59.7,83,74.9,6,6.2,2,5.8,HIGH,7.9,13.2
PRJ-4290,Water Supply,Jammu & Kashmir,1742.47,34,35.9,26.5,9.4,27.1,1.023,84.3,82.6,83.8,72.7,28,72.2,0,3.9,1,3.6,MEDIUM,2.7,7.4
PRJ-4291,Metro,Delhi NCR,3271.28,53,81.6,81.6,0.0,81.9,1.004,92.9,98.5,97.5,90.6,0,100.0,0,2.1,0,1.7,LOW,0.3,2.1
PRJ-4292,Irrigation,Karnataka,230.35,28,70.2,37.7,32.5,52.0,1.379,37.4,36.3,38.4,36.6,125,46.4,6,6.1,3,8.3,CRITICAL,7.8,26.9
PRJ-4293,Highway,Himachal Pradesh,1210.35,47,69.7,68.2,1.5,71.5,1.048,77.1,79.7,73.8,82.3,31,96.8,1,4.2,1,3.3,MEDIUM,1.5,7.3
PRJ-4294,Urban Development,Andhra Pradesh,1112.46,30,90.3,83.7,6.6,94.4,1.128,75.7,74.7,75.0,76.0,15,91.3,3,3.6,1,4.0,MEDIUM,2.7,7.7
PRJ-4295,Airport,Jammu & Kashmir,2799.52,74,32.4,21.1,11.3,22.4,1.062,56.6,52.4,56.3,68.1,86,69.8,2,7.0,3,6.0,HIGH,4.6,12.4
PRJ-4296,Airport,Karnataka,2512.96,31,26.5,22.6,3.9,25.5,1.128,77.1,82.1,82.8,83.9,25,83.0,2,3.2,1,3.9,MEDIUM,2.9,7.1
PRJ-4297,Power Infrastructure,Andhra Pradesh,581.85,47,52.4,51.6,0.8,53.0,1.027,94.1,92.4,97.8,92.8,4,98.5,1,0.6,0,2.0,LOW,0.0,0.7
PRJ-4298,Railway,Jammu & Kashmir,2419.88,38,40.9,17.0,23.9,22.6,1.329,44.4,42.3,52.4,40.3,152,37.9,6,6.1,4,9.1,CRITICAL,10.4,24.0
PRJ-4299,Highway,Karnataka,1236.63,41,41.8,17.8,24.0,21.8,1.225,42.3,30.4,54.8,46.4,90,43.3,3,6.1,5,8.0,CRITICAL,12.2,22.9
PRJ-4300,Urban Development,Gujarat,212.16,23,73.8,55.8,18.0,71.6,1.283,51.9,37.5,39.5,47.7,125,71.7,8,7.9,4,7.3,CRITICAL,10.7,17.8
PRJ-4301,Airport,Maharashtra,3649.48,60,61.4,60.8,0.6,63.1,1.038,94.9,86.4,89.1,90.1,0,97.3,1,2.4,0,0.7,LOW,0.1,0.2
PRJ-4302,Water Supply,Rajasthan,811.38,31,35.0,18.1,16.9,21.3,1.177,66.1,58.8,66.0,57.9,53,51.1,5,4.7,2,5.0,HIGH,3.5,17.9
PRJ-4303,Power Infrastructure,Kerala,603.41,48,83.4,50.7,32.7,70.4,1.389,46.9,45.9,38.4,38.5,240,61.3,5,7.4,4,9.4,CRITICAL,11.8,28.1
PRJ-4304,Railway,Andhra Pradesh,2152.12,47,67.4,44.8,22.6,59.2,1.321,63.3,66.6,54.4,57.2,80,67.4,6,6.4,3,6.2,HIGH,4.4,19.1
PRJ-4305,Highway,West Bengal,1308.27,26,67.0,55.4,11.6,63.2,1.141,59.0,64.2,54.1,58.8,80,82.4,5,6.3,2,6.4,HIGH,5.6,11.4
PRJ-4306,Urban Development,Rajasthan,189.45,37,37.1,37.1,0.0,36.5,0.984,89.4,87.8,95.1,94.3,0,100.0,0,2.4,0,1.7,LOW,0.5,1.4
PRJ-4307,Airport,West Bengal,5340.87,46,74.8,56.8,18.0,70.6,1.243,46.7,51.3,50.7,33.6,191,74.6,4,5.0,4,9.1,CRITICAL,12.4,25.5
PRJ-4308,Highway,Tamil Nadu,1068.18,47,70.2,62.0,8.2,66.3,1.069,80.8,83.5,84.3,78.3,47,94.6,1,1.9,0,4.2,MEDIUM,4.1,7.7
PRJ-4309,Urban Development,Delhi NCR,1822.85,18,89.0,60.6,28.4,79.7,1.315,36.0,49.7,48.9,49.8,177,65.8,3,8.1,5,7.4,CRITICAL,14.1,26.4
PRJ-4310,Railway,Uttarakhand,1200.61,24,39.8,22.2,17.6,26.6,1.198,62.4,60.6,64.6,68.0,60,53.9,6,6.4,3,6.0,HIGH,5.0,13.1
PRJ-4311,Water Supply,West Bengal,412.38,23,72.9,44.3,28.6,56.9,1.284,50.8,36.4,38.4,35.5,159,54.1,5,7.4,2,8.2,CRITICAL,10.1,33.1
PRJ-4312,Power Infrastructure,Andhra Pradesh,1160.19,26,50.6,45.0,5.6,49.9,1.109,76.1,74.4,86.6,71.3,26,87.3,1,2.7,1,3.6,MEDIUM,1.8,5.5
PRJ-4313,Urban Development,Uttar Pradesh,344.65,35,76.4,58.9,17.5,73.7,1.251,66.4,65.8,64.3,68.0,70,80.0,5,5.1,3,5.1,HIGH,4.6,13.1
PRJ-4314,Irrigation,Assam,3381.12,19,71.5,63.5,8.0,67.2,1.058,62.9,55.3,57.6,56.9,47,92.2,2,7.3,2,5.3,HIGH,6.6,19.7
PRJ-4315,Metro,Odisha,3644.19,54,22.6,21.0,1.6,23.1,1.1,78.4,81.0,74.3,79.6,37,96.6,2,4.5,1,3.7,MEDIUM,3.4,8.5
PRJ-4316,Irrigation,Assam,1122.6,31,59.8,58.9,0.9,58.8,0.998,91.0,86.5,97.1,92.0,3,98.8,0,3.6,0,1.9,LOW,0.1,2.2
PRJ-4317,Irrigation,Maharashtra,157.73,32,47.3,14.8,32.5,20.8,1.405,38.9,41.7,52.6,34.8,138,30.4,10,5.6,3,8.6,CRITICAL,12.7,28.9
PRJ-4318,Airport,Kerala,1322.86,33,68.1,43.7,24.4,55.8,1.277,39.5,49.9,52.7,40.2,162,69.7,3,8.8,3,9.0,CRITICAL,8.6,30.3
PRJ-4319,Irrigation,Telangana,421.79,25,25.7,2.0,23.7,5.0,2.5,37.1,37.8,49.3,37.1,237,15.0,2,6.5,3,9.0,CRITICAL,13.0,31.2
PRJ-4320,Power Infrastructure,Himachal Pradesh,870.7,28,84.4,79.4,5.0,84.2,1.06,76.2,81.2,73.9,72.0,33,93.4,1,4.4,0,3.7,MEDIUM,1.9,5.3
PRJ-4321,Railway,West Bengal,1609.99,54,66.2,60.8,5.4,68.1,1.12,80.3,80.7,83.9,77.0,29,90.3,4,3.6,0,4.0,MEDIUM,3.1,7.7
PRJ-4322,Power Infrastructure,Odisha,3083.52,46,47.5,17.1,30.4,24.3,1.421,40.9,34.1,42.9,38.4,102,35.0,7,5.5,5,8.8,CRITICAL,10.2,37.5
PRJ-4323,Power Infrastructure,Telangana,1432.57,43,39.9,22.0,17.9,25.5,1.159,57.7,52.5,60.4,66.9,82,50.5,2,4.0,1,5.9,HIGH,5.5,18.0
PRJ-4324,Metro,Odisha,4657.58,48,43.5,34.2,9.3,40.2,1.175,62.9,61.2,67.4,67.0,109,77.4,5,3.5,3,6.2,HIGH,6.5,15.1
PRJ-4325,Water Supply,Karnataka,1346.83,23,71.3,70.3,1.0,71.2,1.013,93.6,97.0,93.4,93.4,0,97.1,2,1.2,0,1.3,LOW,0.3,1.8
PRJ-4326,Railway,Karnataka,11372.58,51,63.9,62.0,1.9,64.8,1.045,82.5,75.2,77.6,78.5,35,94.0,3,3.4,1,2.6,MEDIUM,2.9,6.7
PRJ-4327,Bridge,Telangana,1995.43,24,24.4,2.0,22.4,5.0,2.5,50.1,30.4,53.7,45.5,134,15.0,7,5.3,5,9.2,CRITICAL,10.6,27.3
PRJ-4328,Power Infrastructure,Uttarakhand,2248.99,27,89.6,82.2,7.4,90.6,1.102,76.7,79.4,81.1,75.0,35,88.3,1,4.6,1,4.8,MEDIUM,1.3,5.9
PRJ-4329,Irrigation,Tamil Nadu,497.71,34,55.8,32.5,23.3,39.6,1.218,38.9,34.6,36.5,39.9,172,61.1,4,7.9,4,8.1,CRITICAL,13.1,30.3
PRJ-4330,Water Supply,Tamil Nadu,3875.48,27,30.3,29.3,1.0,28.2,0.962,97.1,86.5,90.0,95.6,1,94.0,0,2.4,0,0.5,LOW,0.4,2.2
PRJ-4331,Highway,Odisha,573.58,27,21.5,18.1,3.4,18.8,1.039,83.7,77.3,86.6,73.6,37,80.1,0,1.9,1,2.8,MEDIUM,2.2,6.8
PRJ-4332,Airport,Odisha,3554.05,41,72.5,66.4,6.1,74.1,1.116,81.1,83.8,75.9,72.5,17,92.2,3,1.9,0,3.1,MEDIUM,2.4,5.6
PRJ-4333,Metro,Himachal Pradesh,5751.32,55,23.8,22.3,1.5,23.0,1.031,89.4,94.0,93.7,94.7,5,92.0,0,3.0,0,1.8,LOW,0.3,0.7
PRJ-4334,Power Infrastructure,Karnataka,2294.64,31,51.2,51.2,0.0,51.9,1.014,97.2,93.1,96.5,89.8,5,99.4,1,0.6,0,1.7,LOW,0.1,1.0
PRJ-4335,Bridge,Bihar,2216.71,20,24.8,21.0,3.8,21.6,1.029,84.6,72.0,76.4,70.6,31,81.8,1,4.5,1,3.2,MEDIUM,1.9,5.8
PRJ-4336,Water Supply,Telangana,312.06,33,49.1,45.5,3.6,51.8,1.138,79.5,74.5,79.6,83.2,29,90.6,3,1.9,0,3.7,MEDIUM,2.3,10.6
PRJ-4337,Urban Development,Jammu & Kashmir,711.25,14,71.3,65.0,6.3,66.9,1.029,76.5,76.6,75.3,74.2,23,92.1,1,4.9,0,4.0,MEDIUM,1.1,5.9
PRJ-4338,Highway,Telangana,1184.25,30,42.2,39.2,3.0,39.0,0.995,99.0,91.0,97.5,97.8,0,91.0,0,0.8,0,1.6,LOW,0.3,0.5
PRJ-4339,Airport,Jammu & Kashmir,4133.85,57,42.3,39.2,3.1,42.0,1.071,73.9,75.2,87.0,72.0,24,95.1,1,5.6,0,3.1,MEDIUM,2.3,4.5
PRJ-4340,Urban Development,Delhi NCR,1428.09,29,26.1,16.8,9.3,18.8,1.119,68.5,57.4,62.1,56.9,65,65.8,4,5.4,3,6.9,HIGH,5.8,12.9
PRJ-4341,Bridge,Maharashtra,9150.8,43,74.3,73.5,0.8,71.6,0.974,93.0,89.6,91.6,85.9,8,100.0,0,1.1,0,1.6,LOW,0.2,1.4
PRJ-4342,Highway,Karnataka,5814.34,48,26.0,21.4,4.6,22.7,1.061,83.2,70.0,82.2,79.9,35,86.6,4,4.4,1,4.5,MEDIUM,1.5,7.9
PRJ-4343,Airport,Telangana,1633.71,59,54.0,38.0,16.0,46.8,1.232,55.0,54.1,66.4,63.9,63,70.9,6,3.2,2,6.1,HIGH,7.0,15.0
PRJ-4344,Power Infrastructure,Gujarat,795.07,27,24.2,22.6,1.6,22.9,1.013,91.2,94.4,89.3,88.7,1,97.2,1,1.7,0,1.6,LOW,0.6,1.7
PRJ-4345,Airport,Odisha,5165.26,69,33.3,29.9,3.4,32.7,1.094,82.6,83.5,75.0,83.3,34,96.6,2,4.3,1,4.4,MEDIUM,3.1,8.1
PRJ-4346,Metro,Jammu & Kashmir,7065.16,55,53.1,40.4,12.7,45.6,1.129,58.4,66.6,65.5,64.0,62,73.2,3,7.1,3,6.2,HIGH,7.3,12.1
PRJ-4347,Bridge,Maharashtra,875.52,31,53.2,34.1,19.1,42.3,1.24,45.7,39.0,43.5,35.3,200,67.6,7,9.0,3,9.0,CRITICAL,8.6,25.7
PRJ-4348,Railway,Madhya Pradesh,5109.19,44,43.1,36.7,6.4,39.4,1.074,84.8,80.6,81.4,74.9,26,90.8,2,3.7,1,2.6,MEDIUM,3.4,5.1
PRJ-4349,Power Infrastructure,Tamil Nadu,3945.62,37,33.6,33.6,0.0,32.9,0.979,95.3,87.6,93.7,89.6,2,100.0,0,1.1,0,2.1,LOW,0.2,1.3
PRJ-4350,Irrigation,Jammu & Kashmir,212.8,21,69.6,32.9,36.7,43.2,1.313,39.1,31.6,36.5,46.3,178,48.7,3,7.0,3,7.8,CRITICAL,10.3,25.5
PRJ-4351,Water Supply,Madhya Pradesh,1545.5,19,35.0,31.9,3.1,31.9,1.0,73.9,82.0,80.0,78.0,25,92.7,0,3.2,1,3.1,MEDIUM,2.6,3.8
PRJ-4352,Power Infrastructure,Gujarat,1994.35,31,84.7,82.7,2.0,89.1,1.077,77.5,77.8,79.1,75.8,32,100.0,2,1.7,1,3.2,MEDIUM,3.0,5.1
PRJ-4353,Irrigation,Uttarakhand,2468.83,27,30.5,10.6,19.9,12.4,1.17,69.3,55.0,66.4,64.1,58,35.7,2,6.8,2,6.7,HIGH,5.2,17.9
PRJ-4354,Highway,Madhya Pradesh,3044.55,45,80.3,73.7,6.6,77.2,1.047,75.1,81.2,73.6,78.8,42,92.1,2,2.0,1,4.2,MEDIUM,2.5,5.0
PRJ-4355,Metro,Uttar Pradesh,3599.47,58,87.5,74.8,12.7,82.0,1.096,65.6,56.6,57.2,55.5,94,90.7,2,6.0,1,6.5,HIGH,3.3,14.9
PRJ-4356,Metro,Andhra Pradesh,11699.97,56,67.7,63.3,4.4,68.1,1.076,77.5,83.9,72.7,70.7,34,93.5,2,2.1,0,4.1,MEDIUM,2.5,8.9
PRJ-4357,Power Infrastructure,Karnataka,2288.91,35,24.8,23.4,1.4,23.3,0.996,98.8,88.4,90.4,93.8,0,96.1,0,0.4,0,0.7,LOW,0.0,1.8
PRJ-4358,Irrigation,Bihar,266.35,25,82.9,81.9,1.0,75.4,0.921,92.2,97.9,93.3,95.2,6,94.8,0,2.0,0,1.3,LOW,0.2,0.4
PRJ-4359,Highway,Madhya Pradesh,2781.15,50,84.4,84.4,0.0,83.0,0.983,91.1,93.7,90.3,95.4,1,97.7,1,0.7,0,2.0,LOW,0.2,0.0
PRJ-4360,Irrigation,Odisha,808.36,35,86.1,66.3,19.8,81.3,1.226,68.9,67.8,59.7,56.7,92,72.4,4,6.8,2,5.1,HIGH,5.6,12.5
PRJ-4361,Irrigation,Uttar Pradesh,1508.21,31,69.0,43.5,25.5,54.0,1.241,44.5,45.7,40.4,33.0,159,61.4,2,5.8,2,7.4,CRITICAL,12.2,24.8
PRJ-4362,Airport,Telangana,1485.48,42,37.1,37.0,0.1,37.7,1.019,97.4,93.1,99.0,96.1,0,99.3,0,1.0,0,1.0,LOW,0.0,1.5
PRJ-4363,Urban Development,Tamil Nadu,389.24,41,33.5,32.2,1.3,31.6,0.981,92.7,94.4,92.0,92.5,5,99.9,2,0.8,0,1.5,LOW,0.3,1.3
PRJ-4364,Urban Development,West Bengal,1648.23,35,66.8,42.8,24.0,54.2,1.266,47.0,40.3,43.8,52.0,216,59.1,5,9.4,4,7.8,CRITICAL,9.5,22.6
PRJ-4365,Metro,Gujarat,1891.46,24,34.3,29.7,4.6,31.5,1.061,75.5,76.2,74.3,79.9,37,82.7,2,1.7,1,3.6,MEDIUM,1.7,8.2
PRJ-4366,Metro,Himachal Pradesh,2313.24,45,83.3,81.9,1.4,81.8,0.999,93.8,89.2,99.9,85.1,0,94.2,1,3.7,0,2.0,LOW,0.0,0.7
PRJ-4367,Irrigation,Andhra Pradesh,638.36,26,38.7,8.8,29.9,12.1,1.375,38.1,50.4,54.2,43.5,119,20.5,7,8.1,2,9.2,CRITICAL,8.7,22.1
PRJ-4368,Airport,Madhya Pradesh,3515.22,83,78.7,55.4,23.3,65.8,1.188,56.9,53.6,64.5,67.5,76,65.9,3,4.6,3,7.0,HIGH,4.2,13.9
PRJ-4369,Irrigation,Gujarat,516.5,34,42.5,40.9,1.6,41.7,1.02,97.2,94.5,89.5,95.8,0,95.5,0,0.6,0,1.6,LOW,0.3,0.1
PRJ-4370,Urban Development,Kerala,164.89,33,25.9,7.4,18.5,8.8,1.189,46.8,50.8,42.0,47.3,173,28.5,3,7.8,5,8.4,CRITICAL,13.4,28.4
PRJ-4371,Metro,Maharashtra,7068.03,65,21.2,2.7,18.5,5.0,1.852,49.1,35.8,50.1,32.2,177,17.5,5,7.2,2,8.4,CRITICAL,11.0,28.5
PRJ-4372,Metro,Uttarakhand,3065.99,57,79.9,57.6,22.3,71.2,1.236,57.1,65.4,61.4,66.1,54,71.5,4,6.8,2,5.8,HIGH,8.0,17.3
PRJ-4373,Airport,Kerala,5510.01,42,23.8,15.9,7.9,16.1,1.013,79.8,83.2,77.7,81.5,27,68.4,0,3.9,1,4.6,MEDIUM,2.3,6.2
PRJ-4374,Power Infrastructure,Odisha,2682.72,52,30.0,2.0,28.0,5.0,2.5,41.5,44.7,52.9,37.8,124,15.0,7,7.7,2,8.9,CRITICAL,13.6,30.2
PRJ-4375,Irrigation,Bihar,288.31,32,89.4,88.4,1.0,86.6,0.98,97.9,89.9,88.0,94.0,3,100.0,0,1.8,0,1.0,LOW,0.2,1.0
PRJ-4376,Railway,West Bengal,15832.62,24,65.0,49.7,15.3,61.4,1.235,59.2,62.8,54.3,58.1,93,73.8,8,5.0,1,5.4,HIGH,5.1,15.1
PRJ-4377,Metro,Uttarakhand,6136.99,34,24.5,18.5,6.0,18.6,1.005,72.8,84.6,75.8,78.5,27,72.0,0,4.5,0,3.2,MEDIUM,2.3,6.8
PRJ-4378,Bridge,West Bengal,4001.19,18,46.1,44.5,1.6,47.2,1.061,96.5,97.2,99.8,85.4,3,96.7,0,0.5,0,1.8,LOW,0.4,1.1
PRJ-4379,Urban Development,Uttarakhand,1830.06,32,70.1,69.2,0.9,70.5,1.019,92.3,90.9,99.9,97.9,6,100.0,1,2.1,0,0.7,LOW,0.3,0.0
PRJ-4380,Urban Development,Himachal Pradesh,2536.41,25,44.9,36.0,8.9,38.3,1.064,84.4,83.5,73.8,75.1,29,82.0,0,5.2,1,3.1,MEDIUM,3.2,7.4
PRJ-4381,Railway,Odisha,4156.94,36,72.7,54.6,18.1,63.8,1.168,59.4,54.3,54.5,64.4,52,74.4,3,6.2,1,6.3,HIGH,7.1,17.3
PRJ-4382,Power Infrastructure,Tamil Nadu,595.71,47,75.9,73.6,2.3,78.6,1.068,72.0,71.3,82.8,79.4,27,94.0,0,3.5,0,2.7,MEDIUM,2.4,10.5
PRJ-4383,Railway,Karnataka,5631.1,32,49.4,35.0,14.4,39.5,1.129,70.2,59.8,54.4,68.4,82,68.5,3,4.5,3,7.0,HIGH,6.3,19.2
PRJ-4384,Highway,Jammu & Kashmir,562.29,56,20.6,7.3,13.3,8.3,1.137,58.1,54.5,59.5,68.4,71,39.2,3,7.4,2,6.1,HIGH,5.2,13.6
PRJ-4385,Irrigation,Telangana,715.58,26,34.2,31.3,2.9,32.5,1.038,85.3,75.1,77.1,77.1,22,88.6,2,2.5,1,2.8,MEDIUM,3.4,5.5
PRJ-4386,Irrigation,Karnataka,633.36,26,84.2,78.4,5.8,85.0,1.084,85.4,72.2,83.6,70.4,22,90.9,2,2.1,1,4.0,MEDIUM,2.8,7.3
PRJ-4387,Power Infrastructure,Uttarakhand,2268.52,30,82.0,82.0,0.0,83.5,1.018,93.8,92.7,90.1,89.1,0,96.7,2,2.2,0,0.6,LOW,0.3,1.4
PRJ-4388,Irrigation,Bihar,2171.63,25,62.9,62.9,0.0,61.9,0.984,88.2,95.3,95.2,95.1,3,95.0,0,1.4,0,1.9,LOW,0.0,0.5
PRJ-4389,Airport,Maharashtra,7744.35,58,23.4,17.6,5.8,18.7,1.062,82.1,73.1,84.6,71.1,24,74.1,2,4.1,1,4.3,MEDIUM,1.6,4.4
PRJ-4390,Railway,Rajasthan,5583.66,60,28.4,28.4,0.0,28.8,1.014,96.4,96.7,95.7,93.0,3,100.0,1,1.8,0,0.5,LOW,0.0,0.0
PRJ-4391,Metro,Karnataka,3170.49,50,21.0,16.0,5.0,18.1,1.131,74.4,83.9,77.8,74.0,25,75.6,2,3.1,0,3.2,MEDIUM,2.7,6.9
PRJ-4392,Bridge,Telangana,4368.06,35,86.0,67.2,18.8,79.3,1.18,61.9,52.0,61.2,58.8,98,80.2,5,4.2,3,6.0,HIGH,4.8,16.8
PRJ-4393,Metro,West Bengal,4676.66,44,37.1,22.5,14.6,27.3,1.213,63.1,56.3,61.1,63.4,111,59.7,5,3.6,3,5.2,HIGH,5.7,13.4
PRJ-4394,Metro,Tamil Nadu,1243.01,47,58.6,32.4,26.2,43.7,1.349,47.9,47.8,50.4,51.7,191,55.9,8,6.0,4,7.8,CRITICAL,14.2,25.4
PRJ-4395,Water Supply,Gujarat,1506.23,30,56.5,48.1,8.4,54.3,1.129,77.5,71.5,79.9,75.8,44,87.1,2,3.2,1,3.7,MEDIUM,3.2,6.3
PRJ-4396,Railway,Maharashtra,3332.97,32,87.0,80.4,6.6,82.7,1.029,84.5,70.8,85.2,78.6,18,90.8,1,3.8,0,3.8,MEDIUM,2.1,5.6
PRJ-4397,Power Infrastructure,Odisha,1223.55,54,37.5,32.4,5.1,35.3,1.09,81.6,74.7,73.2,81.3,23,77.7,1,4.4,0,4.1,MEDIUM,2.8,5.3
PRJ-4398,Highway,West Bengal,1259.76,32,74.2,70.2,4.0,77.4,1.103,78.2,79.4,76.2,71.9,31,94.7,5,1.8,1,4.1,MEDIUM,2.6,5.7
PRJ-4399,Railway,Uttar Pradesh,10765.26,52,89.1,85.1,4.0,83.9,0.986,76.2,72.2,77.6,73.6,25,95.2,0,3.5,1,4.1,MEDIUM,2.5,6.5
PRJ-4400,Urban Development,Uttar Pradesh,278.44,19,35.1,32.1,3.0,35.8,1.115,85.1,81.6,76.9,71.9,37,93.9,4,2.3,0,4.6,MEDIUM,2.3,7.0
PRJ-4401,Power Infrastructure,Gujarat,1679.89,38,69.4,69.4,0.0,70.9,1.022,90.8,98.5,92.1,91.4,0,100.0,0,1.1,0,0.9,LOW,0.4,2.8
PRJ-4402,Airport,Uttar Pradesh,8476.02,60,47.9,43.9,4.0,45.4,1.034,84.2,83.5,80.8,76.1,26,92.4,3,1.7,0,3.3,MEDIUM,3.0,4.2
PRJ-4403,Railway,Telangana,5662.74,65,55.6,55.6,0.0,57.0,1.025,90.7,87.4,96.5,94.7,0,100.0,0,0.9,0,2.0,LOW,0.2,0.0
PRJ-4404,Highway,Gujarat,3722.85,22,20.8,14.7,6.1,17.0,1.156,84.3,75.6,77.1,72.9,24,72.0,2,3.6,0,4.5,MEDIUM,2.0,5.3
PRJ-4405,Railway,West Bengal,3443.88,36,59.5,59.5,0.0,61.9,1.04,89.7,95.2,91.6,92.7,1,96.8,2,2.0,0,1.9,LOW,0.4,1.7
PRJ-4406,Bridge,Bihar,1950.06,26,20.4,19.6,0.8,19.3,0.985,96.2,95.2,95.8,85.8,0,100.0,0,0.3,0,1.5,LOW,0.0,0.5
PRJ-4407,Irrigation,Maharashtra,418.28,28,32.3,10.0,22.3,12.3,1.23,64.1,59.5,57.2,58.8,117,33.5,2,6.1,1,6.6,HIGH,5.5,12.6
PRJ-4408,Railway,Karnataka,3968.07,41,38.9,29.1,9.8,35.4,1.216,56.0,52.3,68.8,59.0,90,70.6,5,4.6,3,5.9,HIGH,5.2,15.2
PRJ-4409,Airport,Kerala,8089.48,40,83.6,75.8,7.8,85.2,1.124,74.8,80.1,84.5,78.5,31,87.5,3,5.0,1,4.2,MEDIUM,2.0,4.0
PRJ-4410,Irrigation,Bihar,334.65,20,61.7,58.2,3.5,63.0,1.082,74.7,81.2,78.9,79.0,16,94.1,1,1.8,1,3.9,MEDIUM,2.5,6.4
PRJ-4411,Urban Development,Rajasthan,434.04,32,37.7,22.5,15.2,25.5,1.133,63.7,68.7,59.3,64.6,72,61.1,3,4.1,3,6.6,HIGH,7.3,16.0
PRJ-4412,Urban Development,Tamil Nadu,318.03,12,91.6,87.4,4.2,82.6,0.945,72.5,75.2,80.3,72.2,17,97.4,0,4.3,0,4.4,MEDIUM,1.4,7.6
PRJ-4413,Railway,Maharashtra,1516.13,71,54.2,48.2,6.0,52.9,1.098,76.8,73.8,75.6,76.8,22,90.3,2,2.4,0,2.9,MEDIUM,2.1,8.8
PRJ-4414,Urban Development,West Bengal,655.4,21,68.6,37.9,30.7,50.7,1.338,51.8,48.9,36.2,37.4,173,56.4,7,7.1,2,9.2,CRITICAL,13.0,27.5
PRJ-4415,Bridge,Telangana,480.62,32,73.9,73.9,0.0,74.1,1.003,93.2,96.5,99.6,87.2,2,97.2,0,1.6,0,1.3,LOW,0.0,0.5
PRJ-4416,Metro,Himachal Pradesh,1218.26,29,41.8,21.7,20.1,26.3,1.212,47.9,36.6,47.8,38.1,230,51.6,4,9.8,3,8.1,CRITICAL,6.5,23.7
PRJ-4417,Highway,Gujarat,2327.96,52,77.0,54.5,22.5,67.4,1.237,47.2,44.0,38.5,42.5,143,70.8,4,7.2,2,7.0,CRITICAL,11.4,27.9
PRJ-4418,Bridge,Uttarakhand,3904.94,33,52.0,46.4,5.6,47.4,1.022,78.1,77.4,86.2,78.6,19,89.5,1,4.2,0,4.1,MEDIUM,2.2,6.3
PRJ-4419,Power Infrastructure,Kerala,680.18,23,66.5,66.5,0.0,65.6,0.986,97.8,94.3,88.0,85.2,0,100.0,0,3.0,0,2.1,LOW,0.4,0.6
PRJ-4420,Metro,Delhi NCR,11810.13,43,53.0,53.0,0.0,52.5,0.991,89.2,89.4,94.0,96.3,5,99.7,0,0.9,0,2.0,LOW,0.2,0.2
PRJ-4421,Railway,Bihar,7165.38,84,73.8,72.9,0.9,72.9,1.0,97.3,92.2,95.7,86.4,4,94.6,0,2.2,0,2.0,LOW,0.2,1.3
PRJ-4422,Irrigation,Assam,571.04,35,80.3,78.8,1.5,75.8,0.962,97.6,93.0,90.4,85.4,3,100.0,0,3.6,0,0.8,LOW,0.0,0.4
PRJ-4423,Water Supply,West Bengal,1216.56,20,86.4,80.8,5.6,80.6,0.998,74.0,72.0,76.4,78.1,37,92.2,0,4.3,0,4.5,MEDIUM,4.0,4.7
PRJ-4424,Urban Development,Rajasthan,173.49,32,47.5,47.2,0.3,45.0,0.953,96.2,98.3,93.1,93.9,4,99.9,0,1.3,0,0.8,LOW,0.0,0.8
PRJ-4425,Water Supply,Gujarat,776.52,17,88.9,81.5,7.4,83.4,1.023,77.0,76.8,78.3,79.0,25,87.9,1,4.3,0,2.5,MEDIUM,2.2,4.8
PRJ-4426,Irrigation,Gujarat,1077.38,26,91.2,61.6,29.6,84.4,1.37,36.6,47.0,53.4,50.4,115,66.5,9,5.6,2,7.3,CRITICAL,10.2,35.2
PRJ-4427,Power Infrastructure,Gujarat,903.5,25,23.6,2.0,21.6,5.0,2.5,40.1,45.3,45.5,50.0,212,15.0,6,7.3,2,8.2,CRITICAL,11.7,24.4
PRJ-4428,Urban Development,Karnataka,702.45,34,23.0,18.0,5.0,18.8,1.044,85.0,79.5,84.2,74.1,20,79.2,0,2.9,0,3.9,MEDIUM,3.5,8.6
PRJ-4429,Power Infrastructure,Kerala,615.74,25,56.2,56.2,0.0,57.3,1.02,94.6,94.8,90.8,92.9,2,100.0,0,3.3,0,1.2,LOW,0.0,2.0
PRJ-4430,Airport,Himachal Pradesh,2895.26,24,68.1,68.1,0.0,72.6,1.066,98.6,96.2,95.6,96.0,0,95.1,0,2.6,0,0.9,LOW,0.2,1.1
PRJ-4431,Highway,Tamil Nadu,5500.98,40,41.3,20.9,20.4,27.9,1.335,49.9,38.9,36.2,47.1,145,45.6,8,6.8,4,8.3,CRITICAL,10.3,28.6
PRJ-4432,Irrigation,Jammu & Kashmir,2081.9,32,70.0,63.5,6.5,67.2,1.058,81.8,71.1,86.4,75.6,25,95.8,2,4.8,0,3.5,MEDIUM,2.1,8.2
PRJ-4433,Railway,Assam,5685.27,66,86.6,64.6,22.0,83.2,1.288,53.4,48.1,47.4,44.0,242,70.4,7,6.9,3,8.0,CRITICAL,8.9,24.8
PRJ-4434,Airport,Delhi NCR,1677.25,24,39.4,34.1,5.3,35.9,1.053,83.8,81.8,80.5,72.7,25,85.6,2,3.0,1,2.7,MEDIUM,2.4,8.2
PRJ-4435,Airport,Delhi NCR,1759.88,73,62.9,61.3,1.6,61.9,1.01,79.1,77.1,76.6,81.5,44,96.2,0,2.0,0,3.4,MEDIUM,2.6,4.8
PRJ-4436,Bridge,Himachal Pradesh,3990.72,46,56.7,44.3,12.4,48.8,1.102,57.3,60.0,62.5,68.3,46,72.4,3,7.8,1,5.5,HIGH,7.9,14.8
PRJ-4437,Water Supply,Telangana,1054.42,36,67.0,67.0,0.0,62.5,0.933,90.1,98.9,94.6,96.3,1,100.0,0,1.1,0,1.7,LOW,0.0,0.4
PRJ-4438,Water Supply,West Bengal,2562.23,35,59.8,46.1,13.7,56.2,1.219,60.1,64.3,61.1,59.6,45,73.6,7,4.1,1,6.4,HIGH,5.1,12.4
PRJ-4439,Railway,Jammu & Kashmir,5277.82,57,72.5,67.6,4.9,74.4,1.101,72.2,78.9,84.3,76.7,37,96.8,3,4.3,1,4.6,MEDIUM,2.9,9.4
PRJ-4440,Irrigation,Bihar,691.95,28,25.9,7.9,18.0,9.3,1.177,40.6,42.9,36.5,47.9,183,25.2,5,7.2,5,8.2,CRITICAL,11.9,24.9
PRJ-4441,Highway,Jammu & Kashmir,3502.17,30,35.4,26.7,8.7,28.9,1.082,72.3,78.6,77.9,72.8,27,78.1,3,5.6,0,3.4,MEDIUM,2.9,8.6
PRJ-4442,Railway,Assam,1312.49,45,20.1,12.1,8.0,12.4,1.025,63.2,68.4,56.1,61.4,72,52.8,2,4.7,1,6.9,HIGH,8.2,15.6
PRJ-4443,Power Infrastructure,Uttarakhand,2505.22,18,86.3,73.2,13.1,81.2,1.109,63.2,56.7,64.3,55.0,77,86.2,0,6.2,2,5.5,HIGH,6.7,17.0
PRJ-4444,Railway,Gujarat,2844.65,35,43.9,40.9,3.0,42.9,1.049,75.5,70.3,75.5,76.1,25,96.7,3,2.2,0,2.9,MEDIUM,2.6,5.4
PRJ-4445,Metro,Assam,4139.22,35,44.7,37.8,6.9,42.0,1.111,85.1,82.9,80.3,78.2,34,86.6,4,5.0,1,3.0,MEDIUM,3.0,6.2
PRJ-4446,Water Supply,Gujarat,529.44,36,38.4,21.8,16.6,26.5,1.216,66.6,68.6,68.7,68.5,113,58.4,4,4.7,1,6.5,HIGH,5.2,12.8
PRJ-4447,Metro,Tamil Nadu,7361.19,40,86.3,86.3,0.0,86.5,1.002,93.0,95.1,94.8,94.5,0,99.0,0,0.4,0,1.3,LOW,0.2,1.4
PRJ-4448,Irrigation,West Bengal,277.45,31,27.7,13.0,14.7,15.8,1.215,64.7,66.9,68.3,59.4,62,45.1,5,5.7,1,5.8,HIGH,6.8,18.4
PRJ-4449,Irrigation,West Bengal,564.29,26,33.1,33.1,0.0,36.0,1.088,88.0,95.9,89.9,89.1,0,98.0,2,1.6,0,1.8,LOW,0.3,2.1
PRJ-4450,Water Supply,Gujarat,1971.09,33,71.1,54.9,16.2,65.8,1.199,66.8,66.6,64.5,65.5,94,76.8,1,3.7,3,6.9,HIGH,5.0,11.3
PRJ-4451,Bridge,Odisha,780.7,32,82.3,66.8,15.5,75.6,1.132,61.8,54.2,62.2,67.5,111,84.4,2,6.0,3,6.1,HIGH,7.6,13.6
PRJ-4452,Power Infrastructure,Madhya Pradesh,7317.95,40,66.9,66.9,0.0,70.3,1.051,92.6,91.0,99.4,95.6,2,100.0,0,1.1,0,1.0,LOW,0.0,1.8
PRJ-4453,Airport,Assam,1428.9,55,41.1,40.1,1.0,40.5,1.01,89.5,95.3,91.5,95.8,0,98.2,0,2.4,0,1.5,LOW,0.3,0.2
PRJ-4454,Irrigation,Jammu & Kashmir,952.74,29,64.6,50.3,14.3,60.0,1.193,67.5,57.3,58.3,65.0,81,75.6,3,4.8,3,5.4,HIGH,7.3,13.9
PRJ-4455,Water Supply,Jammu & Kashmir,158.22,37,32.6,13.8,18.8,16.7,1.21,59.7,52.7,67.6,68.9,99,38.5,6,5.0,2,6.6,HIGH,5.2,15.3
PRJ-4456,Urban Development,Madhya Pradesh,735.6,24,34.0,33.3,0.7,32.7,0.982,94.2,94.0,95.5,95.4,1,99.5,0,1.5,0,1.6,LOW,0.3,1.0
PRJ-4457,Metro,Delhi NCR,3440.46,66,56.7,47.2,9.5,52.8,1.119,66.1,63.2,65.4,65.7,71,84.0,4,6.1,2,6.8,HIGH,6.0,12.8
PRJ-4458,Railway,Gujarat,1383.87,48,38.4,38.4,0.0,39.0,1.016,95.0,87.6,99.2,89.7,0,98.4,0,1.4,0,1.4,LOW,0.2,0.0
PRJ-4459,Airport,Jammu & Kashmir,1609.88,39,85.2,85.2,0.0,83.1,0.975,90.5,98.5,94.0,85.2,7,100.0,0,2.0,0,1.2,LOW,0.4,0.5
PRJ-4460,Power Infrastructure,Rajasthan,1476.65,36,70.1,69.3,0.8,71.0,1.025,91.6,86.6,88.1,95.7,1,97.0,1,2.2,0,0.6,LOW,0.3,0.9
PRJ-4461,Metro,Maharashtra,2314.18,64,36.8,31.9,4.9,33.3,1.044,83.7,80.1,83.7,76.2,28,86.6,1,3.6,0,4.3,MEDIUM,2.0,7.7
PRJ-4462,Railway,Uttar Pradesh,18480.13,36,29.2,28.4,0.8,27.9,0.982,92.8,87.2,90.7,91.4,0,94.5,1,1.4,0,1.4,LOW,0.4,3.0
PRJ-4463,Railway,Jammu & Kashmir,8582.82,68,79.7,78.5,1.2,80.9,1.031,88.9,87.0,96.7,91.2,5,100.0,0,3.1,0,1.9,LOW,0.5,0.8
PRJ-4464,Highway,Bihar,457.9,31,75.9,49.1,26.8,63.3,1.289,53.5,37.3,36.8,46.6,146,63.1,7,6.1,3,8.0,CRITICAL,12.9,27.3
PRJ-4465,Water Supply,Andhra Pradesh,334.15,17,74.5,67.8,6.7,76.0,1.121,82.8,83.5,74.7,76.0,40,91.3,0,2.4,0,3.4,MEDIUM,1.7,5.1
PRJ-4466,Metro,Telangana,11109.15,48,55.3,38.9,16.4,44.1,1.134,57.0,68.7,56.2,59.5,107,73.5,2,3.3,2,6.4,HIGH,8.7,17.7
PRJ-4467,Railway,Tamil Nadu,1205.63,28,27.2,24.4,2.8,25.9,1.061,75.9,77.8,80.2,83.7,41,88.4,0,3.2,0,3.4,MEDIUM,2.8,5.4
PRJ-4468,Urban Development,Jammu & Kashmir,959.0,37,36.9,34.5,2.4,35.3,1.023,72.5,74.5,76.9,71.4,16,93.5,0,5.5,0,3.4,MEDIUM,2.5,9.4
PRJ-4469,Power Infrastructure,West Bengal,3930.87,36,36.8,18.8,18.0,23.6,1.255,43.1,34.1,48.6,33.9,142,58.1,7,8.2,4,8.1,CRITICAL,11.5,31.8
PRJ-4470,Airport,Jammu & Kashmir,3269.53,73,91.2,86.5,4.7,93.5,1.081,76.8,83.6,86.1,72.2,36,89.7,0,2.9,1,4.2,MEDIUM,2.5,7.7
PRJ-4471,Power Infrastructure,Uttarakhand,486.31,42,27.6,15.3,12.3,17.8,1.163,55.5,55.1,55.3,63.6,58,56.7,3,5.9,3,6.3,HIGH,6.1,13.5
PRJ-4472,Airport,Himachal Pradesh,3382.14,60,54.3,44.5,9.8,49.1,1.103,70.5,65.2,65.6,65.3,90,79.2,3,6.1,2,5.9,HIGH,6.8,14.1
PRJ-4473,Irrigation,Himachal Pradesh,560.42,28,39.5,19.3,20.2,23.0,1.192,43.6,41.0,47.5,40.3,121,44.8,6,6.2,3,9.0,CRITICAL,10.6,36.7
PRJ-4474,Urban Development,Maharashtra,1509.12,19,28.1,27.1,1.0,27.2,1.004,91.3,92.0,97.0,87.1,7,94.9,0,1.6,0,1.5,LOW,0.4,0.3
PRJ-4475,Highway,Odisha,655.25,36,59.0,17.6,41.4,27.5,1.562,36.4,36.3,52.1,32.6,164,29.8,11,8.6,2,9.1,CRITICAL,13.7,23.4
PRJ-4476,Railway,Assam,8886.09,49,68.6,68.6,0.0,67.0,0.977,88.9,91.4,91.0,95.6,0,93.8,0,3.3,0,1.7,LOW,0.3,1.9
PRJ-4477,Power Infrastructure,Andhra Pradesh,1692.49,42,30.0,28.5,1.5,29.4,1.032,77.4,78.6,74.4,77.8,18,94.7,1,1.7,1,2.5,MEDIUM,3.0,7.0
PRJ-4478,Water Supply,Delhi NCR,673.49,35,91.9,69.5,22.4,90.5,1.302,42.4,43.5,49.6,45.8,95,78.2,7,6.5,2,8.8,CRITICAL,13.8,19.5
PRJ-4479,Power Infrastructure,Uttar Pradesh,1113.58,37,63.5,63.5,0.0,62.0,0.976,98.4,92.9,94.7,87.0,9,98.9,0,1.5,0,2.1,LOW,0.4,1.0
PRJ-4480,Highway,Bihar,1075.42,22,50.2,50.2,0.0,49.7,0.99,92.0,90.5,88.0,92.1,3,100.0,0,2.2,0,1.1,LOW,0.5,0.4
PRJ-4481,Urban Development,Telangana,692.76,29,82.2,65.4,16.8,78.5,1.2,58.3,62.1,55.5,56.2,91,78.9,6,6.7,2,6.9,HIGH,5.6,14.4
PRJ-4482,Metro,Jammu & Kashmir,6512.45,62,84.7,61.4,23.3,81.3,1.324,39.0,31.5,47.4,51.5,148,69.2,7,7.0,5,8.0,CRITICAL,14.4,27.8
PRJ-4483,Water Supply,Karnataka,515.73,30,84.5,64.3,20.2,80.6,1.253,44.2,50.4,44.1,43.0,130,78.0,4,7.4,2,8.2,CRITICAL,11.6,24.1
PRJ-4484,Airport,Assam,6559.34,60,59.2,54.0,5.2,54.9,1.017,73.6,75.2,80.4,78.3,43,91.3,2,5.5,0,2.8,MEDIUM,1.8,7.8
PRJ-4485,Power Infrastructure,Gujarat,5371.57,45,64.9,63.4,1.5,63.7,1.005,84.2,80.1,82.8,74.4,23,97.0,1,1.7,1,2.9,MEDIUM,2.2,7.5
PRJ-4486,Power Infrastructure,Himachal Pradesh,1456.89,51,65.2,58.8,6.4,64.1,1.09,73.7,72.9,80.5,83.2,33,86.5,2,5.5,0,3.2,MEDIUM,2.7,6.4
PRJ-4487,Urban Development,Jammu & Kashmir,649.89,29,44.8,35.0,9.8,37.3,1.066,74.8,74.8,75.0,82.1,20,80.3,0,4.7,1,3.7,MEDIUM,3.3,8.0
PRJ-4488,Power Infrastructure,Himachal Pradesh,1238.59,39,79.3,76.8,2.5,79.0,1.029,92.8,94.6,96.0,92.2,2,96.4,1,2.6,0,1.9,LOW,0.1,0.1
PRJ-4489,Metro,Uttarakhand,4876.42,56,84.2,83.8,0.4,84.4,1.007,92.1,91.0,89.6,89.2,3,98.9,1,4.0,0,2.1,LOW,0.0,1.0
PRJ-4490,Highway,Assam,4229.9,20,31.7,31.7,0.0,32.4,1.022,97.0,96.1,95.3,97.1,0,99.6,0,2.7,0,0.6,LOW,0.5,0.0
PRJ-4491,Airport,Jammu & Kashmir,3704.7,39,21.6,17.0,4.6,17.1,1.006,85.1,79.6,80.8,72.8,25,76.7,1,4.5,0,3.0,MEDIUM,4.6,5.5
PRJ-4492,Water Supply,Kerala,571.47,28,63.4,63.4,0.0,65.6,1.035,93.2,98.4,92.7,88.8,3,100.0,0,2.8,0,1.6,LOW,0.1,1.1
PRJ-4493,Airport,Andhra Pradesh,1613.16,66,42.5,37.6,4.9,38.9,1.035,78.4,80.0,74.8,81.0,35,86.9,1,2.3,1,4.2,MEDIUM,2.1,6.5
PRJ-4494,Highway,Maharashtra,532.49,34,87.3,86.5,0.8,87.4,1.01,93.0,97.3,97.6,90.1,5,92.0,0,1.8,0,1.5,LOW,0.1,0.6
PRJ-4495,Highway,Karnataka,2007.94,25,68.7,67.8,0.9,67.9,1.001,90.5,97.5,94.8,89.2,0,94.2,1,1.8,0,1.1,LOW,0.1,1.3
PRJ-4496,Irrigation,Kerala,247.55,31,34.0,18.7,15.3,22.3,1.193,55.7,61.6,61.6,62.9,71,56.1,5,4.6,2,6.5,HIGH,5.1,15.8
PRJ-4497,Highway,Andhra Pradesh,862.75,47,40.4,33.1,7.3,35.4,1.069,82.9,80.1,73.0,76.3,30,81.0,3,2.0,0,3.9,MEDIUM,2.6,7.9
PRJ-4498,Water Supply,Gujarat,814.61,13,71.5,68.8,2.7,68.5,0.996,93.6,87.3,96.5,93.1,0,100.0,0,0.9,0,1.0,LOW,0.2,1.1
PRJ-4499,Water Supply,Kerala,1104.62,24,49.9,15.5,34.4,20.7,1.335,41.2,34.3,40.7,36.4,90,32.6,4,9.3,5,8.2,CRITICAL,12.5,25.7
PRJ-4500,Irrigation,Odisha,2490.92,39,71.3,71.3,0.0,68.0,0.954,95.8,94.3,93.8,86.5,0,100.0,0,0.5,0,1.6,LOW,0.3,1.7
PRJ-4501,Irrigation,Uttar Pradesh,2105.11,20,43.9,29.2,14.7,35.6,1.219,65.1,52.7,55.1,59.5,86,76.2,4,3.0,2,5.8,HIGH,4.0,16.2
PRJ-4502,Bridge,Rajasthan,2069.41,46,71.3,70.5,0.8,69.9,0.991,89.2,94.6,95.4,92.8,1,96.8,2,0.8,0,1.3,LOW,0.0,0.8
PRJ-4503,Bridge,Telangana,7688.32,35,46.8,38.8,8.0,44.4,1.144,69.0,68.1,67.2,59.0,92,83.4,5,3.1,2,5.2,HIGH,4.6,9.9
PRJ-4504,Railway,Tamil Nadu,3435.47,55,56.9,55.5,1.4,54.5,0.982,89.1,98.0,91.1,91.3,0,98.3,0,2.4,0,2.0,LOW,0.2,1.7
PRJ-4505,Airport,Gujarat,4884.54,42,33.7,2.0,31.7,5.0,2.5,53.5,32.6,50.4,46.4,124,15.0,8,6.6,2,7.3,CRITICAL,12.7,27.8
PRJ-4506,Irrigation,Bihar,481.84,14,91.0,63.1,27.9,79.7,1.263,49.9,43.0,41.2,45.6,119,75.0,5,8.7,3,7.3,CRITICAL,13.4,24.1
PRJ-4507,Highway,Himachal Pradesh,3420.08,39,60.0,60.0,0.0,58.5,0.975,90.1,88.5,93.4,93.0,2,100.0,2,3.6,0,1.3,LOW,0.3,1.6
PRJ-4508,Irrigation,Uttar Pradesh,456.15,20,31.7,25.2,6.5,25.7,1.02,78.2,70.2,79.4,78.2,23,76.2,0,2.3,1,3.7,MEDIUM,2.3,6.3
PRJ-4509,Power Infrastructure,Odisha,4028.83,39,65.5,37.5,28.0,49.4,1.317,39.0,39.6,49.1,51.5,139,57.6,6,6.2,4,7.1,CRITICAL,13.6,33.0
PRJ-4510,Urban Development,Odisha,1357.75,13,45.0,26.5,18.5,31.7,1.196,65.4,65.2,62.2,55.3,65,59.0,5,4.5,1,5.2,HIGH,4.1,12.6
PRJ-4511,Airport,Maharashtra,7035.5,30,32.0,2.0,30.0,5.0,2.5,37.5,47.5,42.0,39.9,162,15.0,6,7.0,2,9.3,CRITICAL,10.7,22.2
PRJ-4512,Power Infrastructure,Maharashtra,999.03,41,29.9,28.9,1.0,30.4,1.052,97.3,87.2,89.6,96.5,4,94.4,0,0.5,0,0.6,LOW,0.1,0.9
PRJ-4513,Irrigation,Assam,968.62,27,69.4,69.4,0.0,66.9,0.964,92.6,90.4,98.2,88.8,0,96.2,0,2.2,0,1.6,LOW,0.2,0.0
PRJ-4514,Water Supply,Andhra Pradesh,693.62,44,68.2,62.4,5.8,68.9,1.104,83.4,73.3,79.7,77.5,38,95.2,3,4.4,0,3.1,MEDIUM,1.4,7.8
PRJ-4515,Railway,Jammu & Kashmir,4965.31,46,60.6,60.6,0.0,62.0,1.023,93.8,92.3,93.1,92.0,0,100.0,0,2.7,0,1.7,LOW,0.0,1.5
PRJ-4516,Railway,West Bengal,5408.63,35,75.7,58.5,17.2,72.8,1.244,58.7,58.5,69.3,67.1,115,74.7,4,6.2,1,5.0,HIGH,5.8,13.5
PRJ-4517,Irrigation,Jammu & Kashmir,1075.93,42,81.3,63.8,17.5,75.6,1.185,59.9,58.2,62.3,61.4,57,79.5,4,5.1,3,6.8,HIGH,5.2,12.8
PRJ-4518,Urban Development,Andhra Pradesh,474.53,18,73.6,54.6,19.0,67.9,1.244,59.5,64.6,69.9,63.1,59,76.4,5,5.1,1,5.9,HIGH,6.3,14.2
PRJ-4519,Metro,Telangana,5474.93,57,28.1,26.8,1.3,27.7,1.034,91.5,91.1,91.3,91.6,7,93.8,1,2.1,0,1.9,LOW,0.1,1.5
PRJ-4520,Irrigation,Odisha,1937.15,14,45.1,44.7,0.4,42.8,0.957,98.1,89.0,99.5,91.4,7,97.2,1,1.9,0,1.6,LOW,0.0,0.9
PRJ-4521,Bridge,Jammu & Kashmir,566.81,36,33.0,29.5,3.5,31.5,1.068,83.3,72.2,78.7,72.7,34,89.7,2,4.2,1,3.5,MEDIUM,1.7,5.4
PRJ-4522,Railway,Himachal Pradesh,5211.56,33,40.7,31.2,9.5,34.6,1.109,59.0,52.5,55.0,62.4,58,78.8,5,6.8,2,5.7,HIGH,4.0,17.3
PRJ-4523,Bridge,Telangana,3634.12,34,67.9,64.8,3.1,70.7,1.091,81.1,79.0,81.3,71.9,22,96.7,2,4.4,0,4.5,MEDIUM,2.1,8.4
PRJ-4524,Airport,Uttar Pradesh,9711.65,54,91.7,61.1,30.6,79.8,1.306,37.7,32.3,44.8,46.0,149,69.6,5,8.1,3,9.0,CRITICAL,13.1,28.5
PRJ-4525,Airport,Assam,17042.8,64,76.6,76.1,0.5,74.7,0.982,93.0,89.4,96.2,89.5,0,99.3,1,3.2,0,1.5,LOW,0.4,2.2
PRJ-4526,Bridge,Tamil Nadu,3581.98,24,68.2,60.5,7.7,66.4,1.098,76.1,71.5,78.0,74.7,33,89.1,2,3.9,0,4.1,MEDIUM,1.9,5.2
PRJ-4527,Railway,Andhra Pradesh,7328.49,58,47.2,47.2,0.0,48.4,1.025,98.1,95.9,90.7,86.8,0,100.0,0,1.9,0,1.4,LOW,0.2,1.3
PRJ-4528,Airport,Tamil Nadu,6563.2,85,21.1,7.6,13.5,8.7,1.145,61.5,52.8,54.3,65.9,99,38.2,2,6.2,3,5.1,HIGH,5.7,15.5
PRJ-4529,Urban Development,Jammu & Kashmir,2508.1,26,73.3,59.6,13.7,69.5,1.166,67.9,54.8,59.1,55.2,80,79.1,5,7.9,2,6.4,HIGH,6.7,16.2
PRJ-4530,Water Supply,West Bengal,763.6,20,50.4,43.5,6.9,48.7,1.12,84.4,79.2,75.5,73.1,14,83.3,3,1.8,0,3.8,MEDIUM,1.8,5.0
PRJ-4531,Irrigation,Tamil Nadu,736.11,35,21.6,9.2,12.4,10.5,1.141,66.9,56.5,68.2,67.4,85,45.0,5,6.3,1,5.9,HIGH,4.5,15.0
PRJ-4532,Airport,Uttarakhand,1849.15,49,87.3,82.0,5.3,87.6,1.068,79.6,73.8,83.8,76.4,30,93.9,1,4.5,1,3.0,MEDIUM,3.0,7.7
PRJ-4533,Airport,Odisha,3891.09,49,54.9,36.0,18.9,41.8,1.161,66.7,53.5,69.1,63.0,61,71.7,0,6.8,2,6.9,HIGH,6.3,14.0
PRJ-4534,Urban Development,Andhra Pradesh,2970.11,39,84.1,70.3,13.8,79.4,1.129,70.7,55.8,59.8,56.2,88,82.8,2,3.6,3,5.8,HIGH,6.8,14.5
PRJ-4535,Bridge,Odisha,743.94,30,39.7,11.9,27.8,15.4,1.294,41.9,51.9,37.8,50.5,148,26.2,6,6.0,5,9.2,CRITICAL,14.1,33.6
PRJ-4536,Water Supply,Madhya Pradesh,307.92,28,89.7,89.7,0.0,92.3,1.029,94.3,88.4,98.4,88.0,2,96.0,3,1.2,0,2.1,LOW,0.4,1.7
PRJ-4537,Urban Development,Delhi NCR,625.07,41,68.1,47.5,20.6,60.8,1.28,36.0,46.6,39.2,52.2,196,67.3,8,7.2,3,7.6,CRITICAL,11.9,30.9
PRJ-4538,Urban Development,Bihar,1040.32,26,74.4,72.9,1.5,74.8,1.026,72.7,82.5,82.3,83.1,38,97.9,2,2.5,1,3.1,MEDIUM,1.9,8.1
PRJ-4539,Highway,Uttarakhand,6742.29,37,42.2,35.9,6.3,36.7,1.022,82.0,82.0,81.0,80.4,22,83.4,1,4.4,1,4.1,MEDIUM,2.5,7.8
PRJ-4540,Metro,Jammu & Kashmir,3331.31,29,89.8,76.3,13.5,88.2,1.156,59.4,64.5,70.0,67.8,98,90.1,5,7.3,3,6.1,HIGH,7.4,15.5
PRJ-4541,Bridge,Delhi NCR,903.57,30,45.3,42.1,3.2,44.6,1.059,72.4,82.1,78.2,82.8,43,95.9,1,4.0,1,4.0,MEDIUM,1.6,9.5
PRJ-4542,Airport,Himachal Pradesh,16827.06,60,91.1,91.1,0.0,94.8,1.041,96.3,87.6,99.0,88.1,1,98.0,0,2.3,0,1.6,LOW,0.4,0.4
PRJ-4543,Water Supply,Uttar Pradesh,1534.24,22,86.2,58.7,27.5,72.3,1.232,48.0,38.2,39.4,37.6,198,69.2,2,5.0,3,8.7,CRITICAL,11.4,20.8
PRJ-4544,Urban Development,West Bengal,260.3,25,22.9,3.3,19.6,5.0,1.515,68.0,54.7,69.1,64.5,106,15.0,3,5.2,3,6.8,HIGH,6.3,13.4
PRJ-4545,Irrigation,Delhi NCR,2716.92,18,75.9,69.7,6.2,75.7,1.086,78.6,76.0,82.6,75.7,26,95.7,2,2.3,1,3.3,MEDIUM,2.8,9.0
PRJ-4546,Metro,Rajasthan,1500.98,46,66.9,41.1,25.8,52.0,1.265,35.4,51.0,36.7,45.4,153,61.4,4,6.4,5,9.3,CRITICAL,10.3,31.6
PRJ-4547,Metro,Telangana,6294.24,48,65.9,52.7,13.2,61.0,1.157,62.4,58.7,63.8,59.3,70,81.9,1,4.9,1,5.8,HIGH,4.2,10.4
PRJ-4548,Water Supply,Odisha,450.96,28,76.7,62.3,14.4,74.2,1.191,67.3,67.3,55.9,55.4,101,80.1,3,5.3,2,5.1,HIGH,4.1,8.4
PRJ-4549,Irrigation,Tamil Nadu,1715.64,28,76.1,68.1,8.0,74.8,1.098,73.3,83.0,79.5,77.4,31,90.3,2,1.6,0,2.6,MEDIUM,2.4,5.7
PRJ-4550,Bridge,Odisha,1042.17,46,28.9,27.7,1.2,28.3,1.022,93.6,91.8,90.6,97.2,0,96.0,0,1.6,0,1.8,LOW,0.1,1.1
PRJ-4551,Airport,Telangana,2166.77,30,59.5,54.5,5.0,57.4,1.053,79.9,81.8,72.1,78.9,41,86.8,2,2.3,0,2.5,MEDIUM,2.2,4.9
PRJ-4552,Metro,Madhya Pradesh,3713.48,53,72.0,68.2,3.8,73.1,1.072,78.7,73.2,77.2,73.6,24,96.8,3,2.4,0,3.0,MEDIUM,2.8,7.7
PRJ-4553,Bridge,Assam,5770.43,49,75.0,74.5,0.5,83.4,1.119,90.6,86.3,92.1,94.7,0,100.0,2,1.9,0,1.1,LOW,0.2,0.4
PRJ-4554,Bridge,Gujarat,597.15,44,61.8,37.1,24.7,46.5,1.253,39.1,42.9,54.1,53.4,186,61.6,7,5.1,3,7.5,CRITICAL,9.0,21.4
PRJ-4555,Metro,West Bengal,6850.88,28,71.3,71.3,0.0,68.0,0.954,94.4,94.7,88.7,89.9,0,96.6,0,1.2,0,1.7,LOW,0.2,1.6
PRJ-4556,Highway,Rajasthan,680.33,41,41.9,26.0,15.9,31.4,1.208,66.2,56.4,54.5,56.7,75,62.4,3,5.8,2,5.4,HIGH,6.2,15.2
PRJ-4557,Airport,Delhi NCR,4614.37,33,25.9,25.9,0.0,25.9,1.0,89.0,95.3,96.7,90.1,2,100.0,2,0.7,0,0.5,LOW,0.3,1.4
PRJ-4558,Power Infrastructure,Himachal Pradesh,934.96,49,57.4,53.5,3.9,58.3,1.09,80.4,76.2,81.5,82.3,26,92.8,4,4.7,0,4.5,MEDIUM,2.8,5.8
PRJ-4559,Water Supply,Odisha,5160.64,13,29.6,16.7,12.9,19.0,1.138,65.7,65.0,66.9,57.8,77,57.6,2,6.0,2,7.2,HIGH,7.1,16.5
PRJ-4560,Highway,West Bengal,3337.76,43,41.8,41.0,0.8,41.0,1.0,95.5,94.1,97.7,92.5,6,96.3,0,2.3,0,1.2,LOW,0.4,1.6
PRJ-4561,Metro,Madhya Pradesh,9680.61,46,39.9,39.9,0.0,39.7,0.995,92.1,97.5,94.4,88.6,1,96.2,0,2.3,0,0.6,LOW,0.1,3.2
PRJ-4562,Metro,Maharashtra,5415.99,66,79.5,61.5,18.0,73.9,1.202,48.1,42.3,42.1,45.5,110,77.3,7,6.3,3,8.2,CRITICAL,9.0,27.0
PRJ-4563,Airport,Madhya Pradesh,3910.4,74,67.2,63.0,4.2,66.7,1.059,72.5,71.4,76.6,74.7,41,92.2,3,3.8,1,3.0,MEDIUM,2.7,7.3
PRJ-4564,Urban Development,Bihar,724.43,26,74.2,72.7,1.5,76.1,1.047,79.8,84.8,84.1,76.9,33,100.0,2,1.6,0,2.6,MEDIUM,2.3,5.7
PRJ-4565,Highway,Jammu & Kashmir,2131.7,42,25.9,3.8,22.1,5.0,1.316,56.7,57.8,65.9,58.3,85,15.0,5,7.3,3,5.5,HIGH,3.3,14.4
PRJ-4566,Highway,Uttar Pradesh,1019.82,22,57.5,39.5,18.0,53.1,1.344,39.2,32.4,37.9,53.6,161,70.8,12,6.7,3,8.9,CRITICAL,10.5,28.1
PRJ-4567,Railway,Andhra Pradesh,3311.85,57,90.4,89.7,0.7,95.5,1.065,93.9,86.3,93.9,90.5,4,100.0,0,0.3,0,1.4,LOW,0.0,0.6
PRJ-4568,Airport,Tamil Nadu,1749.99,49,77.2,77.2,0.0,79.5,1.03,91.8,97.3,99.6,92.7,0,100.0,0,0.7,0,1.1,LOW,0.0,1.0
PRJ-4569,Water Supply,Kerala,824.58,29,28.8,24.1,4.7,26.1,1.083,83.4,73.1,75.3,73.8,32,80.7,4,4.4,1,4.3,MEDIUM,2.0,6.1
PRJ-4570,Railway,Assam,6062.42,58,74.0,44.6,29.4,61.6,1.381,50.5,35.6,54.7,34.1,156,56.3,9,9.6,2,7.8,CRITICAL,9.7,24.9
PRJ-4571,Metro,Rajasthan,2927.35,37,43.4,39.3,4.1,44.7,1.137,80.0,81.3,81.2,81.1,40,87.2,6,1.8,1,3.0,MEDIUM,2.3,6.3
PRJ-4572,Railway,Uttarakhand,2742.29,42,88.9,81.6,7.3,91.9,1.126,81.8,82.5,85.0,80.3,20,95.9,3,4.7,0,3.3,MEDIUM,2.9,4.7
PRJ-4573,Railway,Uttarakhand,2098.42,48,76.6,76.6,0.0,75.0,0.979,97.2,92.3,96.3,88.7,1,99.2,2,4.3,0,1.4,LOW,0.1,3.1
PRJ-4574,Urban Development,Madhya Pradesh,646.86,30,81.4,55.6,25.8,71.8,1.291,49.9,39.7,40.6,44.1,162,72.5,5,8.6,5,9.3,CRITICAL,13.1,30.2
PRJ-4575,Power Infrastructure,Tamil Nadu,2298.93,29,83.8,72.4,11.4,82.2,1.135,59.5,58.2,62.9,57.1,71,90.9,2,5.4,2,5.5,HIGH,6.1,13.9
PRJ-4576,Bridge,Gujarat,807.41,34,49.8,33.8,16.0,39.1,1.157,66.1,66.6,54.2,58.6,67,74.0,4,4.2,1,5.1,HIGH,6.1,16.8
PRJ-4577,Irrigation,Andhra Pradesh,3008.37,22,71.3,69.0,2.3,69.0,1.0,89.7,91.2,98.9,88.4,3,95.7,0,1.1,0,1.7,LOW,0.4,1.1
PRJ-4578,Water Supply,Rajasthan,1834.88,14,83.0,80.4,2.6,81.5,1.014,89.8,95.1,89.2,88.9,0,92.1,0,1.1,0,1.2,LOW,0.2,1.3
PRJ-4579,Water Supply,West Bengal,1943.38,35,72.6,43.2,29.4,58.2,1.347,46.7,30.6,50.7,48.6,90,60.2,6,8.9,2,8.4,CRITICAL,14.7,30.7
PRJ-4580,Metro,Gujarat,6558.76,65,56.0,55.8,0.2,52.2,0.935,92.1,97.8,95.9,97.1,0,100.0,0,1.2,0,1.8,LOW,0.0,1.7
PRJ-4581,Metro,West Bengal,2691.81,48,52.3,52.3,0.0,54.3,1.038,95.8,94.7,93.0,93.4,7,100.0,1,2.3,0,1.8,LOW,0.2,1.2
PRJ-4582,Airport,Delhi NCR,2489.12,32,68.6,66.1,2.5,70.6,1.068,88.8,88.4,92.8,96.1,2,97.7,0,1.1,0,2.1,LOW,0.5,0.2
PRJ-4583,Water Supply,Madhya Pradesh,210.77,32,53.4,50.1,3.3,52.8,1.054,72.3,76.5,75.8,71.1,34,95.2,3,3.4,0,4.7,MEDIUM,2.8,7.9
PRJ-4584,Highway,Jammu & Kashmir,2798.27,46,23.0,2.5,20.5,5.0,2.0,45.8,39.4,40.6,39.7,97,18.0,8,9.0,3,8.6,CRITICAL,13.5,25.8
PRJ-4585,Urban Development,Kerala,513.6,38,28.3,27.2,1.1,27.2,1.0,88.7,95.9,97.3,85.4,0,91.3,0,3.3,0,1.0,LOW,0.3,2.0
PRJ-4586,Railway,Andhra Pradesh,2719.79,45,91.6,83.5,8.1,94.2,1.128,75.8,77.5,77.7,83.3,40,94.7,3,3.2,0,2.9,MEDIUM,2.4,6.3
PRJ-4587,Urban Development,Odisha,869.43,35,40.7,39.5,1.2,39.0,0.987,97.3,89.3,95.0,96.9,0,95.5,0,0.4,0,1.6,LOW,0.4,0.6
PRJ-4588,Power Infrastructure,Rajasthan,505.76,46,38.6,26.9,11.7,30.9,1.149,61.9,61.3,57.9,67.5,80,71.0,4,3.5,3,5.2,HIGH,5.1,13.3
PRJ-4589,Airport,Karnataka,4816.24,36,53.5,39.2,14.3,48.5,1.237,58.8,52.1,57.5,68.9,110,73.9,5,5.5,3,6.5,HIGH,4.4,13.1
PRJ-4590,Irrigation,Jammu & Kashmir,1110.98,32,44.6,42.2,2.4,43.1,1.021,83.5,77.0,78.8,73.5,38,89.1,2,2.8,0,3.1,MEDIUM,2.7,6.6
PRJ-4591,Irrigation,Telangana,553.99,22,56.0,55.5,0.5,58.6,1.056,98.3,93.8,97.1,87.3,0,96.3,0,0.4,0,0.8,LOW,0.3,0.0
PRJ-4592,Highway,Uttar Pradesh,1894.83,40,66.0,49.5,16.5,58.1,1.174,60.2,58.3,62.6,68.4,78,73.5,3,3.2,3,5.1,HIGH,5.4,15.3
PRJ-4593,Highway,Rajasthan,1196.49,39,52.7,46.4,6.3,49.9,1.075,83.3,84.7,75.0,80.2,28,89.9,3,2.1,1,3.7,MEDIUM,3.5,7.5
PRJ-4594,Airport,Himachal Pradesh,4313.01,31,68.1,62.7,5.4,73.3,1.169,78.9,72.4,73.3,70.7,32,90.1,6,3.4,0,3.4,MEDIUM,2.1,7.2
PRJ-4595,Water Supply,Telangana,153.87,32,43.1,32.5,10.6,37.6,1.157,64.1,58.8,61.5,66.6,106,71.7,4,6.4,3,7.1,HIGH,6.3,13.1
PRJ-4596,Irrigation,Gujarat,181.04,35,48.2,16.9,31.3,22.6,1.337,47.8,39.2,54.5,53.4,113,31.5,5,5.3,3,7.1,CRITICAL,11.0,21.5
PRJ-4597,Urban Development,Rajasthan,152.02,15,21.7,20.5,1.2,20.0,0.976,90.8,89.3,93.6,97.2,0,96.2,0,0.5,0,1.9,LOW,0.2,2.2
PRJ-4598,Power Infrastructure,Assam,5351.85,44,64.3,47.8,16.5,53.4,1.117,60.1,53.0,65.5,62.0,113,67.2,1,4.6,2,5.4,HIGH,7.0,15.2
PRJ-4599,Highway,Assam,4159.73,34,88.4,82.1,6.3,85.7,1.044,81.1,83.8,75.1,70.8,27,94.2,1,5.5,0,3.8,MEDIUM,2.3,7.8
PRJ-4600,Airport,Telangana,2265.54,31,44.6,31.3,13.3,36.9,1.179,60.2,67.8,67.0,68.3,84,71.1,6,4.3,3,5.4,HIGH,6.4,11.7
PRJ-4601,Railway,Rajasthan,1552.72,68,58.9,51.1,7.8,56.2,1.1,81.5,78.3,79.2,82.8,20,83.0,2,4.0,1,2.7,MEDIUM,1.3,6.1
PRJ-4602,Airport,West Bengal,3634.0,53,38.0,27.4,10.6,30.2,1.102,65.0,57.7,67.2,58.2,49,68.6,2,5.5,3,6.8,HIGH,5.2,16.4
PRJ-4603,Metro,Delhi NCR,3298.96,33,56.1,44.5,11.6,52.5,1.18,55.6,65.4,54.7,59.8,112,85.0,2,6.5,2,5.8,HIGH,5.4,15.9
PRJ-4604,Irrigation,Odisha,1445.45,32,73.3,72.9,0.4,74.1,1.016,91.4,89.3,89.9,90.9,2,93.9,2,0.8,0,1.0,LOW,0.2,1.9
PRJ-4605,Highway,Madhya Pradesh,522.95,24,53.2,47.9,5.3,52.2,1.09,85.4,81.8,73.8,73.7,32,90.6,4,2.4,1,3.9,MEDIUM,3.0,7.0
PRJ-4606,Railway,Jammu & Kashmir,1276.17,46,91.1,68.4,22.7,86.0,1.257,37.2,34.8,45.1,49.1,151,78.5,5,9.0,5,9.4,CRITICAL,12.3,31.9
PRJ-4607,Power Infrastructure,Odisha,562.19,23,49.0,32.7,16.3,40.2,1.229,62.2,65.0,57.7,58.4,64,70.7,6,5.0,1,5.1,HIGH,6.9,16.9
PRJ-4608,Irrigation,Odisha,482.31,27,24.1,23.1,1.0,24.3,1.052,98.6,95.5,93.9,86.2,2,95.7,0,0.9,0,1.6,LOW,0.4,0.9
PRJ-4609,Railway,Bihar,3803.44,39,55.9,28.4,27.5,37.7,1.327,53.4,46.8,49.7,40.9,153,46.3,6,8.5,2,8.9,CRITICAL,10.9,26.3
PRJ-4610,Airport,Uttarakhand,1814.78,51,21.2,2.6,18.6,5.0,1.923,57.4,60.7,60.2,64.0,53,15.0,4,4.8,3,5.7,HIGH,4.3,14.2
PRJ-4611,Railway,Kerala,3408.16,31,77.8,52.9,24.9,69.2,1.308,38.1,46.5,39.1,51.1,163,72.9,6,6.7,4,7.8,CRITICAL,8.9,22.5
PRJ-4612,Water Supply,Himachal Pradesh,266.93,17,83.5,82.5,1.0,83.6,1.013,96.4,96.4,89.7,90.1,0,97.9,1,4.2,0,2.1,LOW,0.1,0.5
PRJ-4613,Irrigation,Delhi NCR,1331.18,29,46.0,36.3,9.7,42.1,1.16,68.0,60.9,66.9,66.3,81,79.4,7,5.9,3,6.6,HIGH,6.5,11.7
PRJ-4614,Highway,Uttar Pradesh,2112.64,18,76.7,74.4,2.3,72.9,0.98,75.8,75.2,72.2,71.3,29,95.3,1,2.8,1,2.7,MEDIUM,2.1,5.9
PRJ-4615,Metro,Delhi NCR,8515.37,40,69.3,56.4,12.9,63.9,1.133,59.8,55.6,59.2,55.6,65,83.0,3,6.3,2,7.2,HIGH,5.0,16.1
PRJ-4616,Metro,Maharashtra,5172.12,60,34.7,34.7,0.0,36.6,1.055,88.0,88.7,90.8,92.8,4,99.0,0,0.8,0,0.8,LOW,0.3,1.3
PRJ-4617,Water Supply,West Bengal,356.27,24,67.9,62.0,5.9,66.7,1.076,82.2,72.6,82.0,81.7,45,92.2,0,2.2,1,3.8,MEDIUM,2.1,6.3
PRJ-4618,Airport,Andhra Pradesh,5216.38,40,25.7,23.1,2.6,23.7,1.026,96.2,92.1,91.4,92.2,0,86.9,0,1.3,0,1.0,LOW,0.5,0.9
PRJ-4619,Railway,Gujarat,26794.11,38,90.1,82.1,8.0,92.5,1.127,73.2,78.4,85.6,82.9,30,87.1,4,3.5,0,4.0,MEDIUM,2.4,8.3
PRJ-4620,Metro,Rajasthan,3164.51,35,82.9,81.4,1.5,89.6,1.101,85.0,80.5,73.0,74.2,29,100.0,3,1.9,0,4.3,MEDIUM,3.0,7.0
PRJ-4621,Urban Development,Karnataka,1336.16,34,52.8,47.5,5.3,52.2,1.099,74.7,75.3,78.5,73.8,34,88.1,4,1.9,0,4.4,MEDIUM,2.5,8.1
PRJ-4622,Water Supply,Andhra Pradesh,466.16,24,47.6,15.4,32.2,21.4,1.39,49.3,48.0,54.8,43.0,93,34.1,5,8.6,3,7.8,CRITICAL,13.0,25.7
PRJ-4623,Power Infrastructure,Jammu & Kashmir,2524.35,27,33.2,33.2,0.0,34.4,1.036,93.2,86.4,98.9,96.5,7,100.0,0,4.2,0,1.5,LOW,0.0,0.2
PRJ-4624,Metro,Madhya Pradesh,2894.65,48,75.4,42.6,32.8,58.9,1.383,47.7,42.0,38.0,34.7,174,60.1,5,8.7,5,7.6,CRITICAL,6.5,25.6
PRJ-4625,Metro,Andhra Pradesh,2672.94,43,31.3,2.0,29.3,5.0,2.5,52.6,33.9,46.6,43.0,145,15.0,10,6.0,3,7.3,CRITICAL,12.5,27.6
PRJ-4626,Airport,West Bengal,4140.78,52,69.3,67.0,2.3,70.4,1.051,79.2,81.5,75.5,77.6,40,100.0,1,4.3,1,4.3,MEDIUM,2.4,6.7
PRJ-4627,Railway,Odisha,4473.44,38,31.2,15.8,15.4,18.9,1.196,56.2,61.3,54.2,64.1,94,55.2,7,6.1,1,6.7,HIGH,7.3,11.3
PRJ-4628,Irrigation,Bihar,1170.7,15,27.6,15.0,12.6,16.3,1.087,70.6,67.5,58.0,64.4,116,50.1,3,3.3,1,5.4,HIGH,6.6,14.1
PRJ-4629,Water Supply,Assam,815.66,18,61.5,44.6,16.9,53.0,1.188,62.4,67.1,57.6,57.6,78,68.0,4,7.7,3,5.1,HIGH,5.9,15.1
PRJ-4630,Bridge,Maharashtra,5947.21,44,69.9,29.1,40.8,38.4,1.32,40.3,39.4,46.4,36.9,157,43.1,2,8.1,2,8.0,CRITICAL,11.9,26.8
PRJ-4631,Highway,Himachal Pradesh,962.77,28,24.0,22.6,1.4,23.1,1.022,98.1,96.6,95.3,85.5,0,95.5,0,3.4,0,0.8,LOW,0.0,1.8
PRJ-4632,Bridge,Tamil Nadu,641.48,40,70.0,68.5,1.5,67.3,0.982,72.8,70.1,85.6,79.7,29,99.8,0,3.2,0,4.3,MEDIUM,2.8,6.6
PRJ-4633,Power Infrastructure,West Bengal,2996.14,22,45.0,42.6,2.4,44.9,1.054,95.0,97.6,95.2,94.3,5,91.2,1,0.6,0,2.2,LOW,0.8,0.5
PRJ-4634,Airport,Bihar,3799.03,48,77.5,77.4,0.1,79.3,1.025,96.4,95.0,93.8,87.1,5,100.0,0,0.3,0,1.9,LOW,0.0,0.4
PRJ-4635,Highway,Assam,779.45,38,26.2,26.2,0.0,27.3,1.042,89.7,87.0,89.9,89.1,1,97.0,0,2.7,0,0.9,LOW,0.2,1.4
PRJ-4636,Water Supply,Madhya Pradesh,1833.3,36,70.3,37.8,32.5,48.6,1.286,42.4,38.9,48.6,50.2,90,58.2,3,9.2,3,7.9,CRITICAL,11.9,25.3
PRJ-4637,Metro,Tamil Nadu,8879.96,52,40.1,22.0,18.1,26.4,1.2,64.3,59.5,68.2,59.9,86,57.3,4,4.0,1,5.9,HIGH,4.3,20.3
PRJ-4638,Irrigation,Bihar,3501.25,23,77.7,43.2,34.5,57.9,1.34,37.2,41.7,35.9,34.6,201,58.6,4,7.3,2,8.4,CRITICAL,11.9,32.9
PRJ-4639,Railway,Maharashtra,7360.52,64,33.6,8.1,25.5,10.6,1.309,37.4,49.7,42.3,37.1,195,20.3,9,8.1,5,8.4,CRITICAL,13.5,28.5
PRJ-4640,Urban Development,Odisha,2728.74,22,24.5,23.0,1.5,23.4,1.017,79.1,70.6,72.6,73.5,32,94.0,1,3.1,1,2.9,MEDIUM,1.6,5.5
PRJ-4641,Power Infrastructure,Jammu & Kashmir,1538.24,39,20.3,19.7,0.6,19.4,0.985,94.0,96.1,93.4,85.9,4,96.2,1,2.8,0,0.7,LOW,0.2,1.1
PRJ-4642,Railway,Rajasthan,1639.71,62,64.3,61.0,3.3,64.4,1.056,84.5,73.1,85.5,74.1,27,95.6,3,3.6,1,4.0,MEDIUM,2.2,8.1
PRJ-4643,Bridge,West Bengal,6281.34,42,68.9,50.9,18.0,62.6,1.23,41.8,46.0,46.6,53.5,177,72.7,4,7.3,5,8.5,CRITICAL,12.0,25.9
PRJ-4644,Airport,Telangana,1404.57,38,82.4,82.2,0.2,81.1,0.987,98.0,98.2,98.4,95.3,1,98.8,0,2.4,0,2.2,LOW,0.2,3.0
PRJ-4645,Power Infrastructure,Assam,1776.91,45,58.8,58.8,0.0,58.3,0.991,88.0,88.3,99.0,96.2,3,100.0,1,2.3,0,1.8,LOW,0.0,2.0
PRJ-4646,Metro,Odisha,3875.69,51,67.4,28.0,39.4,38.3,1.368,50.7,35.8,46.6,37.1,113,40.3,4,9.2,4,9.4,CRITICAL,8.0,28.7
PRJ-4647,Bridge,West Bengal,869.87,28,40.5,36.0,4.5,36.8,1.022,80.3,70.4,85.7,83.3,40,89.3,1,3.4,0,4.5,MEDIUM,2.4,4.9
PRJ-4648,Airport,West Bengal,1368.62,59,20.6,16.5,4.1,17.5,1.061,77.4,71.0,83.6,79.3,38,77.1,1,4.3,1,3.5,MEDIUM,1.4,5.7
PRJ-4649,Water Supply,Bihar,588.47,24,27.3,27.3,0.0,26.6,0.974,95.7,90.0,92.3,85.1,0,99.8,1,0.6,0,1.0,LOW,0.3,1.7
PRJ-4650,Water Supply,Karnataka,2164.71,43,70.0,38.4,31.6,51.1,1.331,38.2,49.4,42.2,45.3,225,59.2,6,8.1,3,8.6,CRITICAL,13.1,30.8
PRJ-4651,Highway,Telangana,5746.01,40,87.9,79.3,8.6,93.2,1.175,63.0,67.2,60.6,56.2,77,93.8,5,6.4,1,6.2,HIGH,5.0,19.2
PRJ-4652,Airport,Rajasthan,1425.49,42,62.4,56.2,6.2,60.1,1.069,77.6,73.1,75.1,74.0,32,86.2,4,2.4,1,3.1,MEDIUM,2.2,5.5
PRJ-4653,Power Infrastructure,Rajasthan,3760.42,40,71.1,53.0,18.1,64.7,1.221,43.9,34.4,53.5,36.1,129,73.7,9,7.5,2,8.0,CRITICAL,6.8,24.1
PRJ-4654,Irrigation,Delhi NCR,399.02,31,52.0,49.8,2.2,53.5,1.074,79.7,74.5,74.4,73.3,45,97.9,3,3.4,0,3.4,MEDIUM,2.9,7.3
PRJ-4655,Railway,Maharashtra,7933.77,28,78.2,47.0,31.2,60.4,1.285,46.3,48.7,46.7,33.1,123,54.7,3,6.9,3,8.2,CRITICAL,10.3,31.8
PRJ-4656,Power Infrastructure,Karnataka,2529.88,39,87.1,75.4,11.7,89.8,1.191,55.7,64.0,66.8,58.3,73,90.4,7,4.0,2,5.1,HIGH,5.8,14.0
PRJ-4657,Irrigation,Assam,551.35,42,49.5,36.8,12.7,42.2,1.147,65.7,62.5,55.9,64.0,109,70.6,5,6.7,1,5.5,HIGH,3.3,11.1
PRJ-4658,Bridge,Assam,578.88,36,28.2,24.2,4.0,27.0,1.116,75.7,72.8,72.8,80.2,35,87.4,2,4.4,1,4.4,MEDIUM,2.6,6.1
PRJ-4659,Water Supply,Madhya Pradesh,653.51,28,75.3,75.1,0.2,74.0,0.985,91.7,88.0,98.7,96.4,2,99.4,0,1.6,0,1.5,LOW,0.2,1.0
PRJ-4660,Railway,Gujarat,1472.56,55,49.6,27.6,22.0,33.6,1.217,41.6,43.4,48.5,41.0,129,57.0,5,9.3,2,8.4,CRITICAL,10.9,34.7
PRJ-4661,Urban Development,Uttar Pradesh,227.17,33,50.3,21.2,29.1,26.4,1.245,50.0,50.2,36.3,41.8,90,42.8,2,7.4,2,7.7,CRITICAL,12.0,24.5
PRJ-4662,Highway,Andhra Pradesh,1688.04,38,87.2,66.7,20.5,87.7,1.315,49.9,31.5,46.7,40.8,158,80.8,8,6.2,5,7.6,CRITICAL,15.8,27.6
PRJ-4663,Bridge,Jammu & Kashmir,1155.15,33,70.2,59.7,10.5,69.3,1.161,64.4,52.9,67.2,56.2,53,87.9,6,7.1,1,5.3,HIGH,7.1,11.5
PRJ-4664,Irrigation,Uttar Pradesh,1450.94,18,51.0,46.5,4.5,48.5,1.043,79.5,76.8,77.7,80.4,34,94.9,1,3.5,1,3.2,MEDIUM,2.0,8.2
PRJ-4665,Highway,Madhya Pradesh,626.63,34,63.0,46.2,16.8,57.6,1.247,62.7,62.4,64.5,65.4,83,75.3,4,3.4,3,6.7,HIGH,3.7,11.7
PRJ-4666,Urban Development,Assam,398.76,31,47.8,47.8,0.0,47.3,0.99,96.7,87.7,92.4,91.0,0,98.2,1,3.3,0,1.5,LOW,0.0,0.6
PRJ-4667,Airport,Assam,4390.65,49,53.7,49.6,4.1,52.0,1.048,74.6,76.1,79.3,82.5,29,95.8,1,4.7,1,4.5,MEDIUM,3.3,5.4
PRJ-4668,Irrigation,Karnataka,1119.9,12,84.2,82.7,1.5,81.9,0.99,77.1,72.0,72.6,81.6,28,99.0,1,2.9,0,3.9,MEDIUM,3.3,5.0
PRJ-4669,Urban Development,Uttar Pradesh,355.42,15,59.3,53.1,6.2,58.5,1.102,77.3,70.2,86.4,81.7,45,92.2,1,3.1,0,3.5,MEDIUM,2.4,6.3
PRJ-4670,Metro,Madhya Pradesh,7557.28,65,88.1,79.2,8.9,87.1,1.1,79.6,70.5,86.3,81.4,31,87.8,3,4.0,0,3.6,MEDIUM,3.3,5.9
PRJ-4671,Metro,Uttarakhand,9429.67,57,60.4,53.4,7.0,57.3,1.073,85.5,83.3,80.6,78.4,30,87.0,0,4.5,1,2.8,MEDIUM,2.0,7.4
PRJ-4672,Power Infrastructure,Andhra Pradesh,936.77,32,69.9,61.9,8.0,65.0,1.05,64.4,66.2,68.8,58.0,52,90.9,3,3.2,2,6.2,HIGH,4.0,14.9
PRJ-4673,Power Infrastructure,Karnataka,2651.61,38,83.0,59.7,23.3,74.0,1.24,43.3,44.2,53.2,38.9,151,73.0,3,8.0,4,8.4,CRITICAL,9.2,25.1
PRJ-4674,Railway,Andhra Pradesh,5347.07,49,85.5,66.3,19.2,81.4,1.228,68.7,58.0,67.7,61.8,86,74.9,6,6.4,2,5.6,HIGH,6.3,11.6
PRJ-4675,Urban Development,Odisha,913.3,21,77.0,73.0,4.0,77.7,1.064,74.2,71.7,82.7,71.1,31,88.7,3,3.7,0,4.3,MEDIUM,2.6,8.5
PRJ-4676,Metro,Madhya Pradesh,8556.78,64,43.7,35.3,8.4,38.2,1.082,82.0,78.4,76.1,80.6,21,82.3,1,2.4,0,3.8,MEDIUM,1.4,7.5
PRJ-4677,Railway,Andhra Pradesh,1681.79,34,73.3,65.4,7.9,70.1,1.072,79.6,81.0,83.6,80.2,29,86.8,1,2.4,1,2.5,MEDIUM,1.9,6.9
PRJ-4678,Highway,Karnataka,5064.6,40,49.7,22.4,27.3,28.5,1.272,47.0,37.2,51.6,47.6,148,44.7,2,8.5,2,9.0,CRITICAL,14.2,22.5
PRJ-4679,Power Infrastructure,Madhya Pradesh,4376.96,53,64.6,29.0,35.6,40.0,1.379,36.8,51.6,36.2,43.7,187,43.4,8,7.2,3,9.1,CRITICAL,11.1,23.9
PRJ-4680,Irrigation,Odisha,859.9,29,36.4,29.8,6.6,34.6,1.161,74.1,84.8,80.1,79.4,38,86.1,3,1.6,0,3.6,MEDIUM,2.3,8.4
PRJ-4681,Airport,Madhya Pradesh,2153.96,49,33.5,28.9,4.6,29.1,1.007,85.1,74.1,81.9,74.0,19,87.0,3,4.0,0,3.7,MEDIUM,2.5,9.4
PRJ-4682,Airport,Uttarakhand,2546.78,36,58.3,35.3,23.0,44.2,1.252,53.6,46.5,42.3,35.7,156,65.8,3,8.4,2,8.2,CRITICAL,12.1,27.0
PRJ-4683,Irrigation,Odisha,272.6,28,80.7,68.5,12.2,76.9,1.123,68.4,54.2,61.5,63.8,80,87.6,2,6.2,2,5.0,HIGH,5.3,14.6
PRJ-4684,Metro,Andhra Pradesh,2792.29,47,47.4,31.5,15.9,37.3,1.184,69.0,55.9,57.9,63.3,71,67.3,4,7.0,2,6.3,HIGH,6.2,14.3
PRJ-4685,Power Infrastructure,Karnataka,1723.88,37,66.0,64.5,1.5,67.5,1.047,98.7,94.6,91.5,97.4,4,98.8,0,1.7,0,1.8,LOW,0.2,0.3
PRJ-4686,Urban Development,Delhi NCR,213.4,12,50.9,49.3,1.6,50.8,1.03,95.5,94.2,94.8,87.6,5,100.0,0,2.1,0,1.6,LOW,0.4,1.4
PRJ-4687,Highway,West Bengal,6981.99,34,62.3,59.1,3.2,60.6,1.025,75.2,82.1,72.8,72.9,24,100.0,2,4.5,0,4.6,MEDIUM,3.1,6.1
PRJ-4688,Metro,Uttar Pradesh,4548.44,60,50.3,32.2,18.1,36.7,1.14,61.0,58.4,61.9,63.3,94,62.1,3,5.7,2,5.5,HIGH,5.4,16.0
PRJ-4689,Bridge,Bihar,575.75,56,82.7,81.2,1.5,82.6,1.017,93.7,93.7,94.5,96.3,7,96.2,2,0.9,0,0.7,LOW,0.5,0.2
PRJ-4690,Highway,Jammu & Kashmir,739.14,30,20.3,2.8,17.5,5.0,1.786,66.5,62.2,58.0,60.1,95,15.0,3,4.3,1,6.7,HIGH,6.8,9.4
PRJ-4691,Airport,Bihar,2768.87,66,84.2,83.6,0.6,86.2,1.031,93.5,94.5,95.5,93.2,1,100.0,0,1.6,0,1.0,LOW,0.1,1.4
PRJ-4692,Power Infrastructure,Odisha,1501.59,23,89.9,89.9,0.0,90.6,1.008,97.0,92.5,96.1,85.2,0,98.4,0,1.7,0,1.2,LOW,0.3,0.2
PRJ-4693,Railway,Jammu & Kashmir,1992.65,65,63.1,61.6,1.5,64.9,1.054,74.8,77.4,78.7,83.0,25,92.6,0,5.2,1,2.8,MEDIUM,2.4,9.0
PRJ-4694,Highway,Delhi NCR,4911.82,28,52.0,49.0,3.0,51.9,1.059,78.5,77.3,77.0,81.8,29,92.2,2,3.0,1,2.8,MEDIUM,1.9,5.2
PRJ-4695,Irrigation,Himachal Pradesh,944.95,13,31.1,5.7,25.4,7.4,1.298,45.3,31.7,51.0,38.1,208,20.7,6,10.0,2,8.2,CRITICAL,12.9,26.2
PRJ-4696,Power Infrastructure,Delhi NCR,12852.54,50,47.5,37.3,10.2,45.3,1.214,65.2,57.5,67.9,57.1,97,77.4,5,4.4,2,5.2,HIGH,6.8,19.6
PRJ-4697,Power Infrastructure,Gujarat,751.15,41,29.5,17.9,11.6,20.9,1.168,70.9,52.8,66.4,57.3,125,62.0,4,3.9,2,7.0,HIGH,5.1,11.2
PRJ-4698,Metro,Gujarat,2483.69,40,34.3,12.4,21.9,15.7,1.266,49.8,34.0,49.3,36.0,143,31.5,5,5.7,2,8.8,CRITICAL,9.1,29.9
PRJ-4699,Irrigation,Tamil Nadu,575.11,27,30.1,22.7,7.4,22.3,0.982,83.6,70.6,72.1,71.2,31,70.9,1,3.8,0,3.2,MEDIUM,3.0,6.3
PRJ-4700,Bridge,Telangana,1528.16,31,90.6,90.6,0.0,95.6,1.055,89.4,88.0,92.3,91.7,0,99.4,1,1.3,0,0.5,LOW,0.0,2.5
PRJ-4701,Metro,Bihar,2323.55,62,27.8,12.5,15.3,14.6,1.168,70.2,60.7,58.4,66.0,86,43.6,3,4.4,3,5.4,HIGH,5.8,15.6
PRJ-4702,Urban Development,Madhya Pradesh,670.53,37,66.8,62.0,4.8,67.6,1.09,84.1,72.6,75.5,80.8,36,96.4,2,3.0,1,3.1,MEDIUM,1.2,8.1
PRJ-4703,Bridge,Maharashtra,3666.71,18,30.3,14.9,15.4,16.5,1.107,57.0,53.1,66.0,58.7,97,51.9,2,5.7,3,5.9,HIGH,6.2,12.1
PRJ-4704,Urban Development,Bihar,333.27,28,87.3,79.9,7.4,85.2,1.066,72.3,75.0,72.9,72.1,24,88.8,0,2.9,1,2.5,MEDIUM,1.6,5.5
PRJ-4705,Water Supply,Tamil Nadu,2809.55,24,80.2,80.2,0.0,80.5,1.004,98.9,87.0,98.0,85.1,6,96.5,0,2.4,0,1.4,LOW,0.4,0.3
PRJ-4706,Bridge,Jammu & Kashmir,1225.19,48,22.1,12.7,9.4,14.3,1.126,69.0,67.9,62.0,66.9,80,55.7,4,7.6,3,7.0,HIGH,6.0,14.0
PRJ-4707,Railway,Andhra Pradesh,3298.21,41,25.2,14.9,10.3,16.6,1.114,62.0,60.2,69.0,67.1,89,59.7,1,4.2,3,5.1,HIGH,6.0,15.6
PRJ-4708,Highway,Telangana,2008.49,34,66.5,46.7,19.8,59.8,1.281,70.7,53.5,68.6,61.2,97,69.0,8,5.6,2,7.0,HIGH,5.4,15.8
PRJ-4709,Railway,Assam,1398.07,33,26.8,17.4,9.4,19.9,1.144,65.4,60.0,56.0,64.1,108,64.4,3,4.8,1,7.0,HIGH,7.0,15.2
PRJ-4710,Irrigation,Gujarat,1312.38,28,79.8,69.1,10.7,79.8,1.155,56.4,64.8,60.8,59.3,60,87.3,6,6.8,2,6.0,HIGH,6.0,14.8
PRJ-4711,Irrigation,Karnataka,635.18,24,83.6,83.4,0.2,89.5,1.073,92.4,97.7,88.3,87.9,0,100.0,0,0.5,0,0.6,LOW,0.3,0.8
PRJ-4712,Highway,Tamil Nadu,875.3,28,85.3,59.3,26.0,75.5,1.273,38.3,44.8,52.7,43.1,204,70.6,2,5.7,2,8.0,CRITICAL,9.9,25.8
PRJ-4713,Power Infrastructure,Jammu & Kashmir,3781.51,43,40.6,40.6,0.0,41.8,1.03,96.0,94.1,89.8,90.1,4,99.5,1,3.5,0,1.4,LOW,0.3,0.1
PRJ-4714,Power Infrastructure,Madhya Pradesh,4762.44,41,26.4,16.3,10.1,19.6,1.202,65.4,55.0,67.5,68.9,76,60.9,7,4.9,2,5.0,HIGH,4.5,12.1
PRJ-4715,Highway,Andhra Pradesh,636.22,23,74.6,45.7,28.9,59.2,1.295,36.9,46.9,36.5,40.5,136,56.5,5,6.2,4,8.6,CRITICAL,12.1,28.1
PRJ-4716,Highway,Delhi NCR,1204.76,56,39.8,34.5,5.3,37.2,1.078,77.4,72.2,72.3,81.4,39,87.4,1,3.2,1,2.6,MEDIUM,1.5,6.7
PRJ-4717,Irrigation,Karnataka,417.15,38,60.6,42.4,18.2,50.7,1.196,67.2,68.0,61.7,59.1,65,70.4,3,3.5,3,6.5,HIGH,6.1,12.0
PRJ-4718,Bridge,Uttar Pradesh,2594.22,49,56.4,54.9,1.5,52.8,0.962,79.2,73.7,79.9,79.5,17,95.5,0,2.5,1,4.5,MEDIUM,3.0,5.7
PRJ-4719,Airport,Andhra Pradesh,17679.37,66,73.6,68.4,5.2,75.4,1.102,74.2,73.1,81.3,81.0,36,96.0,2,3.6,1,4.3,MEDIUM,2.8,8.4
PRJ-4720,Highway,Tamil Nadu,576.65,39,34.5,26.7,7.8,31.5,1.18,84.7,74.7,79.8,76.6,20,73.6,2,3.9,1,3.0,MEDIUM,1.6,5.4
PRJ-4721,Urban Development,Assam,716.15,26,44.2,36.3,7.9,39.5,1.088,72.0,75.3,72.3,73.1,33,87.2,0,3.3,1,3.9,MEDIUM,3.1,6.3
PRJ-4722,Railway,Assam,3941.54,47,23.2,23.2,0.0,21.8,0.94,90.6,99.0,89.4,86.6,0,100.0,1,1.8,0,2.0,LOW,0.5,1.2
PRJ-4723,Airport,Bihar,1321.38,59,71.9,43.2,28.7,57.8,1.338,35.4,50.4,53.1,49.8,118,62.5,7,7.7,3,8.2,CRITICAL,11.6,24.6
PRJ-4724,Bridge,Assam,2947.04,39,38.7,20.7,18.0,24.9,1.203,38.7,35.0,42.2,53.1,145,50.1,4,9.6,5,7.1,CRITICAL,11.2,25.9
PRJ-4725,Railway,Maharashtra,1896.41,47,70.7,54.2,16.5,65.5,1.208,66.2,60.1,64.2,59.3,76,78.4,3,4.6,2,5.4,HIGH,5.2,14.9
PRJ-4726,Bridge,Bihar,1859.22,28,75.2,64.6,10.6,73.8,1.142,68.8,57.8,60.8,61.7,95,86.2,2,5.2,3,5.9,HIGH,5.5,11.2
PRJ-4727,Water Supply,Assam,910.95,22,78.7,78.7,0.0,79.9,1.015,96.7,87.7,94.3,89.9,1,100.0,1,2.6,0,0.6,LOW,0.8,1.7
PRJ-4728,Airport,Karnataka,13366.78,41,36.8,33.3,3.5,34.5,1.036,74.6,81.9,85.3,81.1,25,88.1,2,3.5,1,4.5,MEDIUM,2.5,8.3
PRJ-4729,Railway,Telangana,5584.02,52,28.6,23.0,5.6,23.3,1.013,73.6,79.2,72.5,79.5,48,82.0,0,2.5,1,3.1,MEDIUM,2.3,6.3
PRJ-4730,Power Infrastructure,Odisha,517.51,51,84.2,72.0,12.2,83.8,1.164,68.2,65.8,57.5,59.9,73,87.9,3,4.5,1,7.0,HIGH,4.5,13.4
PRJ-4731,Airport,Karnataka,1541.7,38,55.1,25.9,29.2,34.2,1.32,43.5,46.3,52.9,51.3,153,50.3,4,5.3,4,9.2,CRITICAL,9.2,26.8
PRJ-4732,Irrigation,Gujarat,1126.25,40,42.6,16.5,26.1,20.5,1.242,48.9,45.2,37.6,39.5,169,40.1,4,6.9,2,7.1,CRITICAL,10.4,31.2
PRJ-4733,Irrigation,Uttarakhand,672.24,25,54.2,54.2,0.0,52.3,0.965,89.1,97.4,90.0,94.9,1,99.3,0,2.5,0,2.0,LOW,0.0,1.2
PRJ-4734,Bridge,Jammu & Kashmir,589.07,27,22.4,19.9,2.5,20.4,1.025,91.1,92.3,89.9,90.2,1,87.8,0,2.8,0,1.0,LOW,0.2,1.5
PRJ-4735,Power Infrastructure,Assam,626.11,43,31.5,6.6,24.9,8.5,1.288,40.2,30.4,43.5,36.8,164,27.1,3,10.0,4,9.0,CRITICAL,9.3,26.4
PRJ-4736,Power Infrastructure,Madhya Pradesh,2198.26,31,25.1,7.1,18.0,8.2,1.155,66.9,67.5,69.6,56.2,57,23.0,3,5.4,3,5.4,HIGH,5.4,12.3
PRJ-4737,Water Supply,Tamil Nadu,3703.99,31,60.3,54.2,6.1,59.3,1.094,76.9,78.9,75.9,82.0,36,89.9,3,3.8,0,2.5,MEDIUM,2.5,4.1
PRJ-4738,Water Supply,Kerala,532.48,12,81.4,60.8,20.6,72.9,1.199,69.8,55.2,67.2,59.0,45,74.6,3,5.3,2,5.4,HIGH,6.6,12.1
PRJ-4739,Metro,Odisha,3958.42,34,53.9,53.8,0.1,52.3,0.972,88.9,88.5,95.7,87.2,0,100.0,0,1.9,0,1.5,LOW,0.1,1.9
PRJ-4740,Water Supply,Tamil Nadu,579.58,35,26.7,26.7,0.0,26.7,1.0,92.8,88.0,96.0,85.2,0,96.3,0,0.7,0,0.5,LOW,0.2,0.5
PRJ-4741,Highway,Uttarakhand,1976.75,48,52.9,31.2,21.7,39.1,1.253,60.2,57.0,62.3,57.8,82,60.7,2,5.8,3,5.5,HIGH,6.2,14.3
PRJ-4742,Irrigation,Delhi NCR,406.67,20,32.0,31.0,1.0,31.4,1.013,91.3,93.4,88.2,97.9,0,92.7,1,2.1,0,0.6,LOW,0.0,1.6
PRJ-4743,Bridge,Karnataka,1480.26,48,51.6,26.4,25.2,36.3,1.375,41.4,41.0,42.8,42.8,182,52.3,9,7.9,4,7.0,CRITICAL,8.5,29.2
PRJ-4744,Power Infrastructure,Uttarakhand,3356.79,31,83.1,76.1,7.0,78.7,1.034,77.3,77.5,78.8,73.2,35,90.8,0,2.9,1,2.9,MEDIUM,2.2,6.9
PRJ-4745,Urban Development,Tamil Nadu,827.08,32,22.6,7.0,15.6,8.6,1.229,67.6,67.2,55.4,56.1,104,34.0,8,3.1,1,7.1,HIGH,4.7,16.1
PRJ-4746,Airport,Delhi NCR,3738.72,70,33.7,20.0,13.7,24.1,1.205,67.9,55.8,65.3,62.3,73,57.9,1,4.0,3,6.9,HIGH,5.2,9.8
PRJ-4747,Water Supply,Tamil Nadu,2262.69,25,33.6,21.0,12.6,25.0,1.19,66.5,66.9,62.7,62.4,125,64.4,9,5.0,1,6.2,HIGH,7.0,13.1
PRJ-4748,Power Infrastructure,Telangana,3248.91,40,27.0,2.0,25.0,5.0,2.5,47.1,33.6,49.2,37.7,141,15.0,9,8.4,5,7.1,CRITICAL,11.8,30.9
PRJ-4749,Metro,Karnataka,10818.96,78,74.3,69.9,4.4,74.3,1.063,80.7,77.9,72.8,72.5,35,94.9,2,4.3,1,2.6,MEDIUM,2.5,5.7
PRJ-4750,Airport,Rajasthan,3597.96,46,24.6,18.8,5.8,19.3,1.027,84.9,82.4,83.5,72.1,31,77.4,0,3.8,0,2.9,MEDIUM,2.4,6.1
PRJ-4751,Urban Development,Odisha,555.5,30,32.1,27.1,5.0,30.2,1.114,81.3,75.2,75.2,79.0,28,91.7,3,3.5,0,4.0,MEDIUM,2.6,9.4
PRJ-4752,Airport,Uttar Pradesh,6391.27,73,55.4,50.7,4.7,53.1,1.047,77.3,70.9,84.0,75.9,45,92.1,1,4.0,1,2.6,MEDIUM,2.3,6.5
PRJ-4753,Urban Development,Tamil Nadu,167.59,27,63.1,37.1,26.0,45.7,1.232,47.4,46.3,49.2,52.3,191,65.2,4,8.1,2,9.5,CRITICAL,9.9,35.4
PRJ-4754,Highway,Uttarakhand,1696.46,26,78.7,74.8,3.9,76.9,1.028,84.9,79.3,76.7,78.1,31,94.0,1,4.2,0,3.3,MEDIUM,3.3,4.6
PRJ-4755,Railway,Uttarakhand,2352.73,39,50.2,46.8,3.4,49.5,1.058,78.6,82.6,75.5,72.3,28,91.8,3,2.8,0,4.5,MEDIUM,2.5,4.9
PRJ-4756,Water Supply,Odisha,884.91,32,76.1,60.5,15.6,71.6,1.183,62.0,63.8,69.3,55.2,102,77.3,0,6.4,3,6.9,HIGH,5.5,12.6
PRJ-4757,Railway,Delhi NCR,2667.39,61,45.5,41.6,3.9,44.7,1.075,83.1,79.9,77.1,70.4,27,92.9,2,2.9,1,4.2,MEDIUM,2.2,7.8
PRJ-4758,Airport,Kerala,6950.42,52,82.6,74.6,8.0,87.8,1.177,55.4,60.4,57.4,64.4,74,84.7,10,5.1,2,6.4,HIGH,3.5,15.3
PRJ-4759,Airport,Tamil Nadu,16328.15,45,47.2,28.0,19.2,33.9,1.211,70.8,68.7,68.8,56.3,58,62.3,4,5.6,1,6.3,HIGH,6.2,12.1
PRJ-4760,Urban Development,Maharashtra,2127.44,28,83.2,79.1,4.1,87.5,1.106,77.1,72.9,78.3,82.0,23,94.3,2,3.9,0,4.3,MEDIUM,2.8,6.2
PRJ-4761,Railway,Delhi NCR,11952.5,43,69.9,66.6,3.3,69.7,1.047,83.9,81.4,76.2,75.4,32,91.6,2,2.6,0,2.6,MEDIUM,2.1,5.7
PRJ-4762,Metro,Bihar,2402.58,53,24.9,13.0,11.9,15.7,1.208,58.3,60.6,60.2,64.1,76,53.2,5,3.7,3,5.3,HIGH,5.1,14.6
PRJ-4763,Water Supply,Uttar Pradesh,378.7,27,42.4,40.6,1.8,41.2,1.015,90.9,96.1,88.3,87.5,0,93.2,0,0.7,0,2.1,LOW,0.3,1.1
PRJ-4764,Railway,Odisha,1461.47,44,69.9,66.5,3.4,67.1,1.009,76.8,76.3,85.9,79.9,29,100.0,0,2.1,1,3.9,MEDIUM,1.8,6.6
PRJ-4765,Airport,Andhra Pradesh,2243.21,67,54.3,51.6,2.7,54.8,1.062,81.6,80.1,78.7,73.8,26,98.5,4,2.3,1,2.7,MEDIUM,3.0,7.7
PRJ-4766,Power Infrastructure,Delhi NCR,1407.36,39,35.2,26.4,8.8,29.9,1.133,78.2,78.2,84.6,72.2,40,69.6,3,2.2,0,3.8,MEDIUM,2.5,6.0
PRJ-4767,Airport,Andhra Pradesh,2147.88,57,79.7,73.8,5.9,81.4,1.103,81.3,70.8,76.9,78.5,29,93.7,3,1.8,1,2.6,MEDIUM,1.9,5.0
PRJ-4768,Metro,West Bengal,1595.16,36,61.4,53.4,8.0,62.8,1.176,68.6,57.1,65.2,66.9,79,84.7,4,6.1,2,7.0,HIGH,6.8,12.7
PRJ-4769,Metro,Tamil Nadu,6368.46,42,64.3,43.9,20.4,51.8,1.18,60.2,60.7,56.9,58.1,65,66.3,2,6.5,3,7.0,HIGH,5.6,10.5
PRJ-4770,Airport,Gujarat,2702.06,30,24.5,17.4,7.1,19.3,1.109,84.4,83.9,76.3,74.1,38,70.1,4,3.6,1,3.3,MEDIUM,1.7,6.2
PRJ-4771,Water Supply,Himachal Pradesh,1750.4,30,72.2,69.6,2.6,74.0,1.063,76.4,74.1,73.1,81.3,29,99.5,2,4.3,1,3.9,MEDIUM,2.2,7.4
PRJ-4772,Highway,Maharashtra,1600.82,40,70.9,64.0,6.9,69.6,1.087,73.7,74.3,84.1,79.3,23,92.5,1,3.4,0,3.6,MEDIUM,3.2,8.8
PRJ-4773,Water Supply,Gujarat,253.07,17,67.8,38.3,29.5,50.2,1.311,37.3,45.4,51.4,36.2,232,53.4,8,6.7,4,8.8,CRITICAL,11.2,23.9
PRJ-4774,Highway,Bihar,4031.0,39,89.1,89.1,0.0,92.6,1.039,97.6,94.1,96.4,92.4,2,98.3,0,2.1,0,1.8,LOW,0.3,0.0
PRJ-4775,Power Infrastructure,Delhi NCR,4492.7,66,64.2,34.5,29.7,44.8,1.299,37.8,43.8,39.5,51.2,203,52.2,7,7.8,5,7.5,CRITICAL,10.4,27.0
PRJ-4776,Water Supply,Jammu & Kashmir,428.54,28,73.1,73.1,0.0,71.2,0.974,92.2,96.3,92.1,85.5,0,100.0,1,2.5,0,0.5,LOW,0.2,1.0
PRJ-4777,Airport,Kerala,2396.7,50,71.6,71.6,0.0,68.1,0.951,90.7,90.1,97.7,94.1,0,100.0,1,3.0,0,0.7,LOW,0.3,0.5
PRJ-4778,Water Supply,Telangana,411.56,26,76.0,67.7,8.3,78.0,1.152,62.0,55.5,69.0,63.3,105,87.1,5,6.6,2,5.4,HIGH,5.9,18.5
PRJ-4779,Railway,Karnataka,1969.31,38,68.5,40.2,28.3,49.6,1.234,47.6,32.7,35.9,49.2,152,63.3,2,8.2,2,7.7,CRITICAL,12.8,34.2
PRJ-4780,Metro,Maharashtra,2522.33,84,71.7,69.1,2.6,75.3,1.09,74.7,72.4,85.2,74.6,24,94.7,4,2.7,0,3.9,MEDIUM,2.2,5.0
PRJ-4781,Bridge,Gujarat,2795.43,26,67.1,58.8,8.3,63.4,1.078,80.6,81.2,73.2,76.9,35,87.5,0,1.8,0,3.0,MEDIUM,2.1,5.8
PRJ-4782,Highway,West Bengal,1833.55,45,22.3,2.0,20.3,5.0,2.5,38.8,32.9,47.3,48.9,178,16.3,6,6.3,5,7.9,CRITICAL,11.1,23.5
PRJ-4783,Highway,West Bengal,1884.9,39,75.6,75.6,0.0,73.4,0.971,96.1,97.6,88.5,92.5,2,98.9,0,2.3,0,1.7,LOW,0.3,0.0
PRJ-4784,Power Infrastructure,Karnataka,1389.56,44,69.9,38.4,31.5,52.0,1.354,45.2,39.0,42.5,38.0,128,58.8,2,8.9,3,7.6,CRITICAL,15.5,29.0
PRJ-4785,Bridge,Odisha,1032.72,44,31.0,21.0,10.0,23.6,1.124,62.2,60.9,59.7,66.9,104,67.9,6,3.6,1,6.3,HIGH,6.0,10.6
PRJ-4786,Urban Development,West Bengal,571.77,25,23.4,22.4,1.0,23.3,1.04,96.8,93.4,97.8,96.9,0,99.7,0,2.4,0,1.1,LOW,0.4,0.0
PRJ-4787,Railway,Telangana,1341.33,39,20.5,20.5,0.0,21.1,1.029,95.4,88.1,91.1,92.1,5,95.3,1,0.3,0,0.7,LOW,0.3,0.2
PRJ-4788,Power Infrastructure,Karnataka,1269.13,43,34.4,34.4,0.0,33.4,0.971,96.5,95.1,96.8,86.2,3,95.5,0,2.4,0,1.8,LOW,0.1,1.1
PRJ-4789,Power Infrastructure,Odisha,541.33,26,21.7,2.0,19.7,5.0,2.5,35.7,30.5,47.7,49.9,150,15.0,1,5.4,2,8.7,CRITICAL,9.8,29.6
PRJ-4790,Highway,Gujarat,1590.1,30,72.6,59.7,12.9,68.8,1.152,60.0,54.9,55.9,65.2,83,89.8,2,6.9,1,5.6,HIGH,7.0,11.1
PRJ-4791,Metro,Karnataka,1533.43,64,85.5,80.6,4.9,90.7,1.125,80.5,82.2,73.5,79.8,39,92.6,1,2.7,1,3.5,MEDIUM,3.1,7.1
PRJ-4792,Power Infrastructure,Jammu & Kashmir,5368.3,30,39.0,39.0,0.0,38.9,0.997,98.6,88.0,88.8,95.6,5,96.4,1,3.0,0,0.8,LOW,0.1,0.7
PRJ-4793,Power Infrastructure,Maharashtra,914.54,33,88.2,79.2,9.0,83.1,1.049,80.0,78.1,75.5,83.0,40,87.6,1,4.3,0,3.5,MEDIUM,2.1,7.7
PRJ-4794,Power Infrastructure,Rajasthan,3454.48,53,80.1,50.6,29.5,63.7,1.259,52.8,40.2,43.0,39.7,104,62.6,1,5.9,2,7.1,CRITICAL,11.6,27.1
PRJ-4795,Bridge,Telangana,5328.57,37,20.5,12.2,8.3,14.1,1.156,76.0,70.8,81.1,81.2,37,61.1,1,4.2,1,3.6,MEDIUM,2.5,6.8
PRJ-4796,Water Supply,Uttar Pradesh,516.64,30,46.4,41.1,5.3,43.0,1.046,74.6,78.9,85.0,75.1,23,92.8,1,3.0,1,3.6,MEDIUM,2.5,4.3
PRJ-4797,Irrigation,Maharashtra,582.89,23,24.0,14.0,10.0,15.4,1.1,68.6,65.0,65.3,56.0,70,53.2,1,6.8,2,6.3,HIGH,5.6,12.5
PRJ-4798,Railway,Odisha,6593.54,24,65.0,47.6,17.4,53.8,1.13,64.8,66.4,54.7,55.9,81,74.9,2,4.4,3,5.8,HIGH,6.1,16.4
PRJ-4799,Water Supply,Jammu & Kashmir,2090.88,30,37.5,33.0,4.5,32.5,0.985,72.3,76.3,72.6,74.2,40,90.0,1,3.3,1,3.3,MEDIUM,3.5,6.0
PRJ-4800,Urban Development,Telangana,654.61,14,57.7,37.8,19.9,47.8,1.265,67.2,67.7,61.9,61.8,97,64.3,7,3.6,2,5.1,HIGH,6.1,17.3
PRJ-4801,Highway,Jammu & Kashmir,629.41,42,20.4,9.0,11.4,10.3,1.144,68.9,68.7,64.4,60.3,101,45.7,4,7.6,1,6.3,HIGH,4.3,11.6
PRJ-4802,Water Supply,Jammu & Kashmir,597.11,25,27.3,27.3,0.0,26.6,0.974,98.2,86.4,95.8,92.9,1,98.3,0,3.1,0,2.1,LOW,0.3,0.8
PRJ-4803,Urban Development,Jammu & Kashmir,1991.77,17,68.7,47.2,21.5,62.0,1.314,36.1,38.9,43.4,33.4,117,66.7,6,9.0,3,9.2,CRITICAL,12.1,17.3
PRJ-4804,Bridge,Uttar Pradesh,935.9,31,61.9,59.3,2.6,62.0,1.046,98.3,86.7,98.0,90.3,6,90.4,2,1.0,0,1.1,LOW,0.1,0.4
PRJ-4805,Urban Development,Maharashtra,371.83,24,62.4,54.4,8.0,60.4,1.11,60.7,65.1,67.3,66.3,46,94.0,5,5.1,1,5.8,HIGH,5.5,16.5
PRJ-4806,Water Supply,Andhra Pradesh,912.65,23,69.0,65.6,3.4,70.5,1.075,73.8,83.5,75.9,76.8,35,92.7,3,2.5,1,3.6,MEDIUM,2.4,8.7
PRJ-4807,Urban Development,Tamil Nadu,875.62,19,68.7,60.9,7.8,66.8,1.097,85.2,78.4,73.1,81.2,43,93.5,5,3.6,1,4.3,MEDIUM,2.0,4.5
PRJ-4808,Airport,Odisha,3122.05,34,59.6,45.2,14.4,50.7,1.122,61.8,60.8,54.9,58.7,73,74.8,2,3.6,3,6.5,HIGH,5.1,11.5
PRJ-4809,Power Infrastructure,Gujarat,3326.27,49,46.8,36.5,10.3,42.4,1.162,61.1,61.3,55.8,64.5,113,81.3,4,5.2,3,7.1,HIGH,6.8,9.1
PRJ-4810,Power Infrastructure,Kerala,2182.3,41,61.0,59.9,1.1,61.8,1.032,91.9,91.6,96.9,88.6,0,98.0,0,2.8,0,2.0,LOW,0.4,0.7
PRJ-4811,Power Infrastructure,Odisha,2162.5,46,37.7,37.7,0.0,37.0,0.981,96.7,98.2,88.3,88.7,5,100.0,0,0.5,0,1.3,LOW,0.1,1.8
PRJ-4812,Highway,Bihar,486.41,36,25.0,16.1,8.9,19.0,1.18,69.2,65.3,56.1,60.4,102,64.5,5,3.4,1,6.8,HIGH,7.0,14.9
PRJ-4813,Airport,West Bengal,1926.81,50,73.3,59.3,14.0,69.1,1.165,58.6,61.8,56.5,57.8,101,81.2,2,4.2,1,6.5,HIGH,6.9,12.6
PRJ-4814,Power Infrastructure,Kerala,530.86,48,81.4,80.8,0.6,81.9,1.014,94.7,87.8,94.5,89.7,0,97.1,0,3.5,0,1.4,LOW,0.2,1.7
PRJ-4815,Power Infrastructure,Rajasthan,1202.6,37,24.6,2.0,22.6,5.0,2.5,50.5,42.4,39.9,39.3,184,15.0,4,5.6,4,7.6,CRITICAL,10.8,33.8
PRJ-4816,Urban Development,Rajasthan,3526.18,35,81.5,76.0,5.5,85.8,1.129,82.5,70.4,77.0,72.9,14,95.0,1,3.1,1,3.0,MEDIUM,2.0,9.9
PRJ-4817,Irrigation,Delhi NCR,568.18,32,78.0,74.6,3.4,79.3,1.063,75.0,84.4,83.6,76.5,30,94.6,1,3.8,1,3.1,MEDIUM,2.5,7.5
PRJ-4818,Metro,Telangana,13081.6,73,44.2,22.6,21.6,28.8,1.274,55.3,57.9,55.1,59.0,70,53.5,5,6.4,2,6.4,HIGH,6.5,18.3
PRJ-4819,Water Supply,Odisha,231.69,17,25.9,2.2,23.7,5.0,2.273,37.6,38.4,42.6,39.5,157,15.0,4,5.6,5,8.3,CRITICAL,10.1,23.2
PRJ-4820,Irrigation,Jammu & Kashmir,2080.23,30,40.9,38.1,2.8,39.9,1.047,83.7,73.1,81.1,70.6,23,97.6,1,4.1,1,2.5,MEDIUM,2.8,8.9
PRJ-4821,Metro,West Bengal,8460.87,33,71.8,71.6,0.2,71.5,0.999,92.4,87.0,95.6,95.1,3,100.0,2,0.9,0,0.5,LOW,0.5,1.3
PRJ-4822,Airport,Tamil Nadu,19175.46,32,61.4,53.8,7.6,57.8,1.074,79.4,82.6,79.2,75.1,31,84.8,0,3.9,1,4.4,MEDIUM,3.8,6.0
PRJ-4823,Power Infrastructure,Karnataka,1921.96,37,50.2,27.4,22.8,35.8,1.307,52.6,47.6,41.5,38.7,166,52.0,6,6.6,5,9.5,CRITICAL,7.5,27.2
PRJ-4824,Metro,West Bengal,5074.72,51,67.2,67.2,0.0,68.7,1.022,96.9,97.4,97.6,86.7,0,98.1,1,1.1,0,2.1,LOW,0.4,1.4
PRJ-4825,Metro,Jammu & Kashmir,2918.76,48,32.8,31.2,1.6,32.9,1.054,88.2,90.4,95.3,92.2,2,94.2,2,1.3,0,0.6,LOW,0.3,2.4
PRJ-4826,Railway,Odisha,12182.69,45,55.8,53.6,2.2,51.2,0.955,95.8,96.4,97.5,91.8,5,97.1,0,1.9,0,1.2,LOW,0.5,0.7
PRJ-4827,Power Infrastructure,Telangana,2704.44,19,51.1,50.8,0.3,52.0,1.024,92.4,87.2,95.3,95.1,2,100.0,0,0.8,0,1.0,LOW,0.1,0.0
PRJ-4828,Bridge,West Bengal,3594.08,28,66.7,41.4,25.3,54.9,1.326,38.7,35.7,54.0,37.3,198,58.4,9,6.8,4,8.4,CRITICAL,11.1,22.8
PRJ-4829,Urban Development,Uttar Pradesh,547.04,16,74.9,64.6,10.3,75.4,1.167,56.1,57.4,60.2,67.0,86,87.4,3,4.6,2,7.0,HIGH,5.9,12.4
PRJ-4830,Highway,Kerala,2099.07,57,20.1,9.4,10.7,11.0,1.17,64.1,58.9,55.6,61.0,101,45.7,6,7.8,1,6.5,HIGH,5.6,12.6
PRJ-4831,Airport,Kerala,5345.86,35,45.2,45.2,0.0,45.4,1.004,95.8,95.6,96.5,92.3,0,97.8,0,4.0,0,1.6,LOW,0.0,0.9
PRJ-4832,Metro,Bihar,1899.61,42,67.9,64.3,3.6,69.5,1.081,76.9,80.3,84.1,76.1,35,93.2,3,2.4,1,4.1,MEDIUM,2.5,6.8
PRJ-4833,Urban Development,Uttar Pradesh,1072.93,23,43.7,27.4,16.3,32.7,1.193,61.7,58.4,63.0,64.3,93,66.1,3,4.6,2,5.3,HIGH,7.9,15.4
PRJ-4834,Railway,Andhra Pradesh,2533.64,61,83.2,63.7,19.5,80.1,1.257,64.7,65.6,68.2,67.6,104,78.0,6,5.2,1,6.7,HIGH,7.7,10.6
PRJ-4835,Water Supply,Gujarat,2123.75,19,68.8,48.8,20.0,58.5,1.199,62.6,54.1,68.9,63.8,51,72.6,2,6.2,2,5.8,HIGH,6.4,14.1
PRJ-4836,Bridge,Gujarat,4246.67,55,37.4,36.5,0.9,37.7,1.033,97.0,86.4,95.9,87.5,4,93.8,1,0.3,0,2.0,LOW,0.3,0.0
PRJ-4837,Urban Development,Rajasthan,1055.71,36,74.2,72.3,1.9,76.1,1.053,72.5,71.4,72.7,75.3,32,99.1,3,3.6,1,3.5,MEDIUM,2.6,6.3
PRJ-4838,Power Infrastructure,Madhya Pradesh,4137.77,27,70.7,70.7,0.0,73.5,1.04,92.0,92.5,89.9,92.4,0,97.5,2,1.3,0,1.7,LOW,0.0,0.7
PRJ-4839,Irrigation,Kerala,286.06,13,56.5,28.0,28.5,37.3,1.332,47.2,31.0,54.0,48.7,221,45.5,6,10.0,5,7.7,CRITICAL,9.0,25.0
PRJ-4840,Highway,Himachal Pradesh,469.7,40,77.7,77.7,0.0,79.1,1.018,93.0,86.6,95.7,97.4,3,97.0,0,2.0,0,1.7,LOW,0.6,2.9
PRJ-4841,Airport,Karnataka,15505.96,47,35.2,22.2,13.0,26.9,1.212,70.0,57.9,66.4,63.2,89,64.0,4,5.9,1,5.4,HIGH,7.2,10.7
PRJ-4842,Urban Development,Gujarat,1565.49,12,61.1,41.5,19.6,49.7,1.198,60.3,62.6,61.0,66.3,71,65.7,3,3.4,1,7.0,HIGH,5.0,18.7
PRJ-4843,Highway,Delhi NCR,2738.63,24,67.7,53.6,14.1,58.1,1.084,63.9,66.4,69.1,62.2,75,79.6,1,5.2,1,5.6,HIGH,6.2,15.3
PRJ-4844,Power Infrastructure,Gujarat,3113.83,38,87.3,54.2,33.1,74.9,1.382,35.5,33.8,50.6,47.1,134,57.0,9,9.5,4,7.2,CRITICAL,7.8,21.7
PRJ-4845,Railway,Gujarat,9299.24,54,60.1,39.3,20.8,49.3,1.254,55.9,55.7,56.3,61.4,66,62.5,4,4.9,2,5.2,HIGH,7.4,13.3
PRJ-4846,Urban Development,Uttar Pradesh,321.62,40,84.2,84.2,0.0,87.4,1.038,90.5,88.8,89.2,92.7,4,93.6,0,2.5,0,0.8,LOW,0.0,1.3
PRJ-4847,Urban Development,Gujarat,315.08,20,91.9,91.9,0.0,92.9,1.011,94.8,88.5,93.8,92.0,2,97.4,1,0.3,0,0.6,LOW,0.4,0.6
PRJ-4848,Metro,Gujarat,7222.29,54,70.1,70.1,0.0,68.4,0.976,91.8,90.1,93.3,96.9,2,98.9,0,1.7,0,1.4,LOW,0.2,0.0
PRJ-4849,Bridge,Kerala,1200.57,45,82.6,49.3,33.3,64.8,1.314,53.4,38.0,38.9,33.2,191,59.7,4,10.0,5,8.7,CRITICAL,15.0,24.2
PRJ-4850,Metro,Telangana,2323.9,36,63.5,60.2,3.3,61.7,1.025,83.6,74.5,80.8,70.9,31,96.1,1,3.5,0,4.4,MEDIUM,2.3,5.4
PRJ-4851,Power Infrastructure,Uttarakhand,9915.95,59,56.4,31.5,24.9,39.2,1.244,38.2,47.2,45.3,42.5,142,56.1,6,7.2,3,7.1,CRITICAL,9.5,24.7
PRJ-4852,Power Infrastructure,Gujarat,729.91,31,34.1,30.3,3.8,31.6,1.043,73.1,83.0,78.5,73.4,28,88.3,0,4.0,1,2.7,MEDIUM,2.3,8.1
PRJ-4853,Metro,Kerala,3636.66,70,44.3,43.3,1.0,44.1,1.018,97.2,86.5,97.3,90.5,3,97.2,0,2.8,0,1.1,LOW,0.1,0.0
PRJ-4854,Irrigation,Karnataka,852.05,29,65.5,46.6,18.9,56.1,1.204,59.2,67.3,66.7,55.8,60,66.6,5,3.8,2,5.4,HIGH,6.5,14.8
PRJ-4855,Railway,West Bengal,10125.85,32,38.1,38.0,0.1,38.5,1.013,90.9,93.6,91.1,87.9,2,97.3,0,1.3,0,1.8,LOW,0.0,1.3
PRJ-4856,Power Infrastructure,Odisha,2455.28,41,73.9,49.6,24.3,62.4,1.258,50.3,44.5,35.6,42.7,156,69.1,5,8.0,4,7.3,CRITICAL,10.9,31.9
PRJ-4857,Highway,Rajasthan,537.03,26,72.5,64.7,7.8,69.9,1.08,80.3,73.0,76.4,77.4,37,94.0,3,3.3,1,4.4,MEDIUM,2.5,9.0
PRJ-4858,Power Infrastructure,Andhra Pradesh,1265.95,50,37.5,30.1,7.4,32.6,1.083,83.1,77.9,74.2,70.5,33,81.3,0,1.8,1,2.5,MEDIUM,2.2,8.4
PRJ-4859,Airport,Uttarakhand,6416.4,59,23.7,5.7,18.0,6.7,1.175,35.2,34.5,37.8,52.8,99,26.8,1,9.4,4,9.4,CRITICAL,10.3,24.0
PRJ-4860,Metro,Tamil Nadu,3076.71,41,29.2,29.2,0.0,30.7,1.051,97.6,86.9,98.3,90.3,2,98.1,0,1.8,0,2.2,LOW,0.4,1.5
PRJ-4861,Airport,Kerala,1383.52,62,67.8,49.4,18.4,59.2,1.198,64.2,60.1,62.6,64.8,77,68.9,5,4.4,1,5.2,HIGH,4.5,12.7
PRJ-4862,Water Supply,Kerala,337.28,37,90.9,88.8,2.1,87.9,0.99,88.9,97.4,94.1,96.8,0,100.0,0,3.0,0,2.0,LOW,0.1,1.4
PRJ-4863,Bridge,Karnataka,688.56,47,70.3,35.4,34.9,49.0,1.384,53.6,48.0,44.7,40.4,189,52.4,5,5.8,3,7.7,CRITICAL,11.3,24.5
PRJ-4864,Urban Development,Odisha,680.28,31,69.6,69.6,0.0,68.5,0.984,88.2,87.7,92.9,86.1,4,96.7,0,2.2,0,1.7,LOW,0.0,2.0
PRJ-4865,Bridge,Karnataka,2994.09,39,64.2,57.1,7.1,62.0,1.086,83.4,80.2,72.7,77.3,25,85.6,3,3.6,0,3.9,MEDIUM,2.3,7.8
PRJ-4866,Water Supply,Odisha,276.45,19,80.9,80.9,0.0,82.6,1.021,93.1,92.1,90.2,88.3,2,100.0,1,1.5,0,2.0,LOW,0.4,1.3
PRJ-4867,Water Supply,Delhi NCR,6029.72,27,41.3,5.4,35.9,7.6,1.407,35.5,35.9,42.1,49.1,117,15.0,10,8.5,2,8.7,CRITICAL,11.7,28.4
PRJ-4868,Urban Development,Kerala,501.14,19,22.7,22.7,0.0,22.3,0.982,95.1,87.3,90.9,92.2,0,100.0,1,2.4,0,1.3,LOW,0.2,1.7
PRJ-4869,Highway,Delhi NCR,565.72,39,20.7,19.2,1.5,19.4,1.01,82.4,81.8,84.0,73.3,35,91.4,1,3.2,1,3.5,MEDIUM,3.2,5.7
PRJ-4870,Metro,Maharashtra,11646.3,33,61.8,56.7,5.1,57.7,1.018,74.9,78.5,73.5,77.9,41,94.1,0,1.9,1,2.7,MEDIUM,1.7,8.1
PRJ-4871,Urban Development,Tamil Nadu,224.69,28,32.2,2.5,29.7,5.0,2.0,36.3,45.1,40.8,48.7,125,15.0,7,9.2,5,8.4,CRITICAL,11.1,28.0
PRJ-4872,Railway,Andhra Pradesh,4036.22,50,71.0,71.0,0.0,72.1,1.015,98.5,87.6,93.2,91.3,1,100.0,0,0.8,0,1.0,LOW,0.0,0.6
PRJ-4873,Irrigation,Assam,367.22,39,22.0,22.0,0.0,22.5,1.023,89.6,95.6,94.2,94.3,1,96.5,0,3.6,0,1.8,LOW,0.1,1.3
PRJ-4874,Metro,Odisha,3551.71,31,38.3,36.0,2.3,36.4,1.011,88.4,98.0,91.8,95.4,0,92.8,0,1.6,0,1.1,LOW,0.2,0.9
PRJ-4875,Highway,Assam,1233.13,46,77.3,61.0,16.3,72.9,1.195,58.6,62.0,65.6,57.2,90,77.7,2,5.0,3,5.5,HIGH,6.1,17.7
PRJ-4876,Highway,Karnataka,2355.29,51,89.1,82.3,6.8,85.7,1.041,85.4,70.9,84.6,72.8,38,92.9,1,4.2,0,4.5,MEDIUM,2.4,6.1
PRJ-4877,Highway,Uttarakhand,686.65,32,31.3,26.1,5.2,27.1,1.038,84.7,75.0,72.8,76.3,26,87.8,1,5.8,1,3.4,MEDIUM,2.6,4.7
PRJ-4878,Airport,Odisha,1801.15,70,84.6,66.6,18.0,86.3,1.296,41.4,30.1,54.0,37.6,178,80.4,9,6.0,4,7.9,CRITICAL,8.8,33.1
PRJ-4879,Water Supply,Himachal Pradesh,976.61,19,50.1,29.3,20.8,36.5,1.246,57.1,68.8,64.0,56.5,85,56.7,4,5.9,2,6.5,HIGH,7.3,15.1
PRJ-4880,Airport,Andhra Pradesh,3674.08,42,32.9,17.0,15.9,19.1,1.124,57.9,56.1,64.5,57.3,77,51.6,2,5.7,1,6.9,HIGH,6.2,14.3
PRJ-4881,Irrigation,Maharashtra,1048.89,29,67.3,65.8,1.5,65.3,0.992,81.2,74.2,79.0,77.3,54,96.7,1,3.9,1,3.4,MEDIUM,2.6,6.8
PRJ-4882,Airport,Uttarakhand,1442.53,48,48.2,47.8,0.4,47.2,0.987,94.3,91.7,98.0,86.6,0,100.0,2,2.7,0,1.4,LOW,0.3,2.2
PRJ-4883,Metro,Assam,8419.3,24,28.9,5.2,23.7,6.7,1.288,35.3,33.0,44.1,37.0,150,15.0,6,10.0,5,8.8,CRITICAL,13.4,24.1
PRJ-4884,Power Infrastructure,West Bengal,800.88,30,35.7,24.1,11.6,26.1,1.083,65.1,59.2,56.8,65.5,66,67.5,3,5.2,2,6.8,HIGH,5.7,11.3
PRJ-4885,Urban Development,Delhi NCR,638.25,24,62.7,53.2,9.5,61.9,1.164,69.2,68.7,62.9,62.0,98,89.3,7,3.6,1,5.4,HIGH,6.4,14.6
PRJ-4886,Irrigation,Assam,517.37,21,89.5,63.8,25.7,77.9,1.221,47.5,37.7,37.8,32.3,90,71.6,3,9.6,3,9.0,CRITICAL,12.2,25.3
PRJ-4887,Bridge,Telangana,1553.26,32,22.6,21.7,0.9,21.6,0.995,93.5,93.2,90.2,91.4,4,100.0,0,1.8,0,1.0,LOW,0.2,1.8
PRJ-4888,Railway,Uttar Pradesh,13126.06,64,45.0,30.7,14.3,35.7,1.163,61.2,65.4,60.5,63.0,92,64.9,3,5.2,3,5.2,HIGH,7.6,15.3
PRJ-4889,Urban Development,Andhra Pradesh,4158.93,29,88.2,88.2,0.0,83.1,0.942,94.5,97.1,96.6,96.7,0,100.0,0,1.6,0,1.0,LOW,0.0,1.9
PRJ-4890,Water Supply,Karnataka,429.89,23,39.0,34.5,4.5,40.1,1.162,77.1,73.7,85.3,81.6,28,87.4,4,4.2,0,2.8,MEDIUM,2.4,5.9
PRJ-4891,Urban Development,Himachal Pradesh,874.58,23,30.1,11.3,18.8,13.7,1.212,64.4,67.1,64.1,65.2,125,37.0,6,6.1,3,5.3,HIGH,7.1,14.0
PRJ-4892,Airport,West Bengal,7096.01,43,71.4,57.4,14.0,66.4,1.157,57.3,56.3,57.9,63.5,100,82.7,6,3.3,1,6.3,HIGH,5.4,18.4
PRJ-4893,Railway,Uttarakhand,2720.08,67,41.2,7.8,33.4,10.6,1.359,44.2,32.1,54.2,50.2,129,17.2,5,7.4,5,9.2,CRITICAL,15.2,29.0
PRJ-4894,Urban Development,Telangana,688.68,15,70.1,40.1,30.0,51.0,1.272,51.5,42.5,42.7,47.7,144,55.9,4,8.4,3,8.7,CRITICAL,11.3,31.2
PRJ-4895,Urban Development,Andhra Pradesh,1285.89,35,76.9,76.9,0.0,74.0,0.962,98.3,93.2,89.8,95.2,4,100.0,0,1.8,0,1.4,LOW,0.3,1.8
PRJ-4896,Metro,Maharashtra,2489.32,56,90.4,90.4,0.0,94.5,1.045,94.5,90.4,95.9,87.4,3,99.3,0,0.8,0,2.2,LOW,0.4,1.1
PRJ-4897,Highway,Himachal Pradesh,1661.08,42,72.0,72.0,0.0,69.6,0.967,96.8,88.5,90.4,91.0,3,100.0,0,2.0,0,0.5,LOW,0.3,1.6
PRJ-4898,Airport,Rajasthan,1874.05,45,27.7,27.7,0.0,28.6,1.032,92.2,94.1,88.9,85.2,0,99.0,0,2.1,0,0.6,LOW,0.2,0.4
PRJ-4899,Airport,Odisha,2328.49,63,66.0,62.6,3.4,66.0,1.054,76.3,78.0,80.6,83.3,28,94.1,1,2.1,0,3.5,MEDIUM,2.6,4.9
PRJ-4900,Urban Development,Gujarat,527.74,40,55.4,53.4,2.0,56.1,1.051,72.3,71.1,82.0,72.3,23,96.1,1,4.0,0,2.9,MEDIUM,2.3,5.3
PRJ-4901,Highway,Kerala,655.3,36,28.2,24.4,3.8,24.7,1.012,76.9,80.7,86.4,77.0,26,84.7,2,5.0,0,4.7,MEDIUM,2.2,6.1
PRJ-4902,Airport,Uttarakhand,13246.56,34,64.7,61.9,2.8,60.8,0.982,77.4,72.8,76.2,79.6,21,97.0,0,5.0,0,2.6,MEDIUM,3.2,9.5
PRJ-4903,Irrigation,Gujarat,312.6,26,55.1,45.8,9.3,53.1,1.159,56.1,68.3,55.1,67.7,78,80.8,4,5.2,1,6.8,HIGH,6.1,12.6
PRJ-4904,Highway,Gujarat,678.88,34,63.6,63.6,0.0,68.1,1.071,89.7,97.2,95.9,94.3,0,97.8,0,0.9,0,1.2,LOW,0.1,0.8
PRJ-4905,Power Infrastructure,Telangana,4523.96,38,86.6,86.6,0.0,89.3,1.031,90.6,87.1,98.9,88.1,2,100.0,0,2.2,0,1.8,LOW,0.3,1.3
PRJ-4906,Highway,Delhi NCR,2201.14,37,35.1,24.3,10.8,28.8,1.185,59.1,61.2,69.3,56.1,85,68.4,4,3.5,1,6.8,HIGH,6.2,14.5
PRJ-4907,Irrigation,Rajasthan,357.49,20,34.9,33.8,1.1,34.1,1.009,90.3,91.6,94.2,94.4,7,96.9,0,0.6,0,2.0,LOW,0.2,2.0
PRJ-4908,Urban Development,Rajasthan,230.09,34,71.4,66.0,5.4,70.4,1.067,82.7,80.9,84.8,76.3,28,93.5,5,1.6,1,3.6,MEDIUM,2.7,6.2
PRJ-4909,Irrigation,Telangana,2252.23,26,39.7,39.5,0.2,40.7,1.03,90.6,94.2,96.2,94.2,4,100.0,0,0.4,0,2.0,LOW,0.3,0.9
PRJ-4910,Airport,Karnataka,2509.82,45,68.4,41.3,27.1,53.9,1.305,42.9,35.8,35.2,35.2,171,61.9,9,7.4,2,9.2,CRITICAL,11.2,27.5
PRJ-4911,Water Supply,Uttarakhand,534.75,33,87.3,84.2,3.1,89.2,1.059,84.8,83.3,86.2,77.3,28,94.8,1,5.8,0,4.3,MEDIUM,2.9,4.2
PRJ-4912,Bridge,Gujarat,1039.65,58,66.6,45.0,21.6,57.3,1.273,38.7,32.6,40.3,35.8,172,66.1,7,7.6,3,7.4,CRITICAL,10.2,28.4
PRJ-4913,Irrigation,Uttarakhand,176.33,28,56.4,40.1,16.3,45.7,1.14,63.4,63.2,54.7,61.4,63,78.0,2,6.1,2,5.5,HIGH,6.0,11.3
PRJ-4914,Bridge,Kerala,2485.46,22,91.2,83.0,8.2,94.5,1.139,60.5,54.8,67.8,58.1,82,87.0,5,7.9,3,6.1,HIGH,4.8,12.7
PRJ-4915,Power Infrastructure,Gujarat,917.67,18,25.6,2.0,23.6,5.0,2.5,47.3,49.0,46.1,40.2,150,15.0,4,8.2,5,9.2,CRITICAL,9.3,27.3
PRJ-4916,Metro,Odisha,5389.89,59,28.1,28.1,0.0,28.4,1.011,96.1,86.7,94.9,96.6,0,100.0,0,0.8,0,1.0,LOW,0.2,1.1
PRJ-4917,Water Supply,Tamil Nadu,1947.32,28,86.0,72.5,13.5,80.7,1.113,63.0,53.6,58.4,58.8,70,85.3,2,7.0,3,7.1,HIGH,8.0,15.4
PRJ-4918,Railway,Uttar Pradesh,5881.26,42,88.5,73.5,15.0,82.3,1.12,70.0,53.9,57.1,57.2,97,80.3,1,4.1,1,6.0,HIGH,4.7,16.1
PRJ-4919,Water Supply,Karnataka,1222.58,27,40.7,36.5,4.2,36.8,1.008,84.6,77.4,73.6,82.0,32,89.4,2,2.2,0,3.7,MEDIUM,2.4,5.4
PRJ-4920,Power Infrastructure,West Bengal,2361.59,48,67.6,62.4,5.2,70.3,1.127,81.2,76.9,84.4,78.8,43,91.3,3,1.5,1,3.7,MEDIUM,2.7,6.7
PRJ-4921,Power Infrastructure,Tamil Nadu,1136.03,33,24.4,4.4,20.0,5.4,1.227,69.9,57.8,54.7,60.4,66,15.0,3,6.8,2,6.4,HIGH,6.1,14.7
PRJ-4922,Irrigation,Uttarakhand,2170.46,27,47.2,15.6,31.6,21.3,1.365,51.8,35.1,45.6,36.2,246,35.2,6,7.8,5,7.5,CRITICAL,8.3,29.1
PRJ-4923,Water Supply,Himachal Pradesh,414.78,21,78.0,78.0,0.0,75.8,0.972,98.0,89.0,97.2,86.6,2,97.0,0,3.4,0,0.6,LOW,0.2,0.5
PRJ-4924,Urban Development,Assam,1567.81,25,36.7,36.7,0.0,37.5,1.022,94.8,95.7,89.2,88.0,0,97.1,1,3.1,0,2.0,LOW,0.1,0.4
PRJ-4925,Airport,Jammu & Kashmir,2504.37,31,87.7,87.6,0.1,87.7,1.001,99.0,98.9,95.4,94.4,0,96.5,2,1.6,0,2.2,LOW,0.0,0.0
PRJ-4926,Water Supply,Delhi NCR,1800.13,14,75.6,75.6,0.0,78.2,1.034,95.4,95.8,95.1,91.8,2,100.0,0,1.8,0,1.2,LOW,0.1,0.9
PRJ-4927,Power Infrastructure,Odisha,1190.55,46,66.5,44.2,22.3,55.0,1.244,39.7,40.9,52.4,34.9,158,67.5,5,6.9,5,8.1,CRITICAL,11.4,22.0
PRJ-4928,Metro,Karnataka,6492.58,29,85.7,83.3,2.4,88.5,1.062,91.4,95.3,96.8,91.6,7,98.7,0,1.1,0,1.9,LOW,0.5,0.3
PRJ-4929,Urban Development,Karnataka,289.33,33,66.4,66.4,0.0,65.6,0.988,97.3,93.1,88.6,91.0,1,98.8,0,1.2,0,2.0,LOW,0.2,1.5
PRJ-4930,Power Infrastructure,Delhi NCR,1252.88,47,50.1,45.9,4.2,48.1,1.048,73.0,78.4,84.9,72.5,26,86.0,2,3.2,0,2.7,MEDIUM,3.2,6.6
PRJ-4931,Metro,Uttarakhand,5352.27,52,28.0,14.6,13.4,17.0,1.164,69.7,53.5,56.6,67.3,79,50.3,2,5.2,1,6.6,HIGH,6.0,13.4
PRJ-4932,Urban Development,Gujarat,1480.87,32,59.3,58.4,0.9,59.4,1.017,90.8,88.9,95.3,95.5,0,100.0,0,0.8,0,1.3,LOW,0.0,1.1
PRJ-4933,Bridge,Delhi NCR,2600.96,39,66.6,48.6,18.0,58.1,1.195,46.0,35.7,38.3,36.7,202,75.7,3,7.3,2,7.6,CRITICAL,9.3,24.3
PRJ-4934,Power Infrastructure,Uttar Pradesh,5254.81,21,88.1,83.2,4.9,94.4,1.135,75.0,75.1,81.9,80.2,22,94.9,4,3.5,0,3.2,MEDIUM,3.6,5.5
PRJ-4935,Metro,Himachal Pradesh,4940.93,47,39.6,37.2,2.4,40.6,1.091,78.8,76.8,84.5,81.5,31,92.0,3,4.6,0,3.5,MEDIUM,2.3,5.8
PRJ-4936,Irrigation,Gujarat,752.36,29,39.0,37.8,1.2,38.6,1.021,92.3,89.9,98.7,95.0,3,96.9,0,1.8,0,0.6,LOW,0.2,0.0
PRJ-4937,Water Supply,Gujarat,1956.65,29,27.6,9.6,18.0,11.4,1.188,38.3,40.1,47.9,50.9,146,35.4,5,5.2,5,7.7,CRITICAL,9.0,32.4
PRJ-4938,Railway,Kerala,4045.45,64,81.1,77.0,4.1,82.1,1.066,81.2,79.1,74.8,70.9,27,92.8,3,4.1,1,3.0,MEDIUM,2.1,5.3
PRJ-4939,Airport,Uttar Pradesh,2267.01,54,46.1,43.6,2.5,44.6,1.023,77.8,75.6,84.8,75.6,33,100.0,2,2.7,1,4.5,MEDIUM,3.0,8.0
PRJ-4940,Urban Development,Karnataka,504.17,38,90.1,85.5,4.6,85.9,1.005,77.4,81.3,82.2,79.7,32,91.7,0,3.1,0,3.9,MEDIUM,2.5,3.4
PRJ-4941,Railway,Kerala,8593.21,56,30.2,30.2,0.0,31.0,1.026,98.3,94.9,99.8,92.0,1,100.0,0,3.2,0,0.9,LOW,0.0,0.2
PRJ-4942,Airport,Kerala,2369.05,52,32.9,32.8,0.1,32.4,0.988,93.9,95.6,99.6,89.1,0,100.0,0,3.3,0,2.0,LOW,0.0,1.3
PRJ-4943,Airport,Telangana,5877.49,45,90.3,84.2,6.1,90.5,1.075,76.2,82.8,72.8,78.2,21,89.4,3,2.8,0,4.1,MEDIUM,2.4,6.1
PRJ-4944,Power Infrastructure,Maharashtra,1659.72,31,43.4,38.5,4.9,40.6,1.055,72.8,84.8,74.6,83.3,36,86.7,2,2.5,0,3.9,MEDIUM,2.8,6.1
PRJ-4945,Metro,Karnataka,2025.07,62,29.3,12.9,16.4,15.0,1.163,59.7,63.3,67.4,67.4,102,41.5,2,3.4,2,6.8,HIGH,4.8,15.3
PRJ-4946,Water Supply,Uttar Pradesh,700.01,34,65.2,63.5,1.7,68.8,1.083,97.6,90.3,89.4,97.0,5,97.4,4,0.4,0,1.9,LOW,0.2,1.2
PRJ-4947,Airport,Telangana,5108.11,53,40.9,39.3,1.6,40.2,1.023,90.1,95.9,91.2,91.6,0,98.5,0,2.1,0,1.4,LOW,0.1,1.1
PRJ-4948,Bridge,Bihar,1132.96,40,77.9,62.0,15.9,73.2,1.181,57.1,66.5,61.7,62.8,83,80.4,6,5.6,1,5.3,HIGH,7.3,14.7
PRJ-4949,Power Infrastructure,Maharashtra,569.3,30,53.5,49.8,3.7,51.8,1.04,76.5,81.8,72.7,72.9,36,89.1,3,3.7,1,4.7,MEDIUM,1.7,7.9
PRJ-4950,Railway,Himachal Pradesh,1961.91,37,62.9,57.6,5.3,63.9,1.109,75.9,70.6,83.5,70.3,37,90.8,3,6.0,1,4.3,MEDIUM,2.3,6.4
PRJ-4951,Irrigation,Tamil Nadu,999.02,24,79.3,72.0,7.3,78.3,1.087,75.2,81.5,75.2,81.0,29,99.3,2,1.7,1,3.0,MEDIUM,1.9,3.6
PRJ-4952,Highway,Odisha,1853.39,38,27.6,21.2,6.4,23.0,1.085,80.3,75.2,86.7,79.4,33,73.9,1,3.4,0,4.7,MEDIUM,2.2,5.9
PRJ-4953,Power Infrastructure,Telangana,1671.43,30,81.7,64.9,16.8,74.1,1.142,56.8,58.0,59.8,62.3,57,75.8,2,6.9,3,6.4,HIGH,6.1,13.1
PRJ-4954,Power Infrastructure,Andhra Pradesh,939.44,48,46.5,38.2,8.3,41.0,1.073,72.2,76.4,79.8,73.8,18,84.2,1,3.0,0,4.6,MEDIUM,3.1,7.2
PRJ-4955,Water Supply,Jammu & Kashmir,985.81,33,74.7,74.5,0.2,79.0,1.06,96.0,89.2,95.0,92.4,0,97.8,1,3.3,0,1.1,LOW,0.4,1.8
PRJ-4956,Metro,Karnataka,2258.0,42,70.4,67.5,2.9,66.9,0.991,76.6,82.8,79.5,77.1,37,95.1,0,1.7,1,2.5,MEDIUM,3.0,10.3
PRJ-4957,Urban Development,Delhi NCR,258.71,29,49.3,47.0,2.3,51.7,1.1,74.6,83.7,84.9,82.3,33,100.0,5,4.2,1,3.2,MEDIUM,2.8,6.6
PRJ-4958,Power Infrastructure,Delhi NCR,5077.15,47,68.8,54.5,14.3,63.8,1.171,61.9,54.6,66.3,63.3,61,78.7,3,4.7,3,6.6,HIGH,4.4,16.0
PRJ-4959,Metro,Andhra Pradesh,9164.15,54,41.9,41.9,0.0,43.0,1.026,97.1,97.3,97.9,97.8,3,99.8,1,1.6,0,1.9,LOW,0.1,0.1
PRJ-4960,Railway,Odisha,1990.31,40,25.6,7.3,18.3,8.7,1.192,59.5,63.9,60.0,56.0,84,33.1,3,3.3,3,5.0,HIGH,6.1,10.2
PRJ-4961,Water Supply,Rajasthan,541.61,32,25.3,11.9,13.4,14.3,1.202,66.4,58.4,69.2,66.7,81,42.8,6,3.5,1,5.8,HIGH,6.2,15.3
PRJ-4962,Water Supply,Andhra Pradesh,1009.33,24,80.7,76.2,4.5,83.5,1.096,72.8,73.5,74.1,78.1,24,93.3,1,3.4,1,2.7,MEDIUM,2.0,8.8
PRJ-4963,Urban Development,Uttar Pradesh,5712.76,36,55.5,53.8,1.7,57.7,1.072,93.1,86.5,92.1,97.8,0,94.4,0,0.3,0,1.8,LOW,0.2,1.7
PRJ-4964,Power Infrastructure,Madhya Pradesh,663.25,40,32.8,31.5,1.3,33.1,1.051,91.5,88.5,89.3,86.7,2,89.7,0,1.4,0,1.7,LOW,0.0,1.1
PRJ-4965,Railway,Bihar,1565.28,46,57.4,54.5,2.9,58.8,1.079,80.7,83.8,86.1,76.4,27,92.2,2,2.3,1,4.7,MEDIUM,1.8,5.1
PRJ-4966,Highway,Telangana,675.09,30,48.7,44.6,4.1,45.8,1.027,79.2,81.8,79.7,75.2,36,92.7,1,1.6,1,4.2,MEDIUM,2.8,10.8
PRJ-4967,Urban Development,Gujarat,738.08,28,24.1,23.2,0.9,22.1,0.953,90.4,86.1,96.9,96.3,6,96.1,0,2.1,0,1.9,LOW,0.7,0.2
PRJ-4968,Urban Development,Tamil Nadu,209.57,25,21.1,2.0,19.1,5.0,2.5,37.2,50.3,48.6,45.9,206,15.0,6,8.1,4,7.6,CRITICAL,10.9,26.8
PRJ-4969,Bridge,Himachal Pradesh,573.57,33,74.4,56.4,18.0,70.9,1.257,37.3,41.3,46.0,39.3,156,78.3,5,7.4,4,7.6,CRITICAL,8.3,22.3
PRJ-4970,Highway,Uttarakhand,721.39,37,42.3,37.3,5.0,38.6,1.035,77.2,79.4,74.1,73.0,37,88.8,1,4.5,0,4.3,MEDIUM,4.0,6.9
PRJ-4971,Bridge,Jammu & Kashmir,5207.44,37,33.8,17.3,16.5,19.8,1.145,57.8,56.3,67.9,58.7,47,50.8,1,7.2,2,5.3,HIGH,6.2,13.6
PRJ-4972,Urban Development,Maharashtra,231.68,36,71.1,65.2,5.9,67.2,1.031,77.1,70.2,74.4,79.8,30,93.9,1,3.8,1,4.8,MEDIUM,1.4,5.4
PRJ-4973,Railway,Himachal Pradesh,3987.85,63,76.7,76.7,0.0,77.0,1.004,88.3,97.7,98.7,97.0,3,100.0,0,1.7,0,1.4,LOW,0.1,0.6
PRJ-4974,Metro,Maharashtra,12698.0,48,53.0,38.6,14.4,43.6,1.13,69.0,67.8,60.4,60.4,60,70.6,2,6.6,3,7.0,HIGH,6.0,7.7
PRJ-4975,Airport,West Bengal,3814.12,52,84.7,82.0,2.7,84.2,1.027,89.6,91.6,89.8,95.9,0,96.5,0,1.6,0,1.3,LOW,0.2,0.8
PRJ-4976,Bridge,Delhi NCR,1918.75,18,73.3,58.6,14.7,65.5,1.118,70.2,64.4,55.9,65.3,79,79.9,2,6.2,1,5.3,HIGH,5.7,15.7
PRJ-4977,Railway,Himachal Pradesh,5497.45,47,91.8,77.4,14.4,91.5,1.182,68.4,56.9,69.9,61.6,66,89.3,7,6.4,1,6.0,HIGH,6.1,16.0
PRJ-4978,Irrigation,Assam,1771.15,24,23.1,12.4,10.7,13.8,1.113,63.1,64.5,56.1,62.8,72,54.4,3,4.8,3,6.5,HIGH,4.6,15.5
PRJ-4979,Highway,Jammu & Kashmir,6867.06,39,88.3,71.8,16.5,81.2,1.131,67.4,68.6,64.4,65.8,129,81.1,3,5.1,3,6.0,HIGH,5.5,12.9
PRJ-4980,Highway,Andhra Pradesh,2015.26,26,75.6,69.8,5.8,79.4,1.138,84.4,82.9,79.0,79.9,23,89.8,1,3.5,1,3.4,MEDIUM,2.3,3.9
PRJ-4981,Water Supply,Bihar,1247.32,12,61.9,37.4,24.5,47.2,1.262,50.2,32.7,43.1,48.1,152,62.7,4,5.7,3,8.0,CRITICAL,13.0,26.6
PRJ-4982,Water Supply,Maharashtra,1348.57,20,38.4,18.7,19.7,23.0,1.23,49.5,47.1,40.9,42.8,195,52.9,6,8.3,3,8.8,CRITICAL,11.3,18.0
PRJ-4983,Urban Development,Andhra Pradesh,222.1,30,27.9,23.2,4.7,23.9,1.03,72.3,71.0,85.6,83.6,42,82.7,3,3.7,1,4.0,MEDIUM,2.1,3.5
PRJ-4984,Water Supply,Madhya Pradesh,702.17,24,84.4,84.4,0.0,90.5,1.072,93.3,96.6,98.0,86.5,7,97.9,0,2.3,0,1.2,LOW,0.1,2.2
PRJ-4985,Railway,Gujarat,7417.24,34,61.1,60.6,0.5,62.8,1.036,94.6,96.3,93.6,96.0,0,93.8,1,2.5,0,1.9,LOW,0.4,1.8
PRJ-4986,Railway,Himachal Pradesh,7714.21,57,72.3,57.7,14.6,65.4,1.133,63.0,60.2,59.4,65.7,99,79.3,2,7.3,3,7.2,HIGH,6.9,16.3
PRJ-4987,Metro,Telangana,2200.85,41,79.2,79.2,0.0,81.3,1.027,88.8,98.6,98.9,85.7,0,100.0,2,2.4,0,1.1,LOW,0.4,0.4
PRJ-4988,Metro,Bihar,1224.18,36,36.9,36.9,0.0,36.8,0.997,94.0,90.3,95.2,95.1,1,97.1,0,2.0,0,0.6,LOW,0.2,2.5
PRJ-4989,Airport,Tamil Nadu,3752.03,79,85.8,61.4,24.4,75.3,1.226,48.2,50.6,50.6,33.2,152,71.5,2,8.6,2,7.2,CRITICAL,12.5,23.1
PRJ-4990,Metro,Telangana,14363.7,24,29.6,25.0,4.6,26.8,1.072,74.1,78.8,80.9,76.3,31,79.3,2,2.0,1,4.0,MEDIUM,2.8,6.1
PRJ-4991,Water Supply,Bihar,1953.4,27,66.3,66.3,0.0,69.3,1.045,88.4,95.1,98.1,97.7,3,95.0,1,1.6,0,1.8,LOW,0.2,2.2
PRJ-4992,Highway,Andhra Pradesh,1802.61,53,52.2,34.6,17.6,44.4,1.283,67.4,59.2,54.7,64.8,88,64.7,6,5.2,3,6.9,HIGH,3.9,15.2
PRJ-4993,Metro,Maharashtra,2897.77,50,41.5,34.4,7.1,38.1,1.108,81.3,75.4,74.4,79.7,23,83.2,2,3.6,1,4.7,MEDIUM,1.9,8.5
PRJ-4994,Highway,Telangana,2016.2,22,21.1,21.1,0.0,21.0,0.995,90.4,90.3,89.8,92.7,4,96.9,0,1.7,0,2.1,LOW,0.0,1.2
PRJ-4995,Water Supply,Gujarat,191.46,21,62.0,61.7,0.3,61.6,0.998,96.2,88.3,92.5,85.2,2,100.0,0,0.5,0,0.7,LOW,0.0,0.0
PRJ-4996,Irrigation,Karnataka,766.12,31,40.9,40.9,0.0,43.0,1.051,89.9,93.6,97.1,88.4,0,100.0,0,0.4,0,1.9,LOW,0.2,0.2
PRJ-4997,Water Supply,Andhra Pradesh,292.85,38,67.3,55.4,11.9,63.3,1.143,60.5,55.4,57.9,57.4,85,85.9,3,3.8,1,6.2,HIGH,5.4,9.1
PRJ-4998,Airport,Assam,1663.65,48,73.4,72.4,1.0,75.1,1.037,98.9,94.9,88.9,93.9,0,96.5,2,3.0,0,1.0,LOW,0.4,2.6
PRJ-4999,Railway,Uttar Pradesh,4799.43,50,68.5,68.5,0.0,68.9,1.006,96.9,96.8,89.0,91.9,6,100.0,1,0.4,0,1.5,LOW,0.2,2.1
PRJ-5000,Bridge,Rajasthan,1040.15,65,80.7,79.2,1.5,82.7,1.044,82.6,79.5,76.6,71.8,35,91.3,1,2.0,0,3.9,MEDIUM,2.7,8.4
PRJ-5001,Bridge,Jammu & Kashmir,831.09,24,84.1,82.6,1.5,85.9,1.04,74.8,84.2,72.7,73.4,51,100.0,1,5.0,0,4.8,MEDIUM,2.4,5.7
PRJ-5002,Urban Development,Uttarakhand,3576.4,32,80.1,60.5,19.6,71.0,1.174,67.0,65.4,58.7,58.8,110,72.6,2,5.1,1,6.0,HIGH,7.1,13.8
PRJ-5003,Water Supply,Gujarat,2644.77,44,24.3,7.4,16.9,9.1,1.23,62.7,68.5,60.3,63.7,87,28.9,5,3.5,3,7.1,HIGH,6.6,17.4
PRJ-5004,Airport,Uttar Pradesh,5675.72,53,66.1,64.1,2.0,65.0,1.014,95.5,89.1,89.8,94.0,0,95.7,0,1.0,0,1.9,LOW,0.4,1.4
PRJ-5005,Irrigation,Delhi NCR,1179.22,26,38.0,29.7,8.3,33.3,1.121,84.0,82.4,74.0,81.6,30,78.9,0,2.7,0,3.3,MEDIUM,3.1,4.5
PRJ-5006,Urban Development,Odisha,1733.41,32,52.3,47.2,5.1,48.7,1.032,75.3,82.9,79.7,76.1,21,88.4,0,4.5,1,2.7,MEDIUM,2.1,6.9
PRJ-5007,Railway,Jammu & Kashmir,1573.8,59,33.6,31.9,1.7,33.4,1.047,88.4,94.6,91.7,94.1,2,95.5,1,2.1,0,1.4,LOW,0.2,1.3
PRJ-5008,Highway,Odisha,754.28,27,39.8,14.8,25.0,19.5,1.318,40.0,32.7,50.9,53.2,190,39.7,8,7.3,3,7.6,CRITICAL,11.0,20.8
PRJ-5009,Bridge,Maharashtra,3880.9,20,59.3,30.9,28.4,38.0,1.23,44.7,35.4,47.7,47.0,147,54.5,2,6.3,4,8.3,CRITICAL,10.6,23.8
PRJ-5010,Airport,Himachal Pradesh,1464.53,82,74.3,61.7,12.6,68.8,1.115,59.7,66.2,67.3,64.4,83,77.8,4,5.6,1,5.0,HIGH,7.0,14.9
PRJ-5011,Railway,Rajasthan,2232.38,54,52.8,45.3,7.5,51.6,1.139,77.0,82.5,86.9,77.4,33,86.1,3,3.0,1,3.2,MEDIUM,3.4,7.8
PRJ-5012,Urban Development,Karnataka,3313.26,33,49.6,37.9,11.7,47.0,1.24,67.3,61.2,67.8,60.5,90,76.4,7,3.9,2,6.6,HIGH,6.9,13.7
PRJ-5013,Airport,Odisha,2031.36,28,28.6,28.2,0.4,28.3,1.004,98.8,87.1,89.0,89.3,0,98.4,0,0.3,0,0.7,LOW,0.0,0.8
PRJ-5014,Power Infrastructure,Tamil Nadu,1418.63,49,83.8,83.0,0.8,88.0,1.06,93.5,92.9,98.0,93.8,1,100.0,1,2.0,0,0.9,LOW,0.1,0.5
PRJ-5015,Urban Development,West Bengal,757.73,31,89.5,86.8,2.7,92.6,1.067,82.0,81.1,80.0,83.8,39,93.5,2,4.3,1,2.6,MEDIUM,3.0,7.3
PRJ-5016,Metro,Kerala,1931.53,52,87.4,80.1,7.3,89.7,1.12,82.4,71.1,72.4,73.1,27,88.9,2,5.0,1,4.7,MEDIUM,3.4,7.4
PRJ-5017,Urban Development,Bihar,4005.21,33,88.9,52.8,36.1,72.1,1.366,36.8,33.5,46.8,37.0,169,63.4,6,8.0,2,7.8,CRITICAL,13.8,23.3
PRJ-5018,Bridge,Himachal Pradesh,4335.94,51,23.8,22.7,1.1,23.6,1.04,88.7,86.8,96.1,85.2,0,95.1,1,3.5,0,1.8,LOW,0.4,0.3
PRJ-5019,Water Supply,Himachal Pradesh,2025.95,44,39.6,35.2,4.4,36.9,1.048,79.6,79.2,75.8,75.2,33,88.3,1,3.5,0,3.6,MEDIUM,2.4,6.6
PRJ-5020,Power Infrastructure,Uttar Pradesh,5592.93,37,68.2,46.1,22.1,55.9,1.213,42.3,38.8,38.4,36.5,226,62.9,4,7.5,2,8.3,CRITICAL,11.8,21.5
PRJ-5021,Highway,Delhi NCR,680.09,39,28.5,25.6,2.9,25.6,1.0,84.1,70.7,77.8,72.7,25,86.2,1,3.8,0,3.9,MEDIUM,1.2,9.0
PRJ-5022,Airport,Bihar,1647.65,60,51.6,50.1,1.5,49.4,0.986,74.9,76.2,80.3,70.8,12,97.8,1,3.1,1,3.5,MEDIUM,1.7,5.2
PRJ-5023,Highway,Uttar Pradesh,782.73,49,70.0,60.5,9.5,64.2,1.061,72.2,78.0,84.7,79.8,38,80.2,1,3.7,1,3.7,MEDIUM,2.3,7.0
PRJ-5024,Power Infrastructure,Madhya Pradesh,5182.35,36,40.0,20.3,19.7,25.1,1.236,66.8,57.2,59.6,64.1,55,55.6,3,3.5,1,7.1,HIGH,6.0,10.8
PRJ-5025,Airport,Assam,2354.95,24,73.9,34.8,39.1,48.0,1.379,41.7,48.4,36.6,32.7,147,48.5,2,9.2,5,8.3,CRITICAL,12.1,24.7
PRJ-5026,Irrigation,West Bengal,304.05,32,56.9,31.6,25.3,39.1,1.237,48.7,38.7,44.1,43.4,136,60.5,3,8.0,2,9.4,CRITICAL,11.5,26.5
PRJ-5027,Urban Development,Telangana,912.92,30,34.7,32.3,2.4,33.2,1.028,83.6,78.8,85.7,82.2,33,98.2,2,3.8,0,4.5,MEDIUM,2.6,8.0
PRJ-5028,Highway,Bihar,3477.87,20,24.0,16.1,7.9,16.8,1.043,85.9,71.9,81.7,81.9,29,71.6,1,1.5,1,3.4,MEDIUM,2.0,9.0
PRJ-5029,Urban Development,Tamil Nadu,543.92,12,53.2,51.2,2.0,52.3,1.021,73.7,77.4,77.1,77.2,27,100.0,0,1.6,1,2.6,MEDIUM,1.5,7.0
PRJ-5030,Airport,Tamil Nadu,5483.86,42,30.9,30.2,0.7,30.3,1.003,92.5,90.4,96.3,91.5,2,96.7,1,0.4,0,1.1,LOW,0.7,1.9
PRJ-5031,Water Supply,Gujarat,1295.33,17,67.5,61.4,6.1,65.8,1.072,75.6,76.2,76.1,77.4,32,86.5,1,3.8,0,4.4,MEDIUM,3.4,5.1
PRJ-5032,Metro,Himachal Pradesh,10007.33,50,84.6,63.0,21.6,78.7,1.249,59.3,57.9,67.3,64.1,77,79.3,2,7.1,2,7.1,HIGH,6.4,15.0
PRJ-5033,Airport,Odisha,4615.45,48,78.4,57.7,20.7,75.0,1.3,69.8,54.9,61.2,58.4,70,72.0,9,4.9,1,6.0,HIGH,5.1,19.8
PRJ-5034,Bridge,Uttarakhand,5399.0,38,88.3,76.7,11.6,86.8,1.132,65.7,54.0,64.5,65.4,50,84.8,3,4.9,1,5.7,HIGH,4.8,16.5
PRJ-5035,Irrigation,Andhra Pradesh,1701.81,29,80.9,72.9,8.0,86.8,1.191,62.3,52.5,59.1,64.2,57,96.1,6,6.0,2,5.1,HIGH,5.2,12.6
PRJ-5036,Airport,Delhi NCR,3566.42,68,59.2,51.3,7.9,58.0,1.131,73.6,72.1,79.0,73.2,34,89.3,2,3.5,0,3.7,MEDIUM,2.0,7.4
PRJ-5037,Airport,Rajasthan,1409.65,65,89.7,71.1,18.6,83.4,1.173,60.4,59.1,66.3,56.6,52,74.1,2,3.7,3,5.4,HIGH,6.3,10.5
PRJ-5038,Irrigation,Andhra Pradesh,1493.54,29,54.3,52.8,1.5,57.8,1.095,75.3,72.7,83.9,70.0,33,100.0,3,3.5,1,3.8,MEDIUM,2.6,6.9
PRJ-5039,Bridge,Delhi NCR,5450.25,35,79.0,77.1,1.9,78.0,1.012,94.1,91.8,94.9,95.7,9,98.2,0,1.8,0,0.7,LOW,0.1,0.3
PRJ-5040,Irrigation,Maharashtra,531.01,15,77.0,63.1,13.9,70.8,1.122,59.4,68.3,65.7,62.6,86,85.0,1,3.9,1,6.5,HIGH,8.4,19.4
PRJ-5041,Metro,Maharashtra,5759.41,41,68.5,68.5,0.0,73.6,1.074,93.2,95.0,93.5,93.7,6,97.7,1,1.7,0,0.9,LOW,0.2,2.2
PRJ-5042,Power Infrastructure,Maharashtra,2568.48,36,50.6,47.0,3.6,51.8,1.102,83.6,74.8,76.5,71.6,40,94.2,2,1.8,0,4.4,MEDIUM,3.8,8.6
PRJ-5043,Highway,Bihar,809.43,46,25.7,16.7,9.0,18.8,1.126,57.3,56.8,57.7,65.4,81,64.8,4,3.8,2,6.3,HIGH,7.0,15.5
PRJ-5044,Water Supply,Himachal Pradesh,637.68,42,68.5,68.5,0.0,73.0,1.066,91.9,90.7,94.3,87.8,10,100.0,0,3.3,0,0.7,LOW,0.3,1.6
PRJ-5045,Power Infrastructure,Assam,1094.7,35,30.3,24.8,5.5,26.5,1.069,80.4,82.3,74.6,73.4,30,77.3,3,4.4,0,3.9,MEDIUM,2.4,4.7
PRJ-5046,Urban Development,Tamil Nadu,467.75,37,46.0,21.0,25.0,25.0,1.19,42.2,39.7,48.6,45.7,228,40.9,4,7.9,4,8.7,CRITICAL,10.7,21.1
PRJ-5047,Railway,Himachal Pradesh,4856.18,63,57.4,57.1,0.3,60.2,1.054,95.6,86.5,89.8,89.1,0,98.0,2,2.7,0,0.7,LOW,0.1,0.8
PRJ-5048,Highway,Delhi NCR,1463.08,38,74.3,43.3,31.0,59.1,1.365,41.6,49.0,40.7,54.0,213,59.4,8,9.5,4,7.7,CRITICAL,14.1,27.6
PRJ-5049,Railway,Kerala,1282.86,63,25.7,24.9,0.8,24.8,0.996,98.9,96.2,89.9,87.7,2,97.3,1,2.5,0,2.2,LOW,0.3,0.5
PRJ-5050,Water Supply,Kerala,518.04,42,55.6,37.3,18.3,42.8,1.147,59.8,65.2,66.7,57.3,102,68.2,3,6.7,3,6.8,HIGH,6.7,16.7
PRJ-5051,Water Supply,Bihar,2155.98,23,67.3,41.6,25.7,53.6,1.288,50.6,45.7,53.5,51.4,151,66.8,4,9.0,2,7.7,CRITICAL,10.4,25.7
PRJ-5052,Highway,Gujarat,1431.98,58,37.3,34.9,2.4,37.4,1.072,91.5,96.6,98.4,93.5,6,92.0,0,0.7,0,0.8,LOW,0.1,0.8
PRJ-5053,Power Infrastructure,Kerala,1464.73,40,63.4,63.4,0.0,60.4,0.953,94.7,97.4,89.8,92.2,3,92.6,0,2.3,0,0.9,LOW,0.1,0.2
PRJ-5054,Bridge,Delhi NCR,1146.69,44,55.1,54.3,0.8,56.1,1.033,88.4,95.2,97.3,91.3,6,100.0,1,0.4,0,1.2,LOW,0.6,0.2
PRJ-5055,Highway,Rajasthan,1529.9,43,46.7,46.7,0.0,46.7,1.0,98.6,87.3,98.9,96.2,4,100.0,0,1.1,0,0.8,LOW,0.0,1.8
PRJ-5056,Highway,Madhya Pradesh,1010.46,39,76.3,75.5,0.8,75.8,1.004,88.2,95.7,88.2,87.7,4,100.0,0,1.7,0,1.6,LOW,0.0,1.1
PRJ-5057,Irrigation,West Bengal,437.75,27,36.3,31.5,4.8,35.2,1.117,73.4,74.0,85.6,73.1,36,84.1,1,3.8,0,3.9,MEDIUM,3.3,8.4
PRJ-5058,Railway,Telangana,5553.38,56,86.4,55.4,31.0,72.7,1.312,47.5,51.6,49.2,38.4,90,63.3,2,9.4,4,8.3,CRITICAL,12.1,30.0
PRJ-5059,Bridge,Rajasthan,9413.77,33,22.4,16.6,5.8,17.3,1.042,82.3,75.6,77.1,72.2,30,75.1,0,3.2,1,3.7,MEDIUM,1.7,6.0
PRJ-5060,Power Infrastructure,Kerala,1902.98,27,43.9,38.8,5.1,41.1,1.059,85.9,71.9,74.8,77.2,41,85.9,1,4.8,0,4.6,MEDIUM,2.0,6.8
PRJ-5061,Highway,Madhya Pradesh,628.26,18,44.8,44.8,0.0,45.1,1.007,96.4,92.9,89.0,90.1,0,97.7,0,0.4,0,1.2,LOW,0.5,1.3
PRJ-5062,Power Infrastructure,West Bengal,2362.25,63,26.6,26.1,0.5,26.6,1.019,88.6,91.6,95.1,90.7,2,94.4,0,0.4,0,0.8,LOW,0.0,1.3
PRJ-5063,Highway,West Bengal,1829.69,32,44.0,22.7,21.3,30.0,1.322,43.8,41.6,52.5,34.2,137,52.1,10,5.3,4,7.3,CRITICAL,11.8,30.8
PRJ-5064,Water Supply,Gujarat,337.15,38,80.5,65.2,15.3,77.8,1.193,56.1,57.1,55.6,68.7,87,79.3,4,6.4,1,5.8,HIGH,3.8,12.3
PRJ-5065,Airport,Uttarakhand,3851.62,54,77.4,77.4,0.0,75.3,0.973,95.1,89.5,90.3,94.6,4,100.0,0,3.3,0,0.6,LOW,0.3,2.4
PRJ-5066,Power Infrastructure,Bihar,2717.01,35,62.0,59.3,2.7,61.7,1.04,82.3,81.2,85.4,75.8,14,93.9,2,3.1,1,2.6,MEDIUM,3.1,9.5
PRJ-5067,Urban Development,West Bengal,1389.71,27,83.5,78.7,4.8,82.5,1.048,77.6,82.8,87.0,80.6,34,95.5,0,4.2,0,3.3,MEDIUM,1.9,6.2
PRJ-5068,Metro,Tamil Nadu,1795.65,54,82.0,60.9,21.1,78.4,1.287,39.0,31.5,46.9,50.2,168,74.0,10,6.2,4,8.7,CRITICAL,10.5,23.6
PRJ-5069,Metro,Tamil Nadu,4349.02,39,46.5,44.9,1.6,44.4,0.989,82.4,81.8,74.2,81.3,36,98.1,1,3.1,1,4.1,MEDIUM,2.8,4.9
PRJ-5070,Metro,Madhya Pradesh,3890.56,24,73.5,61.7,11.8,67.4,1.092,55.9,61.9,69.4,58.3,101,82.0,4,5.2,3,6.4,HIGH,4.6,15.3
PRJ-5071,Bridge,Uttarakhand,5412.54,32,46.8,42.9,3.9,44.3,1.033,79.4,79.9,78.1,76.4,33,91.2,3,3.9,1,3.7,MEDIUM,3.0,5.3
PRJ-5072,Airport,West Bengal,8561.48,49,39.1,34.3,4.8,37.5,1.093,73.8,71.1,82.1,73.1,29,92.6,1,2.5,1,4.7,MEDIUM,2.7,4.6
PRJ-5073,Highway,Himachal Pradesh,495.32,30,77.2,73.2,4.0,78.5,1.072,85.1,72.7,74.4,78.6,30,93.2,3,5.8,0,4.4,MEDIUM,1.9,10.7
PRJ-5074,Airport,Himachal Pradesh,1243.7,28,84.1,53.1,31.0,70.0,1.318,43.1,37.2,54.8,51.2,160,66.2,7,10.0,3,7.3,CRITICAL,14.4,29.5
PRJ-5075,Power Infrastructure,Maharashtra,1973.2,42,33.1,18.3,14.8,21.8,1.191,56.8,66.8,63.7,56.6,91,53.4,6,6.7,1,6.9,HIGH,6.7,12.8
PRJ-5076,Water Supply,Uttar Pradesh,162.51,22,73.3,49.5,23.8,65.8,1.329,48.4,49.9,45.9,40.2,164,72.0,11,7.9,3,9.3,CRITICAL,9.3,28.0
PRJ-5077,Irrigation,Odisha,558.29,28,50.4,30.0,20.4,37.7,1.257,35.4,40.5,38.1,35.8,156,55.6,6,5.7,5,9.3,CRITICAL,8.7,28.6
PRJ-5078,Water Supply,Madhya Pradesh,484.7,29,87.3,81.3,6.0,88.9,1.093,78.3,81.5,73.1,77.3,23,94.1,2,4.0,0,4.1,MEDIUM,2.7,6.5
PRJ-5079,Railway,Uttarakhand,2807.26,45,90.6,74.0,16.6,91.9,1.242,64.8,58.5,64.3,59.0,104,86.7,4,7.4,1,6.2,HIGH,6.5,13.6
PRJ-5080,Power Infrastructure,Jammu & Kashmir,6996.79,58,64.1,49.4,14.7,53.2,1.077,61.4,66.6,57.1,62.1,68,78.0,2,7.4,2,6.2,HIGH,4.9,13.2
PRJ-5081,Irrigation,Uttarakhand,654.01,35,28.0,8.3,19.7,10.2,1.229,38.7,51.1,46.9,44.6,135,30.0,5,6.9,2,7.6,CRITICAL,15.0,26.3
PRJ-5082,Highway,Rajasthan,2117.59,48,71.5,71.5,0.0,74.9,1.048,91.3,98.5,90.5,91.8,0,96.9,0,1.8,0,1.2,LOW,0.2,0.8
PRJ-5083,Highway,Madhya Pradesh,7427.84,38,54.2,47.5,6.7,49.7,1.046,76.9,79.2,86.0,76.5,39,85.3,0,3.4,0,2.8,MEDIUM,2.3,6.9
PRJ-5084,Water Supply,Himachal Pradesh,963.42,26,77.1,77.1,0.0,77.0,0.999,93.0,96.8,90.4,91.2,2,100.0,0,2.6,0,1.7,LOW,0.0,1.7
PRJ-5085,Power Infrastructure,Andhra Pradesh,3553.12,31,40.7,24.9,15.8,28.4,1.141,62.7,57.4,54.6,58.0,84,63.2,1,5.6,1,5.7,HIGH,3.6,16.8
PRJ-5086,Highway,Assam,2966.99,25,76.2,76.2,0.0,77.2,1.013,95.7,87.2,97.5,90.2,1,99.7,0,3.3,0,0.7,LOW,0.0,0.8
PRJ-5087,Bridge,Andhra Pradesh,500.56,34,75.5,59.4,16.1,68.9,1.16,57.0,56.7,63.4,57.1,84,77.0,2,3.0,3,5.9,HIGH,5.3,16.1
PRJ-5088,Railway,Maharashtra,1211.28,64,28.7,22.9,5.8,25.7,1.122,76.4,78.0,74.6,79.3,40,76.3,3,2.0,0,4.0,MEDIUM,2.5,5.4
PRJ-5089,Bridge,Odisha,2234.43,29,64.7,63.2,1.5,64.8,1.025,76.5,73.3,83.8,71.0,11,95.1,0,4.1,0,4.1,MEDIUM,3.1,6.4
PRJ-5090,Railway,Rajasthan,1856.15,38,39.9,38.4,1.5,40.0,1.042,78.1,80.8,86.5,78.7,36,96.5,0,4.3,1,2.9,MEDIUM,1.9,4.2
PRJ-5091,Bridge,Bihar,1147.46,30,81.2,77.5,3.7,78.2,1.009,77.4,80.8,84.4,76.6,33,93.5,1,3.7,0,3.2,MEDIUM,3.0,7.5
PRJ-5092,Irrigation,Telangana,803.24,23,87.2,74.3,12.9,85.5,1.151,68.2,63.4,61.8,67.0,83,83.1,2,3.4,1,5.2,HIGH,5.5,15.6
PRJ-5093,Railway,Gujarat,3616.82,35,32.5,26.6,5.9,28.1,1.056,72.1,80.6,77.4,82.1,34,80.5,3,2.5,0,4.7,MEDIUM,1.9,7.1
PRJ-5094,Highway,Jammu & Kashmir,2093.8,25,79.6,79.2,0.4,80.5,1.016,89.6,95.4,98.9,91.4,2,95.9,0,3.4,0,1.1,LOW,0.0,1.4
PRJ-5095,Water Supply,Maharashtra,374.03,27,88.5,88.5,0.0,89.5,1.011,93.4,87.9,89.2,90.7,2,100.0,0,0.8,0,0.7,LOW,0.1,1.9
PRJ-5096,Irrigation,Madhya Pradesh,382.49,15,31.4,31.1,0.3,33.1,1.064,92.0,88.5,90.1,97.1,0,100.0,2,1.7,0,1.3,LOW,0.4,0.7
PRJ-5097,Bridge,Gujarat,2337.66,18,73.4,55.1,18.3,65.2,1.183,58.0,62.0,59.7,65.3,86,78.8,2,6.3,1,5.1,HIGH,8.6,18.0
PRJ-5098,Power Infrastructure,Rajasthan,1128.81,31,44.7,26.7,18.0,31.4,1.176,45.0,36.9,51.4,35.6,140,60.1,5,7.8,4,7.3,CRITICAL,14.4,18.2
PRJ-5099,Irrigation,Uttar Pradesh,2178.27,39,42.1,42.1,0.0,44.6,1.059,91.5,98.5,98.4,91.0,4,100.0,1,0.6,0,0.6,LOW,0.2,2.1
PRJ-5100,Irrigation,Uttarakhand,691.54,34,50.7,22.3,28.4,29.8,1.336,35.4,44.4,53.1,49.6,202,43.7,6,9.9,2,7.3,CRITICAL,9.0,36.5
PRJ-5101,Bridge,Tamil Nadu,932.88,35,87.9,86.4,1.5,93.2,1.079,85.3,72.4,80.1,74.6,38,97.4,2,3.6,0,2.6,MEDIUM,2.5,7.4
PRJ-5102,Power Infrastructure,Gujarat,2883.82,21,48.6,24.5,24.1,30.5,1.245,39.1,46.4,40.2,32.5,165,49.0,3,5.6,4,7.3,CRITICAL,9.3,25.9
PRJ-5103,Power Infrastructure,Gujarat,2020.35,28,26.3,8.3,18.0,10.7,1.289,47.9,46.7,40.8,37.7,160,30.3,10,7.0,5,7.7,CRITICAL,9.9,34.5
PRJ-5104,Railway,Uttar Pradesh,5049.12,45,47.9,41.3,6.6,44.8,1.085,79.6,76.5,74.0,76.7,40,84.9,1,2.0,0,4.7,MEDIUM,1.6,5.8
PRJ-5105,Highway,Assam,3232.22,34,43.8,23.2,20.6,29.9,1.289,49.1,35.1,46.0,45.0,169,51.9,8,7.3,4,7.3,CRITICAL,12.3,27.6
PRJ-5106,Irrigation,Tamil Nadu,248.42,23,91.4,87.7,3.7,90.8,1.035,84.3,78.0,86.6,81.2,34,98.8,1,1.9,1,2.7,MEDIUM,3.0,10.0
PRJ-5107,Metro,Uttar Pradesh,3630.26,46,65.4,57.1,8.3,63.5,1.112,75.2,81.0,76.7,78.3,26,85.5,1,2.4,0,3.9,MEDIUM,3.1,6.2
PRJ-5108,Power Infrastructure,Uttar Pradesh,689.21,18,64.7,56.8,7.9,62.3,1.097,73.0,79.2,84.6,76.4,24,83.3,2,3.2,0,4.0,MEDIUM,3.3,8.4
PRJ-5109,Airport,Odisha,2452.56,31,26.6,21.6,5.0,23.0,1.065,75.5,75.7,82.8,72.6,31,86.3,3,3.2,1,2.8,MEDIUM,2.0,8.0
PRJ-5110,Railway,Gujarat,2300.79,39,38.4,21.8,16.6,25.3,1.161,58.6,54.4,55.1,63.6,73,54.5,4,4.0,2,6.4,HIGH,5.1,12.3
PRJ-5111,Highway,Himachal Pradesh,1934.53,20,48.7,30.9,17.8,36.6,1.184,59.5,55.6,66.6,59.6,106,65.6,1,4.9,3,5.1,HIGH,7.2,13.1
PRJ-5112,Highway,Telangana,1734.57,36,27.6,10.7,16.9,13.2,1.234,56.2,66.8,66.7,64.3,51,38.9,7,4.2,2,5.9,HIGH,4.6,16.0
PRJ-5113,Water Supply,Assam,748.45,13,47.9,47.9,0.0,48.0,1.002,95.5,89.4,98.0,87.2,0,99.0,0,2.3,0,1.7,LOW,0.1,0.8
PRJ-5114,Railway,Odisha,7870.02,80,38.3,24.3,14.0,28.2,1.16,58.8,57.2,65.4,56.9,52,64.3,5,3.6,1,6.0,HIGH,3.2,16.1
PRJ-5115,Bridge,Maharashtra,865.96,52,70.7,47.6,23.1,63.1,1.326,39.7,42.5,51.2,52.9,201,69.0,8,6.0,2,8.7,CRITICAL,9.1,22.3
PRJ-5116,Power Infrastructure,Assam,1722.2,26,87.8,87.2,0.6,91.5,1.049,97.6,92.6,93.9,92.1,2,100.0,1,1.1,0,1.1,LOW,0.3,0.9
PRJ-5117,Power Infrastructure,Odisha,1812.18,31,69.7,57.0,12.7,64.5,1.132,57.9,55.5,64.8,59.9,45,85.7,1,6.7,2,5.6,HIGH,4.8,19.2
PRJ-5118,Railway,Andhra Pradesh,1491.53,86,89.4,89.2,0.2,91.8,1.029,93.9,86.8,97.5,85.2,0,97.3,0,0.3,0,1.6,LOW,0.3,0.0
PRJ-5119,Highway,Delhi NCR,922.15,44,73.4,53.6,19.8,62.9,1.174,36.1,37.5,47.3,51.8,132,72.9,1,8.8,2,9.2,CRITICAL,8.5,29.1
PRJ-5120,Urban Development,Andhra Pradesh,1034.93,31,43.5,38.8,4.7,43.2,1.113,85.6,74.3,76.3,80.8,29,93.7,1,2.1,1,2.9,MEDIUM,2.3,5.5
PRJ-5121,Bridge,Gujarat,1451.37,31,79.8,50.6,29.2,61.2,1.209,53.4,49.5,42.0,43.2,213,64.2,1,9.3,2,8.5,CRITICAL,14.0,30.8
PRJ-5122,Railway,Maharashtra,5899.62,30,49.3,48.3,1.0,46.8,0.969,95.7,98.6,92.8,87.8,6,99.4,0,0.5,0,2.0,LOW,0.0,0.4
PRJ-5123,Railway,West Bengal,2062.74,59,49.3,41.3,8.0,44.6,1.08,76.4,75.4,72.2,75.0,37,82.8,2,2.5,0,3.9,MEDIUM,2.5,8.9
PRJ-5124,Metro,Uttarakhand,10720.56,51,26.5,2.0,24.5,5.0,2.5,46.4,33.2,50.5,45.9,163,15.0,7,8.1,4,8.9,CRITICAL,8.3,28.6
PRJ-5125,Airport,Kerala,1223.0,50,55.4,37.8,17.6,45.9,1.214,68.1,61.7,56.0,68.2,89,69.8,6,5.5,3,6.4,HIGH,5.4,14.1
PRJ-5126,Water Supply,Jammu & Kashmir,1101.13,16,57.5,52.5,5.0,56.3,1.072,80.3,83.2,80.8,73.1,30,89.7,2,4.4,0,3.6,MEDIUM,1.2,7.7
PRJ-5127,Power Infrastructure,Bihar,1097.72,57,22.5,13.0,9.5,14.1,1.085,63.5,54.1,59.4,59.8,90,55.2,3,5.3,1,5.2,HIGH,4.7,12.6
PRJ-5128,Bridge,Karnataka,3146.38,51,55.5,50.4,5.1,52.6,1.044,82.0,71.4,86.7,77.9,39,85.5,1,1.8,1,3.4,MEDIUM,1.6,5.5
PRJ-5129,Highway,Uttar Pradesh,5611.5,31,43.1,26.9,16.2,34.6,1.286,65.2,56.0,62.7,57.7,66,67.9,6,5.8,1,6.0,HIGH,6.9,18.4
PRJ-5130,Metro,Telangana,2683.57,29,53.3,39.4,13.9,43.9,1.114,66.8,65.8,65.2,65.8,114,75.5,2,3.1,3,6.0,HIGH,4.9,15.1
PRJ-5131,Water Supply,Uttarakhand,274.2,47,31.0,23.0,8.0,26.6,1.157,64.6,61.7,55.0,57.6,45,71.8,3,8.3,2,5.2,HIGH,3.2,13.7
PRJ-5132,Irrigation,Telangana,315.26,13,26.3,26.3,0.0,27.2,1.034,88.4,96.4,90.4,85.1,0,100.0,0,1.4,0,1.1,LOW,0.4,0.3
PRJ-5133,Urban Development,Karnataka,430.97,26,21.9,21.8,0.1,21.7,0.995,95.7,95.8,88.4,88.3,5,91.3,1,1.2,0,0.8,LOW,0.1,0.3
PRJ-5134,Metro,Jammu & Kashmir,2397.73,64,59.4,39.8,19.6,49.6,1.246,43.8,37.7,43.6,43.9,90,67.5,8,7.5,2,8.9,CRITICAL,10.2,24.5
PRJ-5135,Airport,Andhra Pradesh,1445.1,29,33.8,15.5,18.3,18.9,1.219,44.4,46.6,39.5,51.8,110,44.2,7,8.8,5,8.3,CRITICAL,12.2,26.6
PRJ-5136,Airport,Kerala,3058.82,32,88.0,86.8,1.2,84.9,0.978,89.2,90.8,94.7,97.1,3,96.6,0,3.1,0,1.0,LOW,0.2,0.9
PRJ-5137,Highway,Uttarakhand,6956.97,37,89.5,85.2,4.3,90.5,1.062,85.3,77.3,84.3,73.2,39,94.3,1,5.1,1,3.2,MEDIUM,2.4,7.9
PRJ-5138,Metro,Uttar Pradesh,6157.59,57,77.5,72.0,5.5,77.0,1.069,73.1,82.5,75.3,84.0,37,94.2,2,3.4,0,3.8,MEDIUM,3.6,7.0
PRJ-5139,Bridge,Uttarakhand,736.68,33,86.2,84.7,1.5,87.0,1.027,74.1,79.5,77.5,71.5,41,97.7,0,3.7,1,3.1,MEDIUM,3.0,5.9
PRJ-5140,Urban Development,Uttar Pradesh,368.68,27,72.2,36.8,35.4,49.2,1.337,47.5,31.5,46.2,44.9,176,52.4,5,6.3,2,9.4,CRITICAL,11.9,24.3
PRJ-5141,Water Supply,Kerala,1078.9,26,73.6,60.8,12.8,74.5,1.225,57.6,60.5,64.4,60.8,77,77.6,6,8.4,3,5.3,HIGH,3.8,17.5
PRJ-5142,Bridge,West Bengal,1895.03,19,60.7,54.3,6.4,59.0,1.087,79.5,70.7,76.4,82.1,35,86.7,1,3.7,1,4.0,MEDIUM,2.8,8.4
PRJ-5143,Bridge,Tamil Nadu,1221.38,20,44.8,38.9,5.9,42.9,1.103,82.3,77.5,77.5,80.9,31,87.4,0,3.6,1,3.1,MEDIUM,1.8,8.3
PRJ-5144,Irrigation,West Bengal,1039.73,28,87.1,69.0,18.1,82.1,1.19,58.8,53.7,66.4,62.5,88,76.4,2,5.5,2,5.8,HIGH,5.1,15.1
PRJ-5145,Power Infrastructure,Delhi NCR,1699.24,18,79.5,77.0,2.5,76.7,0.996,88.2,90.2,90.4,95.3,0,97.4,0,1.4,0,1.4,LOW,0.5,0.1
PRJ-5146,Irrigation,Andhra Pradesh,1526.92,31,38.3,24.1,14.2,28.3,1.174,59.9,56.9,65.6,61.2,92,64.3,3,3.6,2,5.7,HIGH,7.3,15.0
PRJ-5147,Airport,Odisha,3521.04,52,48.5,32.3,16.2,38.7,1.198,67.5,66.6,54.4,68.0,100,59.5,4,6.5,1,7.1,HIGH,7.2,14.9
PRJ-5148,Irrigation,Bihar,500.29,32,91.3,77.1,14.2,92.5,1.2,57.4,61.4,64.7,61.2,77,87.0,3,4.5,2,6.8,HIGH,6.6,12.2
PRJ-5149,Railway,Delhi NCR,1855.21,44,73.7,70.8,2.9,73.4,1.037,78.0,70.6,74.7,81.7,28,96.1,2,2.1,1,2.5,MEDIUM,2.4,2.8
PRJ-5150,Highway,Jammu & Kashmir,1996.41,32,79.2,49.2,30.0,66.8,1.358,36.2,47.0,47.6,35.9,137,60.9,7,9.3,4,8.3,CRITICAL,7.6,29.1
PRJ-5151,Bridge,Maharashtra,2797.42,38,79.7,79.7,0.0,79.4,0.996,94.9,98.8,95.6,97.8,6,99.2,1,1.7,0,2.0,LOW,0.0,0.4
PRJ-5152,Bridge,Rajasthan,2201.33,18,45.9,38.3,7.6,43.1,1.125,75.1,76.7,83.0,76.7,26,80.9,4,2.9,1,3.1,MEDIUM,2.5,4.4
PRJ-5153,Power Infrastructure,West Bengal,1479.52,39,33.9,16.5,17.4,19.4,1.176,67.3,55.9,56.3,59.5,90,48.9,3,5.6,3,5.6,HIGH,5.1,18.5
PRJ-5154,Bridge,Jammu & Kashmir,3749.22,46,59.2,59.2,0.0,59.3,1.002,88.7,95.8,89.0,92.0,0,99.5,0,2.8,0,0.9,LOW,0.0,1.4
PRJ-5155,Irrigation,Assam,284.41,38,87.2,85.4,1.8,85.7,1.004,95.5,94.0,98.9,85.4,0,93.8,0,2.0,0,1.5,LOW,0.4,0.0
PRJ-5156,Bridge,Assam,5131.3,50,25.7,25.7,0.0,26.0,1.012,91.1,89.8,97.6,88.5,0,100.0,0,2.2,0,0.5,LOW,0.4,1.4
PRJ-5157,Metro,Maharashtra,10697.4,41,45.2,40.9,4.3,44.3,1.083,77.8,79.4,84.2,72.3,21,89.1,2,4.2,1,2.9,MEDIUM,2.4,5.7
PRJ-5158,Irrigation,Maharashtra,1491.09,31,30.4,25.3,5.1,27.7,1.095,75.4,77.5,75.1,82.5,37,79.5,2,1.6,1,3.3,MEDIUM,2.4,7.2
PRJ-5159,Railway,Kerala,2177.01,48,54.0,33.1,20.9,41.0,1.239,58.3,68.1,57.8,59.5,83,62.2,2,4.0,1,5.3,HIGH,5.9,13.9
PRJ-5160,Highway,Himachal Pradesh,10093.52,25,24.2,23.6,0.6,23.7,1.004,88.8,95.6,89.0,86.5,1,94.4,1,1.3,0,1.9,LOW,0.0,3.1
PRJ-5161,Railway,Karnataka,3336.13,41,22.9,15.9,7.0,17.9,1.126,73.1,80.5,78.8,80.4,30,71.4,3,1.9,1,3.6,MEDIUM,2.4,4.8
PRJ-5162,Airport,Delhi NCR,16438.72,41,65.3,58.8,6.5,62.6,1.065,78.0,70.6,73.6,70.5,36,85.6,1,3.8,0,4.5,MEDIUM,2.8,6.7
PRJ-5163,Bridge,Kerala,4554.8,21,48.1,47.9,0.2,50.1,1.046,88.2,90.0,98.8,97.5,0,100.0,1,1.4,0,0.7,LOW,0.1,1.6
PRJ-5164,Highway,Maharashtra,3199.19,24,36.5,31.7,4.8,35.2,1.11,73.2,75.0,75.1,78.5,34,89.2,3,4.5,0,2.8,MEDIUM,1.9,7.4
PRJ-5165,Bridge,West Bengal,1379.38,49,39.9,30.7,9.2,33.8,1.101,61.3,62.4,58.2,56.1,64,70.5,3,6.6,2,6.0,HIGH,5.6,9.4
PRJ-5166,Airport,Bihar,8931.11,38,67.7,58.3,9.4,67.9,1.165,61.7,53.8,62.6,60.7,58,85.6,5,3.7,1,5.1,HIGH,6.6,14.9
PRJ-5167,Bridge,Madhya Pradesh,989.5,48,62.2,61.0,1.2,60.5,0.992,98.0,96.7,99.4,88.2,2,100.0,0,1.1,0,0.9,LOW,0.1,1.9
PRJ-5168,Metro,Andhra Pradesh,6073.63,62,50.2,34.5,15.7,40.5,1.174,69.1,54.6,62.3,65.0,69,62.1,1,4.3,1,5.1,HIGH,7.1,15.5
PRJ-5169,Urban Development,Rajasthan,154.84,24,57.9,57.1,0.8,56.5,0.989,94.2,88.6,97.1,93.4,0,97.5,0,1.5,0,1.7,LOW,0.0,0.0
PRJ-5170,Metro,West Bengal,2463.08,79,26.5,21.5,5.0,22.5,1.047,77.9,80.8,76.4,75.1,45,80.4,1,3.6,0,4.1,MEDIUM,2.9,8.4
PRJ-5171,Highway,Bihar,2596.24,42,46.4,31.8,14.6,34.4,1.082,68.6,57.2,64.6,55.8,72,66.0,1,3.2,3,6.5,HIGH,7.4,17.1
PRJ-5172,Airport,Gujarat,1459.92,54,76.4,47.6,28.8,63.2,1.328,40.7,50.3,47.6,37.8,175,62.0,8,5.1,2,7.9,CRITICAL,13.0,31.5
PRJ-5173,Highway,Karnataka,2001.6,38,77.6,49.4,28.2,63.5,1.285,36.5,45.8,40.0,46.6,93,68.8,4,9.2,3,8.9,CRITICAL,13.9,32.5
PRJ-5174,Water Supply,Gujarat,1847.84,25,83.6,54.6,29.0,75.5,1.383,47.5,49.8,43.6,41.4,122,68.1,9,7.8,4,7.0,CRITICAL,11.2,35.8
PRJ-5175,Irrigation,West Bengal,1248.33,20,25.0,2.0,23.0,5.0,2.5,65.0,56.7,57.7,59.2,113,15.0,2,6.4,2,6.5,HIGH,6.4,14.8
PRJ-5176,Airport,Delhi NCR,1496.52,40,52.3,40.5,11.8,47.2,1.165,58.8,59.1,64.3,60.6,104,76.8,6,3.6,1,7.1,HIGH,5.5,8.2
PRJ-5177,Bridge,Kerala,2170.56,26,38.2,21.5,16.7,26.0,1.209,59.5,66.2,54.4,56.5,118,52.9,5,4.7,2,5.6,HIGH,5.7,17.8
PRJ-5178,Irrigation,Bihar,435.43,27,60.3,38.6,21.7,50.3,1.303,46.2,33.6,41.3,44.9,139,62.3,7,5.9,3,8.2,CRITICAL,10.9,27.2
PRJ-5179,Urban Development,Odisha,616.28,39,52.7,26.4,26.3,31.9,1.208,43.7,39.9,38.9,43.1,159,46.8,2,5.7,4,8.3,CRITICAL,10.8,33.0
PRJ-5180,Railway,Gujarat,3085.28,33,72.5,63.1,9.4,69.6,1.103,60.1,62.2,55.6,67.6,76,86.8,3,5.0,2,6.9,HIGH,6.1,13.6
PRJ-5181,Metro,Karnataka,7806.7,37,71.1,45.2,25.9,60.6,1.341,50.0,48.1,49.4,33.5,184,64.1,8,8.3,2,9.1,CRITICAL,12.8,34.1
PRJ-5182,Bridge,West Bengal,468.86,45,27.8,9.8,18.0,12.0,1.224,42.9,36.9,51.4,41.0,228,34.2,5,5.5,3,9.1,CRITICAL,14.8,32.7
PRJ-5183,Urban Development,Assam,1259.77,22,23.1,22.7,0.4,22.9,1.009,94.7,90.1,91.3,94.7,8,95.8,0,2.2,0,1.5,LOW,0.4,1.9
PRJ-5184,Irrigation,Andhra Pradesh,262.39,39,65.0,65.0,0.0,65.8,1.012,98.9,97.0,92.4,97.5,3,100.0,0,1.6,0,1.4,LOW,0.7,0.7
PRJ-5185,Water Supply,Rajasthan,445.89,20,60.3,47.4,12.9,52.7,1.112,69.4,60.9,63.9,57.8,93,79.6,1,3.5,1,6.9,HIGH,6.1,15.1
PRJ-5186,Highway,West Bengal,2726.26,30,22.7,2.0,20.7,5.0,2.5,43.0,34.9,36.2,37.4,114,15.0,2,6.2,3,9.3,CRITICAL,9.0,25.8
PRJ-5187,Urban Development,Telangana,896.59,25,65.6,35.9,29.7,47.3,1.318,41.9,42.1,46.1,38.4,126,51.8,4,5.9,4,8.4,CRITICAL,13.5,25.7
PRJ-5188,Metro,Andhra Pradesh,6246.53,65,82.4,82.3,0.1,80.4,0.977,96.4,86.6,92.1,87.9,1,100.0,0,1.1,0,2.1,LOW,0.0,2.0
PRJ-5189,Bridge,Uttar Pradesh,3947.21,42,38.8,18.4,20.4,23.7,1.288,61.8,53.0,64.9,56.6,83,48.7,6,4.0,2,5.3,HIGH,8.2,16.4
PRJ-5190,Airport,Karnataka,6862.39,50,27.7,9.4,18.3,10.5,1.117,57.1,60.0,55.6,65.8,124,37.4,2,4.6,3,6.8,HIGH,8.8,16.9
PRJ-5191,Urban Development,Jammu & Kashmir,238.43,47,28.5,14.8,13.7,17.1,1.155,58.6,56.4,55.4,62.1,82,51.8,3,6.9,2,5.3,HIGH,6.1,12.1
PRJ-5192,Bridge,Tamil Nadu,465.54,43,81.7,48.4,33.3,66.1,1.366,41.0,34.1,47.5,46.5,178,55.3,4,9.1,4,7.5,CRITICAL,14.5,19.3
PRJ-5193,Power Infrastructure,Tamil Nadu,2844.67,46,63.0,63.0,0.0,65.3,1.037,96.1,95.0,95.1,86.1,2,100.0,0,0.3,0,0.6,LOW,0.2,0.0
PRJ-5194,Metro,Uttarakhand,4063.75,37,75.2,69.3,5.9,71.9,1.038,85.1,77.8,82.8,82.0,31,91.7,1,4.5,1,3.4,MEDIUM,3.4,6.6
PRJ-5195,Water Supply,Uttarakhand,378.33,24,52.2,51.6,0.6,51.8,1.004,98.1,92.6,90.5,91.8,2,100.0,1,3.2,0,1.8,LOW,0.2,1.4
PRJ-5196,Irrigation,Jammu & Kashmir,820.72,20,33.4,10.6,22.8,12.9,1.217,52.2,46.6,39.4,50.1,127,30.6,5,7.7,2,9.1,CRITICAL,12.1,21.2
PRJ-5197,Urban Development,Delhi NCR,2117.29,38,55.1,26.0,29.1,34.9,1.342,43.6,45.6,51.4,40.8,141,45.1,6,7.6,5,7.2,CRITICAL,12.3,33.0
PRJ-5198,Metro,Andhra Pradesh,4325.33,63,35.3,30.7,4.6,32.6,1.062,76.5,76.0,82.8,72.7,39,88.7,1,1.5,1,4.4,MEDIUM,2.2,3.3
PRJ-5199,Irrigation,Uttarakhand,175.25,42,59.0,57.0,2.0,63.1,1.107,79.3,73.7,81.8,71.2,26,100.0,3,4.1,0,4.0,MEDIUM,2.8,7.5
PRJ-5200,Power Infrastructure,Jammu & Kashmir,2817.55,39,24.9,5.8,19.1,6.9,1.19,60.3,60.7,65.7,62.6,47,26.5,5,5.6,3,6.9,HIGH,6.4,13.8
PRJ-5201,Power Infrastructure,Madhya Pradesh,1127.64,44,80.9,61.2,19.7,74.4,1.216,58.9,56.1,65.3,64.8,88,71.2,3,6.6,2,5.7,HIGH,6.6,15.1
PRJ-5202,Water Supply,Uttar Pradesh,917.57,22,66.6,61.7,4.9,64.9,1.052,77.2,84.2,77.0,77.1,28,86.1,2,2.4,1,3.2,MEDIUM,3.2,7.5
PRJ-5203,Bridge,Rajasthan,996.89,39,59.6,59.6,0.0,59.4,0.997,95.0,92.7,97.2,96.9,4,97.8,1,0.9,0,2.1,LOW,0.0,0.9
PRJ-5204,Bridge,Delhi NCR,1637.04,41,62.6,42.2,20.4,53.4,1.265,61.7,58.6,63.8,68.2,98,69.0,6,4.5,1,6.2,HIGH,6.5,12.7
PRJ-5205,Bridge,Assam,2519.35,36,91.5,91.5,0.0,89.4,0.977,90.0,96.9,90.1,95.2,5,97.4,0,4.0,0,1.1,LOW,0.2,1.0
PRJ-5206,Bridge,Telangana,1492.63,18,85.6,84.8,0.8,83.3,0.982,90.1,92.7,90.9,89.0,5,100.0,0,2.4,0,0.6,LOW,0.2,1.3
PRJ-5207,Water Supply,Assam,1180.85,29,43.2,36.8,6.4,36.6,0.995,78.7,79.1,74.7,71.6,37,85.3,0,3.0,0,4.0,MEDIUM,2.8,8.9
PRJ-5208,Metro,Kerala,1908.83,24,87.3,72.4,14.9,79.3,1.095,69.6,61.8,64.9,63.7,102,83.4,3,6.8,3,5.9,HIGH,4.2,11.5
PRJ-5209,Airport,Himachal Pradesh,6434.05,55,32.3,30.4,1.9,30.5,1.003,95.8,94.3,89.0,95.1,2,92.4,0,3.4,0,2.1,LOW,0.6,0.0
PRJ-5210,Railway,Karnataka,4421.74,42,32.3,26.7,5.6,29.1,1.09,82.8,81.9,84.8,71.5,31,86.1,2,1.6,1,3.6,MEDIUM,2.1,5.1
PRJ-5211,Railway,Telangana,5241.78,48,86.5,86.5,0.0,84.5,0.977,90.2,95.8,91.7,90.2,2,97.7,0,2.5,0,0.5,LOW,0.0,0.5
PRJ-5212,Power Infrastructure,Uttarakhand,1116.41,31,79.1,79.1,0.0,79.8,1.009,98.9,90.5,95.4,92.8,3,94.0,0,3.2,0,2.1,LOW,0.3,0.3
PRJ-5213,Irrigation,Rajasthan,1105.27,23,32.0,30.9,1.1,31.9,1.032,94.0,93.0,94.9,95.5,3,96.5,1,1.3,0,1.5,LOW,0.0,0.6
PRJ-5214,Highway,Delhi NCR,494.41,39,73.6,73.6,0.0,75.4,1.024,93.7,98.4,92.6,96.7,0,95.2,1,2.4,0,0.7,LOW,0.0,1.8
PRJ-5215,Urban Development,Andhra Pradesh,1495.07,29,28.0,28.0,0.0,27.7,0.989,94.4,90.6,90.8,95.3,5,100.0,0,2.1,0,2.2,LOW,0.1,2.5
PRJ-5216,Water Supply,Delhi NCR,405.91,42,73.0,72.4,0.6,73.7,1.018,98.6,97.3,94.6,96.7,3,100.0,0,1.4,0,2.0,LOW,0.3,2.0
PRJ-5217,Power Infrastructure,Odisha,1890.88,48,39.2,33.9,5.3,37.0,1.091,85.8,77.3,73.9,77.8,47,79.7,3,3.5,1,3.2,MEDIUM,2.2,5.9
PRJ-5218,Water Supply,Kerala,372.99,23,48.2,18.7,29.5,24.1,1.289,47.9,48.1,36.2,48.5,119,37.5,4,10.0,5,9.4,CRITICAL,12.5,20.8
PRJ-5219,Power Infrastructure,Andhra Pradesh,1619.74,30,56.9,55.2,1.7,54.8,0.993,98.8,99.0,88.7,92.3,3,92.5,1,1.9,0,2.1,LOW,0.4,2.1
PRJ-5220,Airport,Assam,5350.39,25,81.4,76.7,4.7,82.7,1.078,78.4,81.1,80.7,72.4,29,98.5,2,3.2,1,4.7,MEDIUM,3.1,4.0
PRJ-5221,Highway,Bihar,550.1,36,65.7,59.2,6.5,65.3,1.103,74.5,83.6,83.8,70.5,42,93.9,2,1.7,0,3.3,MEDIUM,3.5,6.0
PRJ-5222,Power Infrastructure,Rajasthan,807.88,34,28.6,28.6,0.0,29.1,1.017,88.5,93.1,88.7,86.2,0,99.9,0,2.5,0,2.0,LOW,0.0,2.8
PRJ-5223,Airport,Tamil Nadu,3864.92,45,69.9,69.9,0.0,69.7,0.997,94.0,87.1,95.3,92.0,3,100.0,0,2.3,0,2.1,LOW,0.4,1.3
PRJ-5224,Irrigation,Tamil Nadu,954.27,32,60.7,51.2,9.5,56.7,1.107,69.2,54.1,65.5,61.6,91,85.8,1,5.7,3,5.6,HIGH,5.5,13.9
PRJ-5225,Airport,Uttarakhand,1901.31,43,54.8,49.3,5.5,52.5,1.065,76.3,79.3,82.9,82.6,39,95.6,1,3.3,1,4.0,MEDIUM,2.6,5.0
PRJ-5226,Urban Development,Himachal Pradesh,227.87,23,87.1,87.1,0.0,87.4,1.003,96.5,98.4,98.4,97.5,0,99.8,0,3.0,0,0.9,LOW,0.3,1.5
PRJ-5227,Railway,Madhya Pradesh,1998.06,50,88.0,88.0,0.0,91.6,1.041,91.2,94.1,90.5,93.9,2,94.3,0,1.8,0,0.5,LOW,0.3,0.5
PRJ-5228,Bridge,Gujarat,2922.85,63,54.8,54.8,0.0,57.3,1.046,92.1,98.7,90.7,90.6,6,94.3,0,1.2,0,0.8,LOW,0.0,0.1
PRJ-5229,Railway,Tamil Nadu,2013.98,45,58.4,43.8,14.6,51.7,1.18,66.9,54.9,63.4,64.8,74,70.9,3,3.4,3,5.1,HIGH,6.4,13.8
PRJ-5230,Irrigation,Uttar Pradesh,651.34,39,63.2,24.9,38.3,35.6,1.43,46.5,44.4,53.6,32.5,122,44.6,8,8.8,2,9.0,CRITICAL,14.5,30.1
PRJ-5231,Urban Development,West Bengal,223.97,37,58.4,58.2,0.2,56.5,0.971,88.8,87.8,96.2,97.2,0,100.0,0,0.5,0,2.0,LOW,0.1,0.1
PRJ-5232,Irrigation,West Bengal,291.64,13,22.7,5.9,16.8,7.3,1.237,57.5,68.7,54.4,55.9,45,21.9,4,5.6,1,5.9,HIGH,7.4,17.3
PRJ-5233,Irrigation,Madhya Pradesh,666.92,34,61.8,61.6,0.2,61.3,0.995,89.7,86.8,94.6,94.0,0,100.0,0,2.4,0,2.0,LOW,0.2,0.6
PRJ-5234,Airport,Madhya Pradesh,1858.79,25,64.4,58.8,5.6,62.4,1.061,83.2,75.2,84.7,79.6,31,94.6,1,1.5,0,2.9,MEDIUM,1.9,6.1
PRJ-5235,Bridge,Karnataka,6646.85,58,49.4,46.3,3.1,47.7,1.03,80.7,79.2,72.4,78.5,19,94.7,1,3.6,0,2.8,MEDIUM,1.9,8.7
PRJ-5236,Urban Development,Madhya Pradesh,1236.86,28,88.2,86.6,1.6,86.8,1.002,96.6,87.7,93.6,88.0,0,98.9,0,1.2,0,1.4,LOW,0.1,0.7
PRJ-5237,Highway,Telangana,900.75,27,42.0,15.8,26.2,19.9,1.259,37.7,36.8,36.6,53.1,179,35.6,4,8.0,5,8.6,CRITICAL,10.8,24.9
PRJ-5238,Airport,Kerala,2815.08,87,26.3,26.3,0.0,25.8,0.981,93.0,95.6,93.5,91.2,0,100.0,0,3.0,0,1.0,LOW,0.3,2.2
PRJ-5239,Water Supply,Assam,186.11,24,24.1,6.3,17.8,7.4,1.175,65.0,58.0,55.9,65.5,102,23.8,4,7.5,1,5.5,HIGH,4.9,18.5
PRJ-5240,Highway,Jammu & Kashmir,3594.41,23,22.5,22.0,0.5,22.3,1.014,97.3,95.7,95.3,87.9,2,100.0,0,2.5,0,0.6,LOW,0.1,0.9
PRJ-5241,Urban Development,Karnataka,365.28,26,31.0,15.5,15.5,18.6,1.2,55.8,55.1,62.4,56.1,71,49.9,4,5.2,2,5.7,HIGH,6.8,13.3
PRJ-5242,Water Supply,Rajasthan,1311.42,18,53.1,48.1,5.0,53.0,1.102,85.5,70.7,77.0,75.8,32,92.7,2,2.1,0,3.2,MEDIUM,2.6,5.7
PRJ-5243,Bridge,West Bengal,1792.68,32,27.3,2.0,25.3,5.0,2.5,51.8,35.3,50.0,34.6,131,15.0,7,5.3,5,8.0,CRITICAL,13.1,30.1
PRJ-5244,Power Infrastructure,Rajasthan,3889.55,18,41.4,35.3,6.1,40.0,1.133,74.4,76.5,80.8,76.4,35,83.0,3,3.9,1,4.2,MEDIUM,3.6,8.1
PRJ-5245,Urban Development,Himachal Pradesh,1722.78,20,78.2,70.0,8.2,77.6,1.109,68.4,59.5,62.2,68.2,80,93.3,2,6.0,1,6.0,HIGH,8.3,14.7
PRJ-5246,Power Infrastructure,Delhi NCR,1085.71,40,66.6,66.4,0.2,64.8,0.976,94.1,90.3,97.9,86.4,0,100.0,0,2.4,0,1.7,LOW,0.3,1.4
PRJ-5247,Irrigation,Tamil Nadu,1016.65,15,33.0,33.0,0.0,33.2,1.006,92.9,88.7,95.3,89.7,1,97.9,0,1.2,0,1.0,LOW,0.3,0.6
PRJ-5248,Irrigation,West Bengal,564.81,21,72.8,71.3,1.5,73.1,1.025,75.5,70.4,81.0,83.4,33,96.3,1,4.5,0,3.3,MEDIUM,3.0,4.2
PRJ-5249,Water Supply,Odisha,1236.79,35,71.6,71.6,0.0,73.3,1.024,94.4,92.4,88.7,95.2,0,96.4,0,2.4,0,0.6,LOW,0.2,2.5
PRJ-5250,Bridge,Delhi NCR,487.82,18,31.1,31.1,0.0,30.6,0.984,88.1,87.4,93.0,91.1,3,97.6,0,2.1,0,1.7,LOW,0.1,1.5
PRJ-5251,Power Infrastructure,Himachal Pradesh,3069.35,55,22.1,17.4,4.7,18.6,1.069,75.4,75.6,77.5,75.0,33,76.5,2,5.9,0,4.3,MEDIUM,1.9,5.3
PRJ-5252,Highway,Kerala,1635.2,28,26.2,26.2,0.0,25.8,0.985,88.1,87.3,95.1,87.1,0,100.0,0,2.5,0,0.7,LOW,0.4,1.2
PRJ-5253,Metro,Karnataka,1857.21,41,74.4,66.6,7.8,70.3,1.056,72.3,73.5,81.7,74.7,29,89.9,0,2.4,0,3.5,MEDIUM,2.4,5.3
PRJ-5254,Airport,Maharashtra,1626.23,50,27.1,2.0,25.1,5.0,2.5,46.1,47.5,35.0,35.4,96,15.0,5,5.7,4,8.4,CRITICAL,14.3,26.7
PRJ-5255,Power Infrastructure,Kerala,787.78,32,85.1,61.7,23.4,77.5,1.256,46.1,42.1,36.6,32.1,187,72.2,5,6.5,5,8.0,CRITICAL,9.2,24.7
PRJ-5256,Irrigation,Rajasthan,1581.79,46,88.8,84.9,3.9,90.6,1.067,76.5,81.2,81.5,77.7,32,94.5,5,1.6,0,4.2,MEDIUM,2.7,6.0
PRJ-5257,Water Supply,Odisha,658.41,30,69.5,63.8,5.7,67.9,1.064,74.3,74.1,81.2,70.7,25,90.6,0,1.7,0,2.9,MEDIUM,2.4,5.5
PRJ-5258,Water Supply,Himachal Pradesh,244.33,22,25.8,20.1,5.7,22.0,1.095,78.0,71.6,80.8,72.0,19,75.8,2,4.4,0,3.6,MEDIUM,2.8,6.2
PRJ-5259,Airport,Andhra Pradesh,1997.53,24,41.9,41.0,0.9,40.8,0.995,97.3,94.7,94.9,95.8,2,97.2,0,0.2,0,2.1,LOW,0.1,0.9
PRJ-5260,Highway,Uttar Pradesh,2058.31,30,64.2,56.2,8.0,58.6,1.043,85.3,74.5,78.0,74.2,29,82.5,0,2.8,1,3.4,MEDIUM,2.2,7.9
PRJ-5261,Metro,Karnataka,9368.73,24,87.5,85.5,2.0,87.3,1.021,91.6,93.3,93.6,93.7,7,93.8,0,1.1,0,1.0,LOW,0.1,1.6
PRJ-5262,Irrigation,Assam,1460.46,15,89.2,49.3,39.9,63.8,1.294,36.8,44.9,48.1,33.9,140,52.2,2,8.0,5,8.7,CRITICAL,10.4,19.3
PRJ-5263,Water Supply,West Bengal,203.21,22,79.2,78.7,0.5,78.5,0.997,92.5,87.9,98.2,88.2,2,97.0,0,0.6,0,0.8,LOW,0.4,1.0
PRJ-5264,Water Supply,Tamil Nadu,830.2,12,38.0,38.0,0.0,39.3,1.034,93.2,92.9,99.9,95.7,3,100.0,0,2.0,0,0.8,LOW,0.0,0.1
PRJ-5265,Urban Development,Assam,1989.95,38,65.6,61.5,4.1,63.9,1.039,75.2,72.1,86.5,79.7,25,99.4,1,4.3,0,4.0,MEDIUM,1.3,5.7
PRJ-5266,Bridge,Jammu & Kashmir,2679.69,29,80.6,50.8,29.8,67.8,1.335,52.3,51.2,52.0,34.8,153,64.3,5,8.7,5,7.0,CRITICAL,13.3,31.1
PRJ-5267,Railway,Andhra Pradesh,8096.26,65,80.3,73.5,6.8,78.8,1.072,82.6,82.4,81.0,74.1,31,88.1,2,4.5,1,4.7,MEDIUM,2.6,8.2
PRJ-5268,Power Infrastructure,Telangana,914.51,28,64.7,31.9,32.8,43.1,1.351,41.6,34.3,51.8,50.8,98,39.9,9,5.8,3,9.2,CRITICAL,13.8,30.0
PRJ-5269,Railway,Bihar,3807.03,61,69.2,51.5,17.7,61.1,1.186,65.4,53.6,64.3,65.0,81,68.6,3,6.5,1,6.5,HIGH,5.3,9.7
PRJ-5270,Railway,Himachal Pradesh,5918.28,54,46.4,46.4,0.0,47.7,1.028,96.0,90.0,89.6,91.0,0,99.6,0,1.8,0,0.7,LOW,0.0,2.5
PRJ-5271,Metro,Uttar Pradesh,5372.38,48,76.2,42.7,33.5,58.0,1.358,48.0,36.6,37.5,48.4,90,53.4,6,8.6,2,8.0,CRITICAL,10.5,27.5
PRJ-5272,Power Infrastructure,Maharashtra,877.47,39,32.3,25.4,6.9,26.7,1.051,80.5,78.9,82.5,76.2,18,78.3,4,3.0,0,2.7,MEDIUM,2.2,7.6
PRJ-5273,Metro,West Bengal,1828.65,25,38.5,34.9,3.6,37.4,1.072,84.6,80.6,85.3,75.2,38,89.0,4,2.1,1,2.6,MEDIUM,2.7,6.7
PRJ-5274,Railway,Assam,7766.1,42,85.7,78.9,6.8,86.9,1.101,75.9,73.9,84.9,78.6,32,87.6,2,2.9,1,2.8,MEDIUM,2.7,9.0
PRJ-5275,Airport,West Bengal,7243.83,47,83.4,79.2,4.2,84.8,1.071,85.4,84.4,77.8,72.9,37,91.2,3,3.8,0,3.9,MEDIUM,2.5,5.7
PRJ-5276,Bridge,Telangana,5150.33,35,35.4,29.8,5.6,32.4,1.087,73.5,81.6,78.6,77.1,31,82.5,3,2.9,0,4.7,MEDIUM,2.6,5.0
PRJ-5277,Urban Development,Tamil Nadu,152.6,22,85.4,83.8,1.6,82.5,0.984,91.6,87.9,99.7,93.7,0,100.0,1,1.6,0,1.2,LOW,0.1,1.5
PRJ-5278,Power Infrastructure,Uttar Pradesh,1359.34,23,22.5,22.5,0.0,22.4,0.996,96.8,90.8,91.5,91.3,0,98.2,0,1.4,0,1.1,LOW,0.1,1.9
PRJ-5279,Irrigation,Uttarakhand,507.77,37,40.5,40.5,0.0,39.9,0.985,91.4,96.2,95.5,91.5,0,100.0,0,2.9,0,1.9,LOW,0.0,0.7
PRJ-5280,Highway,Bihar,2417.98,39,52.4,52.4,0.0,49.9,0.952,94.8,91.3,90.1,91.7,1,99.0,0,1.7,0,1.6,LOW,0.0,0.4
PRJ-5281,Irrigation,Odisha,223.67,16,40.5,27.7,12.8,32.0,1.155,65.5,55.3,63.2,67.9,59,71.3,6,3.6,3,7.1,HIGH,8.5,9.9
PRJ-5282,Water Supply,Bihar,922.93,18,90.9,85.1,5.8,86.6,1.018,81.2,77.7,84.3,80.6,30,94.0,1,2.5,0,4.8,MEDIUM,2.6,6.1
PRJ-5283,Railway,Karnataka,5182.87,66,56.7,39.9,16.8,48.6,1.218,67.8,52.3,59.3,55.6,94,70.8,7,4.8,1,5.3,HIGH,5.0,12.0
PRJ-5284,Urban Development,Odisha,263.45,36,37.9,29.9,8.0,32.5,1.087,59.5,66.3,55.6,67.3,85,72.4,4,3.7,2,5.9,HIGH,5.9,14.4
PRJ-5285,Power Infrastructure,Tamil Nadu,838.63,25,81.2,76.2,5.0,79.5,1.043,72.5,82.7,75.9,82.5,37,89.3,0,4.4,0,2.5,MEDIUM,3.5,6.5
PRJ-5286,Water Supply,West Bengal,394.15,14,62.7,58.7,4.0,59.6,1.015,85.0,70.1,76.2,72.0,26,88.2,0,2.5,1,2.6,MEDIUM,2.6,5.4
PRJ-5287,Metro,West Bengal,2923.7,24,38.0,38.0,0.0,39.2,1.032,93.6,95.3,96.8,95.8,2,100.0,1,2.3,0,0.8,LOW,0.2,2.1
PRJ-5288,Airport,Odisha,6633.16,68,41.3,17.7,23.6,22.0,1.243,39.5,44.1,49.7,46.5,202,39.4,3,6.2,4,8.0,CRITICAL,13.0,26.3
PRJ-5289,Power Infrastructure,Bihar,3247.16,27,21.6,20.8,0.8,20.5,0.986,93.9,93.1,92.9,94.5,3,98.7,0,0.5,0,0.8,LOW,0.1,1.7
PRJ-5290,Airport,West Bengal,4978.56,33,37.6,37.3,0.3,38.8,1.04,93.5,94.6,96.9,85.3,2,100.0,0,2.3,0,0.7,LOW,0.3,0.8
PRJ-5291,Urban Development,Delhi NCR,305.7,34,74.1,69.3,4.8,75.9,1.095,75.2,72.7,77.7,70.1,33,95.4,0,4.1,1,4.6,MEDIUM,2.7,8.2
PRJ-5292,Airport,West Bengal,1538.25,45,46.8,45.5,1.3,44.1,0.969,89.7,86.1,97.8,86.8,0,95.5,0,2.3,0,0.9,LOW,0.1,0.7
PRJ-5293,Highway,Karnataka,2517.29,29,91.5,86.0,5.5,91.4,1.063,75.4,76.2,76.8,72.5,17,95.6,1,3.0,0,4.8,MEDIUM,1.7,7.8
PRJ-5294,Power Infrastructure,Tamil Nadu,2611.58,24,57.3,57.3,0.0,57.0,0.995,88.7,96.3,96.9,85.8,1,100.0,0,1.3,0,1.9,LOW,0.2,2.1
PRJ-5295,Water Supply,Rajasthan,999.09,34,79.7,71.9,7.8,73.2,1.018,73.9,83.0,73.9,70.0,10,93.0,1,3.4,1,4.1,MEDIUM,1.3,7.2
PRJ-5296,Urban Development,Andhra Pradesh,1286.33,34,77.6,67.6,10.0,76.3,1.129,56.6,67.5,63.9,56.0,45,92.1,4,4.8,1,6.6,HIGH,4.9,14.0
PRJ-5297,Power Infrastructure,Delhi NCR,1507.11,46,43.8,43.8,0.0,44.3,1.011,91.4,95.2,94.7,88.9,2,100.0,0,1.1,0,1.9,LOW,0.4,0.8
PRJ-5298,Power Infrastructure,Uttar Pradesh,511.96,24,69.1,63.9,5.2,63.3,0.991,81.6,80.2,85.5,81.6,29,93.8,2,2.4,0,4.5,MEDIUM,2.8,7.1
PRJ-5299,Railway,Telangana,1962.12,65,67.0,46.1,20.9,56.1,1.217,53.6,38.8,41.9,50.8,160,63.8,4,6.3,4,8.2,CRITICAL,8.9,25.8
PRJ-5300,Power Infrastructure,Kerala,457.87,48,86.3,58.9,27.4,78.0,1.324,51.0,43.8,35.7,45.7,200,63.8,7,10.0,2,7.8,CRITICAL,13.8,26.9
PRJ-5301,Airport,Assam,3526.38,57,69.3,56.9,12.4,64.6,1.135,57.1,56.1,65.5,65.1,77,85.4,3,5.0,2,6.3,HIGH,5.6,12.7
PRJ-5302,Metro,Odisha,6267.18,66,59.4,45.9,13.5,58.4,1.272,66.1,61.0,60.5,61.3,96,77.9,7,5.5,1,5.9,HIGH,5.3,15.4
PRJ-5303,Bridge,Bihar,3410.44,26,64.5,57.0,7.5,64.6,1.133,85.8,76.0,72.5,81.5,32,86.1,1,3.1,0,3.3,MEDIUM,2.5,5.7
PRJ-5304,Water Supply,Delhi NCR,487.34,16,48.0,42.5,5.5,45.7,1.075,78.5,73.9,73.0,72.8,40,89.3,3,2.1,1,4.2,MEDIUM,2.1,4.5
PRJ-5305,Water Supply,Bihar,388.45,29,37.4,29.4,8.0,33.1,1.126,69.8,53.1,68.4,65.2,56,79.1,5,3.1,2,6.2,HIGH,5.8,13.6
PRJ-5306,Railway,Assam,1595.25,59,56.8,56.8,0.0,55.8,0.982,90.2,95.4,90.2,96.9,0,99.3,0,3.5,0,1.9,LOW,0.2,1.9
PRJ-5307,Highway,Rajasthan,3142.75,28,36.5,18.1,18.4,22.0,1.215,58.1,52.1,59.1,56.3,78,49.1,3,6.7,3,6.1,HIGH,5.9,11.8
PRJ-5308,Metro,Madhya Pradesh,5866.77,27,56.4,56.4,0.0,57.7,1.023,97.4,95.0,99.7,85.6,3,100.0,1,1.5,0,1.2,LOW,0.3,2.0
PRJ-5309,Urban Development,Telangana,3032.94,23,26.0,2.0,24.0,5.0,2.5,37.7,30.9,40.0,40.8,181,15.0,13,6.3,5,9.0,CRITICAL,11.1,30.8
PRJ-5310,Railway,West Bengal,2124.07,51,57.8,33.4,24.4,42.1,1.26,62.6,57.3,57.4,67.0,87,55.1,3,3.8,3,5.0,HIGH,5.6,12.4
PRJ-5311,Power Infrastructure,Odisha,5260.47,25,30.2,29.2,1.0,30.4,1.041,90.9,98.6,92.7,91.7,1,93.2,2,2.5,0,0.7,LOW,0.0,1.3
PRJ-5312,Urban Development,Gujarat,372.62,15,24.7,2.0,22.7,5.0,2.5,36.6,30.8,38.0,53.7,206,15.0,5,8.6,2,8.5,CRITICAL,11.6,21.1
PRJ-5313,Irrigation,Tamil Nadu,319.6,29,41.6,41.6,0.0,40.9,0.983,90.8,91.6,96.3,89.5,3,100.0,0,0.3,0,0.6,LOW,0.4,1.4
PRJ-5314,Railway,Uttarakhand,4411.95,59,29.2,25.0,4.2,28.4,1.136,81.0,73.3,86.9,77.5,42,80.0,5,5.2,1,3.7,MEDIUM,2.8,7.5
PRJ-5315,Irrigation,Odisha,962.19,46,45.5,40.3,5.2,42.9,1.065,77.3,81.0,82.6,80.2,32,93.8,2,4.5,1,4.4,MEDIUM,1.7,9.4
PRJ-5316,Power Infrastructure,Bihar,1053.99,35,82.0,53.5,28.5,73.8,1.379,48.2,30.6,47.2,51.2,90,67.3,8,9.2,2,7.7,CRITICAL,10.2,20.9
PRJ-5317,Airport,West Bengal,2778.07,56,23.3,15.3,8.0,16.1,1.052,62.9,66.1,66.7,59.1,88,65.9,1,4.2,1,7.0,HIGH,6.0,15.6
PRJ-5318,Urban Development,Uttar Pradesh,330.62,46,59.1,54.8,4.3,61.0,1.113,75.0,82.0,81.1,70.3,33,93.3,1,4.2,1,3.4,MEDIUM,1.8,4.1
PRJ-5319,Power Infrastructure,Maharashtra,2105.17,42,31.6,15.2,16.4,18.2,1.197,70.8,62.7,67.1,57.9,90,45.5,4,4.2,3,5.0,HIGH,6.0,12.7
PRJ-5320,Railway,Delhi NCR,4366.55,42,65.2,59.2,6.0,62.0,1.047,85.9,76.0,73.5,75.2,35,88.9,0,2.8,0,4.3,MEDIUM,2.4,7.2
PRJ-5321,Water Supply,Andhra Pradesh,835.1,34,70.2,50.5,19.7,62.9,1.246,62.1,64.0,67.9,66.7,60,71.3,3,5.6,3,6.2,HIGH,6.0,14.9
PRJ-5322,Water Supply,West Bengal,224.78,12,25.2,17.2,8.0,19.4,1.128,62.9,56.4,54.8,55.8,85,71.0,3,3.2,2,6.1,HIGH,5.4,14.5
PRJ-5323,Water Supply,Uttar Pradesh,1767.03,18,82.0,75.4,6.6,81.1,1.076,79.2,81.8,81.2,82.8,33,97.0,1,2.4,0,4.6,MEDIUM,1.6,5.4
PRJ-5324,Highway,Madhya Pradesh,1068.29,46,39.9,39.9,0.0,38.8,0.972,93.5,88.1,98.8,85.8,4,100.0,2,2.0,0,1.8,LOW,0.2,1.2
PRJ-5325,Railway,Karnataka,3046.58,71,72.7,68.2,4.5,69.9,1.025,75.6,75.9,77.1,75.1,43,93.6,0,3.5,0,4.7,MEDIUM,2.8,4.7
PRJ-5326,Irrigation,Delhi NCR,376.2,23,44.5,36.0,8.5,39.1,1.086,82.7,77.2,74.1,76.0,29,81.5,0,3.7,1,3.6,MEDIUM,3.1,5.6
PRJ-5327,Power Infrastructure,Delhi NCR,5042.48,36,60.3,58.8,1.5,58.6,0.997,79.2,75.6,76.6,70.8,33,99.9,1,3.6,0,3.2,MEDIUM,2.0,6.8
PRJ-5328,Railway,Tamil Nadu,4051.17,51,50.6,31.7,18.9,35.6,1.123,68.1,59.1,66.1,58.0,68,59.6,2,6.2,3,6.6,HIGH,6.7,15.0
PRJ-5329,Urban Development,Rajasthan,267.72,29,32.4,32.2,0.2,31.5,0.978,88.2,93.1,99.4,87.1,0,96.5,0,1.6,0,1.0,LOW,0.4,1.5
PRJ-5330,Power Infrastructure,Karnataka,2549.37,25,33.8,3.8,30.0,5.0,1.316,36.0,37.4,42.8,50.2,148,15.0,8,7.0,2,7.5,CRITICAL,10.8,29.2
PRJ-5331,Power Infrastructure,Madhya Pradesh,1821.45,35,59.3,56.7,2.6,58.2,1.026,95.3,96.5,92.3,88.8,2,94.9,0,1.8,0,1.0,LOW,0.1,2.4
PRJ-5332,Metro,Bihar,4089.97,48,87.7,84.2,3.5,91.8,1.09,78.7,70.7,79.9,78.4,32,100.0,4,2.9,1,4.3,MEDIUM,2.6,5.3
PRJ-5333,Highway,Gujarat,3631.89,35,26.4,11.7,14.7,13.7,1.171,69.2,63.2,68.4,68.1,61,46.2,4,4.3,1,6.2,HIGH,7.3,15.2
PRJ-5334,Metro,Telangana,2841.05,30,64.3,64.3,0.0,64.2,0.998,95.0,95.4,90.0,93.6,2,100.0,0,1.9,0,1.8,LOW,0.3,0.0
PRJ-5335,Railway,Himachal Pradesh,4992.79,33,22.7,21.0,1.7,20.8,0.99,72.0,70.2,81.5,75.3,17,93.7,0,4.6,0,4.3,MEDIUM,2.7,4.9
PRJ-5336,Water Supply,Bihar,1226.6,19,62.7,56.3,6.4,59.8,1.062,85.4,77.8,81.1,77.2,28,93.9,0,2.4,1,4.7,MEDIUM,1.6,5.7
PRJ-5337,Railway,Maharashtra,1876.11,55,46.5,40.3,6.2,44.9,1.114,76.0,74.1,79.4,76.0,26,88.8,2,1.5,1,4.6,MEDIUM,2.6,5.4
PRJ-5338,Airport,Karnataka,1487.55,28,79.5,79.5,0.0,79.3,0.997,93.8,94.7,88.6,89.6,5,96.4,0,1.5,0,1.9,LOW,0.1,1.0
PRJ-5339,Power Infrastructure,Kerala,2402.24,32,35.3,10.2,25.1,12.5,1.225,64.1,60.3,69.2,55.5,88,28.9,0,5.5,1,5.2,HIGH,5.6,12.4
PRJ-5340,Metro,West Bengal,2637.2,73,77.8,74.8,3.0,79.5,1.063,76.3,70.0,83.9,73.0,34,96.4,3,1.8,0,3.2,MEDIUM,1.6,5.2
PRJ-5341,Highway,Himachal Pradesh,1648.06,36,88.2,83.8,4.4,88.1,1.051,82.8,75.4,74.9,81.4,28,97.3,0,3.6,1,4.6,MEDIUM,1.6,7.8
PRJ-5342,Bridge,Delhi NCR,4384.53,34,67.5,52.6,14.9,60.8,1.156,64.8,65.4,60.9,60.8,57,73.9,2,5.6,1,6.1,HIGH,4.5,12.8
PRJ-5343,Highway,Uttarakhand,4846.7,24,73.7,73.5,0.2,77.1,1.049,94.6,91.5,98.7,87.7,4,94.8,0,3.1,0,1.3,LOW,0.0,0.6
PRJ-5344,Railway,Assam,3323.01,48,78.7,70.2,8.5,78.8,1.123,83.5,73.2,72.5,70.0,26,91.2,1,3.6,1,4.1,MEDIUM,2.4,3.4
PRJ-5345,Airport,Delhi NCR,2649.21,27,66.9,61.9,5.0,64.0,1.034,78.6,83.6,81.9,78.5,31,92.9,3,2.4,0,3.4,MEDIUM,1.6,7.2
PRJ-5346,Highway,Maharashtra,1517.7,41,89.7,84.9,4.8,90.6,1.067,82.5,71.6,74.4,82.1,38,95.2,0,1.6,1,3.7,MEDIUM,2.0,7.2
PRJ-5347,Highway,Assam,833.18,34,59.9,35.4,24.5,47.9,1.353,45.7,34.6,51.8,42.7,144,57.1,10,7.6,3,7.8,CRITICAL,15.1,30.9
PRJ-5348,Bridge,Rajasthan,1268.31,21,47.1,43.3,3.8,46.6,1.076,83.4,84.6,75.3,76.2,39,90.6,1,4.3,0,4.8,MEDIUM,2.5,6.1
PRJ-5349,Irrigation,Rajasthan,691.46,35,68.1,59.6,8.5,68.6,1.151,83.4,84.0,78.2,74.0,44,90.5,4,4.4,0,3.5,MEDIUM,2.9,5.8
PRJ-5350,Bridge,Tamil Nadu,2017.65,34,52.9,51.5,1.4,51.8,1.006,93.9,97.2,88.7,87.9,0,100.0,0,2.2,0,2.0,LOW,0.3,1.5
PRJ-5351,Highway,Odisha,1720.89,51,41.4,23.4,18.0,28.9,1.235,50.7,48.8,37.6,43.9,235,55.2,7,5.6,3,8.2,CRITICAL,13.0,25.5
PRJ-5352,Highway,Maharashtra,2070.23,26,61.1,60.6,0.5,63.0,1.04,89.6,90.5,88.9,95.2,0,95.1,3,1.8,0,1.8,LOW,0.0,0.9
PRJ-5353,Irrigation,West Bengal,2774.57,28,88.0,87.3,0.7,85.3,0.977,98.4,91.1,91.6,95.3,4,97.1,0,1.8,0,1.1,LOW,0.5,1.4
PRJ-5354,Railway,Rajasthan,2911.92,46,64.7,64.5,0.2,66.7,1.034,94.9,93.7,95.2,86.3,0,100.0,1,1.6,0,0.8,LOW,0.0,1.1
PRJ-5355,Railway,Bihar,3319.29,57,23.5,23.3,0.2,23.8,1.021,91.3,95.8,99.4,94.6,0,96.5,0,1.6,0,1.5,LOW,0.4,0.5
PRJ-5356,Metro,Uttar Pradesh,2732.22,43,65.6,64.1,1.5,65.4,1.02,72.2,79.1,73.9,78.6,52,95.8,1,2.5,1,3.4,MEDIUM,3.1,6.5
PRJ-5357,Water Supply,Uttarakhand,542.14,37,85.6,63.5,22.1,79.4,1.25,41.7,46.2,41.3,39.0,146,72.5,5,10.0,4,7.4,CRITICAL,12.5,32.1
PRJ-5358,Railway,Andhra Pradesh,9644.86,49,22.0,20.5,1.5,21.1,1.029,72.2,70.9,76.3,76.8,21,95.3,1,3.2,0,4.1,MEDIUM,2.0,7.8
PRJ-5359,Irrigation,Himachal Pradesh,2102.11,27,29.7,16.4,13.3,18.5,1.128,58.4,63.5,62.7,60.0,49,54.6,3,7.8,3,5.9,HIGH,6.3,13.3
PRJ-5360,Bridge,West Bengal,4115.99,48,72.7,72.7,0.0,74.1,1.019,89.7,98.7,94.6,93.6,4,99.9,0,0.5,0,1.6,LOW,0.4,1.9
PRJ-5361,Urban Development,Assam,312.26,31,48.2,28.7,19.5,35.5,1.237,68.8,57.7,55.9,66.9,66,62.3,4,5.3,3,6.5,HIGH,6.4,13.6
PRJ-5362,Water Supply,Gujarat,183.92,28,49.4,42.1,7.3,44.3,1.052,81.7,73.5,73.2,76.1,35,84.5,1,2.0,0,2.8,MEDIUM,2.4,5.2
PRJ-5363,Bridge,West Bengal,570.42,42,31.8,19.1,12.7,21.0,1.099,63.3,55.4,60.7,64.0,98,60.1,4,5.5,3,5.6,HIGH,5.9,15.7
PRJ-5364,Railway,Kerala,9122.28,42,50.9,32.4,18.5,39.6,1.222,70.8,64.9,64.5,59.5,46,67.9,3,8.3,3,6.7,HIGH,5.9,12.7
PRJ-5365,Irrigation,Bihar,565.93,29,83.8,83.8,0.0,82.1,0.98,89.4,95.4,89.0,95.5,0,100.0,0,0.8,0,0.8,LOW,0.4,2.3
PRJ-5366,Highway,Assam,2183.42,44,85.9,81.7,4.2,91.5,1.12,84.4,80.3,79.4,82.8,42,88.5,2,4.5,0,3.6,MEDIUM,2.0,3.8
PRJ-5367,Irrigation,Maharashtra,1908.53,28,77.4,62.8,14.6,74.3,1.183,64.0,60.1,62.2,61.5,53,83.9,6,5.5,1,6.6,HIGH,4.7,11.5
PRJ-5368,Water Supply,West Bengal,210.47,23,87.2,70.4,16.8,79.2,1.125,70.2,64.9,63.0,66.6,87,73.8,0,5.9,3,6.1,HIGH,5.8,13.7
PRJ-5369,Power Infrastructure,Rajasthan,883.92,30,63.4,59.6,3.8,62.5,1.049,74.3,70.8,84.3,75.6,38,97.5,3,2.2,1,2.9,MEDIUM,1.7,5.2
PRJ-5370,Railway,Madhya Pradesh,3236.19,34,54.9,47.9,7.0,51.0,1.065,76.8,77.6,79.6,78.6,21,81.6,1,1.8,1,3.8,MEDIUM,3.4,4.3
PRJ-5371,Irrigation,Uttar Pradesh,600.08,17,20.9,20.6,0.3,20.3,0.985,93.5,86.1,96.7,90.3,0,94.3,0,1.7,0,1.1,LOW,0.0,2.0
PRJ-5372,Railway,West Bengal,4596.37,64,25.0,20.3,4.7,20.7,1.02,73.3,75.6,82.6,76.2,26,84.0,2,1.9,0,3.1,MEDIUM,1.9,8.8
PRJ-5373,Water Supply,Telangana,228.1,30,65.7,65.6,0.1,65.5,0.998,89.7,97.4,88.0,96.4,4,97.5,0,1.4,0,1.7,LOW,0.2,2.0
PRJ-5374,Power Infrastructure,Gujarat,948.74,49,66.3,36.5,29.8,47.9,1.312,37.4,45.4,39.6,35.7,151,55.0,6,7.7,2,7.7,CRITICAL,11.7,25.2
PRJ-5375,Urban Development,Bihar,433.25,28,40.9,39.4,1.5,41.4,1.051,75.4,74.2,85.5,78.0,41,93.9,2,3.7,1,4.2,MEDIUM,2.5,7.1
PRJ-5376,Airport,Gujarat,8246.07,35,57.4,57.4,0.0,56.4,0.983,91.3,94.0,89.7,97.1,4,100.0,0,1.0,0,0.8,LOW,0.0,0.8
PRJ-5377,Irrigation,Assam,720.19,23,89.3,70.6,18.7,82.7,1.171,58.4,64.4,67.1,66.5,90,78.3,2,6.0,2,5.5,HIGH,6.9,13.9
PRJ-5378,Metro,Andhra Pradesh,7006.89,55,71.2,63.2,8.0,73.1,1.157,56.6,53.6,66.3,57.2,112,91.5,2,4.5,2,6.8,HIGH,6.1,11.0
PRJ-5379,Metro,Andhra Pradesh,1947.43,45,55.4,29.0,26.4,41.1,1.417,41.7,49.9,45.6,44.0,175,49.0,10,9.4,5,8.0,CRITICAL,11.3,25.0
PRJ-5380,Power Infrastructure,Tamil Nadu,2600.92,29,60.4,55.9,4.5,60.6,1.084,79.3,71.7,75.4,81.5,47,95.1,2,4.4,1,4.5,MEDIUM,3.9,2.5
PRJ-5381,Irrigation,Maharashtra,159.97,24,63.6,60.5,3.1,61.6,1.018,79.8,75.9,82.4,82.5,37,98.2,0,2.7,0,3.4,MEDIUM,2.5,8.0
PRJ-5382,Power Infrastructure,Assam,4301.8,39,71.1,54.1,17.0,68.8,1.272,69.8,53.1,56.6,68.4,62,74.2,5,6.9,3,6.7,HIGH,4.6,15.7
PRJ-5383,Urban Development,Rajasthan,275.99,26,58.2,48.1,10.1,56.3,1.17,55.9,55.3,54.1,63.6,79,84.6,4,5.3,3,6.6,HIGH,8.1,12.7
PRJ-5384,Urban Development,Maharashtra,164.64,33,51.8,50.0,1.8,50.7,1.014,77.3,77.0,72.5,81.2,29,100.0,1,1.6,1,3.7,MEDIUM,2.5,4.0
PRJ-5385,Bridge,Maharashtra,1061.94,39,41.5,41.5,0.0,42.3,1.019,89.9,96.7,92.2,85.3,0,100.0,0,1.4,0,1.0,LOW,0.3,2.5
PRJ-5386,Railway,Telangana,13260.22,36,72.0,72.0,0.0,72.1,1.001,98.5,90.3,94.5,96.4,5,99.7,0,2.5,0,1.6,LOW,0.2,0.8
PRJ-5387,Bridge,Odisha,1234.93,35,76.4,60.4,16.0,67.3,1.114,66.5,53.0,55.5,59.7,89,77.8,1,4.1,3,6.3,HIGH,4.2,15.0
PRJ-5388,Bridge,Tamil Nadu,2704.78,33,86.8,78.6,8.2,91.1,1.159,57.1,66.1,65.4,61.0,74,90.1,8,5.4,2,6.5,HIGH,6.0,13.5
PRJ-5389,Highway,Karnataka,2325.78,23,20.9,15.2,5.7,16.3,1.072,83.1,72.9,84.8,71.3,54,73.1,2,3.3,0,2.8,MEDIUM,2.5,7.7
PRJ-5390,Irrigation,Jammu & Kashmir,1858.14,30,83.6,80.0,3.6,85.9,1.074,81.6,82.9,76.0,82.3,40,92.6,3,4.3,0,2.7,MEDIUM,1.6,6.7
PRJ-5391,Airport,West Bengal,2485.29,29,48.4,28.8,19.6,36.4,1.264,43.8,35.8,45.2,38.9,212,55.4,4,9.3,5,8.4,CRITICAL,6.7,27.8
PRJ-5392,Metro,Assam,1564.92,76,76.6,68.5,8.1,77.5,1.131,69.2,63.9,54.6,56.1,50,92.2,5,7.9,2,5.2,HIGH,7.3,16.5
PRJ-5393,Bridge,Uttar Pradesh,3099.45,37,51.3,51.3,0.0,53.1,1.035,92.2,87.9,96.6,90.2,0,99.2,0,0.9,0,1.8,LOW,0.0,0.2
PRJ-5394,Bridge,Delhi NCR,4442.03,35,31.4,2.9,28.5,5.0,1.724,53.2,31.6,42.9,34.4,203,15.0,3,8.8,2,9.4,CRITICAL,12.3,26.8
PRJ-5395,Irrigation,Karnataka,964.45,26,46.1,30.0,16.1,36.4,1.213,68.0,62.1,66.1,57.0,92,60.5,5,7.0,1,6.1,HIGH,5.6,16.4
PRJ-5396,Airport,Andhra Pradesh,3167.73,32,30.2,30.1,0.1,30.1,1.0,98.5,86.2,92.2,87.3,2,100.0,2,1.6,0,2.1,LOW,0.8,0.4
PRJ-5397,Highway,Uttarakhand,2437.92,60,41.7,39.3,2.4,41.1,1.046,73.5,82.0,78.3,80.0,13,86.8,1,6.1,0,2.6,MEDIUM,3.4,8.6
PRJ-5398,Water Supply,Telangana,2222.94,26,42.0,38.5,3.5,41.6,1.081,83.5,83.9,73.1,72.1,25,97.4,3,4.2,0,3.6,MEDIUM,2.5,8.3
PRJ-5399,Highway,Rajasthan,515.86,46,83.0,46.0,37.0,65.5,1.424,39.1,46.1,51.7,36.9,128,56.2,6,7.2,2,7.6,CRITICAL,13.3,23.0
PRJ-5400,Irrigation,Andhra Pradesh,377.13,19,47.2,43.9,3.3,46.2,1.052,85.5,78.7,76.9,77.0,20,95.4,1,2.0,1,4.4,MEDIUM,1.9,5.5
PRJ-5401,Bridge,West Bengal,2939.76,18,72.5,72.5,0.0,72.4,0.999,95.5,91.2,99.4,89.6,3,99.4,1,0.2,0,1.7,LOW,0.1,0.6
PRJ-5402,Urban Development,Uttar Pradesh,900.39,28,51.4,51.4,0.0,51.2,0.996,94.4,97.9,89.1,92.3,6,92.1,0,1.3,0,1.8,LOW,0.0,2.7
PRJ-5403,Bridge,Rajasthan,3683.72,18,63.0,63.0,0.0,64.5,1.024,89.2,98.6,95.9,87.0,0,100.0,1,1.5,0,1.4,LOW,0.3,1.8
PRJ-5404,Water Supply,Uttarakhand,992.15,49,64.1,41.4,22.7,51.3,1.239,63.3,59.2,62.4,63.8,94,66.1,3,7.7,3,6.6,HIGH,4.9,14.9
PRJ-5405,Irrigation,Bihar,457.03,17,72.2,45.8,26.4,60.4,1.319,41.1,38.3,52.9,47.5,190,60.9,6,6.1,5,9.2,CRITICAL,13.5,27.5
PRJ-5406,Power Infrastructure,Maharashtra,1800.44,42,57.8,36.0,21.8,44.3,1.231,43.2,49.1,42.7,52.6,169,63.5,3,9.2,3,7.3,CRITICAL,10.4,31.1
PRJ-5407,Railway,Jammu & Kashmir,1478.42,55,32.6,32.3,0.3,30.7,0.95,95.4,95.1,88.7,93.5,2,100.0,0,2.8,0,1.9,LOW,0.5,0.8
PRJ-5408,Railway,West Bengal,4584.13,38,52.7,49.8,2.9,50.1,1.006,76.8,77.5,77.4,78.1,35,97.5,1,1.6,0,2.8,MEDIUM,3.8,5.2
PRJ-5409,Highway,Karnataka,5688.42,27,57.9,57.4,0.5,58.4,1.017,98.1,98.3,88.4,94.7,3,100.0,0,1.7,0,0.5,LOW,0.2,0.8
PRJ-5410,Bridge,Karnataka,1039.4,43,67.5,46.0,21.5,57.6,1.252,48.4,40.6,51.1,52.6,125,74.6,3,5.1,4,9.4,CRITICAL,12.4,29.2
PRJ-5411,Railway,Bihar,6418.08,43,61.2,55.2,6.0,62.1,1.125,85.6,71.6,80.2,83.0,37,98.7,2,3.1,0,3.2,MEDIUM,2.7,6.8
PRJ-5412,Urban Development,West Bengal,269.7,23,59.9,30.2,29.7,39.1,1.295,36.8,46.0,46.7,53.1,174,46.1,4,6.5,2,9.0,CRITICAL,10.6,31.6
PRJ-5413,Bridge,Uttarakhand,3904.59,49,48.9,46.4,2.5,46.1,0.994,93.6,91.2,88.9,92.5,0,94.0,0,2.6,0,1.5,LOW,0.3,0.7
PRJ-5414,Railway,Odisha,10872.31,62,71.4,56.8,14.6,69.5,1.224,64.3,63.4,59.5,60.3,78,81.4,5,4.7,2,5.8,HIGH,5.0,15.6
PRJ-5415,Power Infrastructure,Telangana,1569.46,29,23.1,22.9,0.2,22.4,0.978,88.9,92.2,97.4,91.8,3,99.2,0,1.5,0,0.6,LOW,0.2,0.5
PRJ-5416,Metro,West Bengal,5656.01,61,54.6,52.4,2.2,58.1,1.109,92.9,87.9,92.1,96.0,0,95.4,2,0.3,0,0.9,LOW,0.1,1.2
PRJ-5417,Bridge,Odisha,4081.9,28,65.3,40.1,25.2,50.5,1.259,36.3,38.3,49.4,47.1,127,62.4,5,6.1,3,9.4,CRITICAL,15.7,26.1
PRJ-5418,Metro,Rajasthan,9209.99,57,56.6,36.4,20.2,41.9,1.151,69.3,53.5,54.8,65.3,93,66.7,1,5.7,3,6.4,HIGH,6.3,11.1
PRJ-5419,Airport,Telangana,5864.75,61,31.2,31.2,0.0,30.7,0.984,89.0,87.3,97.3,95.6,3,100.0,1,0.5,0,1.7,LOW,0.5,1.2
PRJ-5420,Power Infrastructure,West Bengal,1313.43,42,58.0,31.7,26.3,40.4,1.274,47.6,36.3,36.3,44.4,178,60.1,7,5.9,5,9.1,CRITICAL,11.3,25.0
PRJ-5421,Airport,Jammu & Kashmir,2751.4,50,45.0,36.0,9.0,39.7,1.103,72.6,70.9,84.2,71.4,37,77.9,2,5.6,1,4.0,MEDIUM,3.3,6.7
PRJ-5422,Railway,Kerala,10832.13,48,72.2,72.2,0.0,70.1,0.971,90.2,92.7,97.8,94.5,4,100.0,0,1.8,0,0.6,LOW,0.4,0.2
PRJ-5423,Water Supply,Assam,623.59,25,59.8,58.2,1.6,59.1,1.015,98.7,88.5,95.4,87.3,0,97.2,1,1.8,0,1.3,LOW,0.1,0.9
PRJ-5424,Metro,Jammu & Kashmir,2776.91,68,58.1,53.3,4.8,53.4,1.002,81.7,74.3,75.6,74.5,26,95.6,0,5.7,0,4.0,MEDIUM,3.2,3.2
PRJ-5425,Power Infrastructure,Odisha,935.79,30,77.9,76.0,1.9,78.3,1.03,85.3,83.1,80.8,83.6,39,96.9,2,2.5,1,2.6,MEDIUM,2.6,7.3
PRJ-5426,Urban Development,Odisha,336.89,31,21.7,5.3,16.4,6.1,1.151,62.7,62.6,69.7,66.4,69,26.0,3,4.3,1,6.0,HIGH,7.3,18.5
PRJ-5427,Metro,Jammu & Kashmir,11847.54,39,87.7,82.1,5.6,84.3,1.027,83.5,73.2,79.7,78.1,25,91.7,2,5.6,0,4.0,MEDIUM,1.5,5.7
PRJ-5428,Highway,Assam,2410.15,34,76.7,48.4,28.3,62.4,1.289,37.5,48.3,49.9,42.8,121,65.4,3,10.0,3,9.0,CRITICAL,14.9,28.2
PRJ-5429,Water Supply,Tamil Nadu,223.99,34,58.0,47.1,10.9,52.4,1.113,56.3,55.1,68.5,65.3,112,77.4,1,4.3,2,5.8,HIGH,5.5,13.6
PRJ-5430,Airport,Himachal Pradesh,4234.93,51,67.7,62.8,4.9,64.7,1.03,79.2,72.6,86.2,74.3,17,94.7,0,5.5,0,4.1,MEDIUM,2.9,4.0
PRJ-5431,Metro,Himachal Pradesh,3663.95,53,60.5,58.2,2.3,60.3,1.036,94.6,92.9,96.4,93.5,3,92.5,1,3.3,0,1.5,LOW,0.1,1.7
PRJ-5432,Metro,Madhya Pradesh,7581.92,40,32.3,14.3,18.0,17.1,1.196,40.7,48.2,37.9,35.9,127,46.1,6,5.8,4,7.6,CRITICAL,10.2,24.2
PRJ-5433,Water Supply,Delhi NCR,665.07,37,39.1,2.0,37.1,5.0,2.5,50.8,32.4,39.1,34.3,222,15.0,5,9.1,3,7.0,CRITICAL,11.0,23.4
PRJ-5434,Airport,Delhi NCR,1707.75,54,28.4,28.4,0.0,30.2,1.063,91.4,90.7,89.0,85.7,3,100.0,0,1.0,0,1.0,LOW,0.3,1.1
PRJ-5435,Airport,Assam,1983.92,29,24.0,4.7,19.3,5.7,1.213,53.0,52.0,48.8,39.1,160,21.6,4,6.6,4,7.6,CRITICAL,11.5,21.6
PRJ-5436,Urban Development,Jammu & Kashmir,309.6,22,32.2,5.6,26.6,7.5,1.339,42.2,31.0,50.3,47.3,171,16.6,6,10.0,3,7.5,CRITICAL,12.1,29.0
PRJ-5437,Railway,Andhra Pradesh,2007.55,38,43.1,35.9,7.2,39.4,1.097,78.4,71.8,77.1,70.7,35,81.2,2,4.0,0,4.0,MEDIUM,2.6,6.3
PRJ-5438,Metro,Jammu & Kashmir,5434.15,55,27.5,23.8,3.7,25.5,1.071,85.2,70.0,86.9,74.0,35,90.5,3,3.9,0,3.6,MEDIUM,2.4,3.4
PRJ-5439,Bridge,Karnataka,610.79,45,73.2,50.8,22.4,64.4,1.268,40.4,44.3,35.9,47.3,178,68.7,6,9.4,5,8.0,CRITICAL,14.7,27.6
PRJ-5440,Bridge,Maharashtra,3356.99,47,20.4,19.8,0.6,18.6,0.939,91.7,91.3,94.7,87.5,3,100.0,0,1.0,0,0.8,LOW,0.4,1.0
PRJ-5441,Highway,Uttarakhand,3247.33,42,74.1,67.3,6.8,71.5,1.062,81.9,70.8,81.7,82.2,39,92.2,0,4.5,1,3.3,MEDIUM,2.6,3.5
PRJ-5442,Irrigation,Jammu & Kashmir,435.83,29,30.2,16.7,13.5,19.1,1.144,66.0,65.3,56.9,66.8,112,56.0,2,8.0,1,6.9,HIGH,4.8,12.0
PRJ-5443,Water Supply,Odisha,783.8,30,32.9,29.3,3.6,30.1,1.027,85.7,72.6,86.2,80.8,38,92.0,1,3.7,0,4.4,MEDIUM,3.1,7.9
PRJ-5444,Water Supply,Kerala,268.65,28,61.9,61.9,0.0,61.6,0.995,88.4,87.2,91.2,90.1,0,100.0,0,1.8,0,1.4,LOW,0.5,0.0
PRJ-5445,Water Supply,Jammu & Kashmir,1139.29,29,84.6,84.6,0.0,84.0,0.993,97.1,88.8,88.2,92.4,1,97.9,0,1.3,0,1.7,LOW,0.4,1.2
PRJ-5446,Airport,Tamil Nadu,5603.5,74,55.3,55.0,0.3,54.2,0.985,89.0,95.0,93.1,94.6,5,100.0,1,2.3,0,1.7,LOW,0.3,1.4
PRJ-5447,Water Supply,Uttar Pradesh,745.36,26,63.6,50.8,12.8,53.8,1.059,69.0,61.6,64.3,65.5,98,80.1,1,4.7,1,6.9,HIGH,4.1,15.6
PRJ-5448,Railway,Assam,1776.2,46,47.9,47.9,0.0,47.5,0.992,97.1,93.6,98.3,96.1,1,99.1,0,1.8,0,1.1,LOW,0.0,0.9
PRJ-5449,Metro,West Bengal,2353.4,54,61.6,42.4,19.2,49.9,1.177,58.1,55.6,56.1,65.5,66,64.0,2,4.4,1,6.6,HIGH,4.7,15.6
PRJ-5450,Water Supply,Madhya Pradesh,226.87,26,39.9,39.9,0.0,39.7,0.995,91.4,91.2,98.5,89.3,0,99.2,0,1.7,0,1.2,LOW,0.2,3.0
PRJ-5451,Irrigation,Uttarakhand,3051.19,37,63.9,57.0,6.9,61.4,1.077,79.9,76.7,73.8,70.9,22,92.6,2,5.2,1,4.4,MEDIUM,3.2,6.8
PRJ-5452,Power Infrastructure,Kerala,4787.62,32,38.2,31.2,7.0,32.7,1.048,75.4,73.4,82.9,79.9,36,79.2,0,2.9,0,4.2,MEDIUM,2.0,3.0
PRJ-5453,Highway,Assam,549.56,32,59.8,44.2,15.6,52.6,1.19,68.6,61.7,56.5,57.0,79,71.5,5,7.7,2,5.2,HIGH,5.4,13.9
PRJ-5454,Water Supply,Rajasthan,296.21,16,50.0,37.8,12.2,44.4,1.175,61.9,65.6,68.1,63.7,53,73.7,7,4.0,1,5.1,HIGH,5.8,14.3
PRJ-5455,Bridge,Jammu & Kashmir,4742.79,46,55.0,47.7,7.3,53.3,1.117,72.1,76.6,86.7,80.2,27,90.0,1,5.1,1,4.0,MEDIUM,1.6,6.5
PRJ-5456,Highway,Kerala,4160.51,38,20.8,2.0,18.8,5.0,2.5,40.0,38.9,45.2,41.6,134,15.0,4,8.9,3,8.8,CRITICAL,14.3,22.6
PRJ-5457,Highway,Karnataka,813.68,39,83.0,83.0,0.0,81.6,0.983,92.7,87.6,99.7,86.9,0,97.1,0,2.2,0,2.0,LOW,0.2,0.7
PRJ-5458,Airport,Delhi NCR,6322.72,55,24.3,24.3,0.0,24.3,1.0,89.3,91.5,92.2,92.3,0,99.2,0,0.9,0,1.1,LOW,0.3,1.3
PRJ-5459,Metro,Madhya Pradesh,1278.01,41,48.2,48.1,0.1,49.7,1.033,96.2,87.4,91.3,86.3,0,94.3,0,1.9,0,1.3,LOW,0.6,2.4
PRJ-5460,Bridge,Bihar,3554.17,39,71.9,36.8,35.1,51.1,1.389,37.0,48.8,48.0,37.5,168,55.6,6,5.2,2,8.9,CRITICAL,10.9,25.6
PRJ-5461,Highway,Gujarat,519.63,22,71.1,71.1,0.0,70.4,0.99,92.2,99.0,93.7,96.1,9,100.0,0,2.2,0,0.5,LOW,0.0,3.0
PRJ-5462,Railway,Assam,2277.3,51,80.5,78.3,2.2,80.6,1.029,81.6,70.9,73.6,83.0,24,95.2,1,5.4,1,3.8,MEDIUM,2.6,8.0
PRJ-5463,Water Supply,Tamil Nadu,291.37,35,81.0,73.7,7.3,82.8,1.123,75.7,75.2,80.1,71.6,25,93.1,2,1.7,1,3.3,MEDIUM,2.2,7.7
PRJ-5464,Urban Development,West Bengal,839.42,34,76.1,56.3,19.8,67.2,1.194,59.0,59.8,62.8,59.2,71,72.5,1,3.1,3,5.2,HIGH,7.2,16.1
PRJ-5465,Water Supply,Bihar,2019.44,39,77.7,59.7,18.0,74.5,1.248,53.1,52.0,53.7,39.8,90,80.1,5,6.6,4,7.2,CRITICAL,16.5,21.5
PRJ-5466,Water Supply,Madhya Pradesh,208.57,20,53.9,47.4,6.5,52.4,1.105,74.1,79.5,82.6,70.8,25,87.7,2,2.9,0,2.5,MEDIUM,1.9,4.8
PRJ-5467,Airport,Uttarakhand,18076.12,64,70.0,69.0,1.0,69.2,1.003,90.6,91.0,91.9,95.6,6,100.0,0,4.2,0,0.6,LOW,0.7,2.2
PRJ-5468,Urban Development,Assam,615.15,22,72.1,71.7,0.4,76.1,1.061,98.1,97.3,88.0,96.2,2,100.0,2,3.7,0,1.5,LOW,0.4,0.3
PRJ-5469,Airport,Odisha,5622.88,34,85.7,80.8,4.9,90.9,1.125,82.7,77.7,82.7,80.0,37,93.0,5,2.1,0,2.9,MEDIUM,2.8,7.5
PRJ-5470,Railway,Gujarat,5619.25,40,91.8,91.2,0.6,88.8,0.974,90.4,92.1,89.3,93.1,10,100.0,1,1.8,0,1.8,LOW,0.0,0.2
PRJ-5471,Irrigation,Karnataka,2396.75,22,45.4,37.0,8.4,42.4,1.146,69.4,52.2,56.8,68.3,70,82.9,7,6.6,3,7.2,HIGH,6.0,14.1
PRJ-5472,Airport,West Bengal,8138.19,42,63.0,56.6,6.4,61.6,1.088,75.2,73.0,77.9,78.0,32,86.6,1,1.6,0,3.1,MEDIUM,3.2,5.5
PRJ-5473,Water Supply,Telangana,1575.68,20,24.9,16.8,8.1,19.0,1.131,78.5,82.3,82.5,81.6,23,64.0,3,2.4,1,4.4,MEDIUM,3.5,5.8
PRJ-5474,Highway,Bihar,1132.9,62,40.4,33.4,7.0,34.4,1.03,79.1,76.0,82.9,75.6,36,81.3,0,2.0,1,4.5,MEDIUM,2.1,4.8
PRJ-5475,Power Infrastructure,Maharashtra,1879.34,41,54.0,40.3,13.7,47.6,1.181,62.2,57.7,62.9,67.1,109,79.0,3,3.3,3,5.7,HIGH,5.0,11.9
PRJ-5476,Railway,Tamil Nadu,9926.41,47,47.5,47.0,0.5,47.0,1.0,96.0,91.4,93.9,93.3,1,98.7,0,1.9,0,1.5,LOW,0.0,0.5
PRJ-5477,Water Supply,Uttarakhand,157.15,26,60.9,28.6,32.3,37.7,1.318,44.8,30.9,37.0,33.0,160,42.7,2,9.4,5,7.3,CRITICAL,11.9,24.6
PRJ-5478,Water Supply,Telangana,781.36,22,65.5,37.9,27.6,47.5,1.253,43.5,48.5,38.9,40.5,182,54.8,5,5.3,5,8.4,CRITICAL,12.2,27.6
PRJ-5479,Water Supply,Bihar,780.41,16,39.0,39.0,0.0,41.9,1.074,97.9,96.2,88.7,94.6,4,100.0,1,0.5,0,2.0,LOW,0.3,2.5
PRJ-5480,Metro,Kerala,11411.7,27,50.2,45.3,4.9,46.4,1.024,79.1,72.4,85.9,81.5,26,91.2,0,3.7,0,3.4,MEDIUM,2.9,9.7
PRJ-5481,Metro,Karnataka,19763.69,38,87.5,86.0,1.5,87.8,1.021,81.9,78.7,78.1,72.8,32,96.8,2,2.5,1,3.1,MEDIUM,2.1,9.2
PRJ-5482,Bridge,Jammu & Kashmir,3544.8,20,32.2,30.1,2.1,31.1,1.033,80.4,76.7,83.1,82.0,27,90.8,2,3.6,0,3.5,MEDIUM,3.4,2.5
PRJ-5483,Metro,Uttarakhand,2706.23,62,55.2,55.2,0.0,52.3,0.947,91.5,89.9,93.5,86.2,5,100.0,0,2.8,0,1.9,LOW,0.4,1.4
PRJ-5484,Railway,Delhi NCR,3310.91,57,49.7,18.9,30.8,25.5,1.349,42.3,40.9,44.5,39.4,176,39.2,5,9.1,3,7.8,CRITICAL,7.5,26.1
PRJ-5485,Bridge,Bihar,693.69,35,28.6,25.6,3.0,27.9,1.09,85.4,78.5,81.5,74.0,31,89.6,3,3.4,1,3.5,MEDIUM,2.7,7.5
PRJ-5486,Bridge,Uttar Pradesh,2307.58,52,20.6,15.2,5.4,16.2,1.066,78.8,72.2,72.1,70.6,28,69.6,2,3.7,0,3.0,MEDIUM,2.0,4.3
PRJ-5487,Metro,West Bengal,4477.39,32,85.5,81.6,3.9,88.2,1.081,76.6,78.5,73.9,73.2,43,92.6,0,2.7,0,3.8,MEDIUM,2.2,6.5
PRJ-5488,Airport,Odisha,4223.22,49,34.7,34.2,0.5,33.2,0.971,93.7,94.6,98.9,89.4,2,100.0,0,2.0,0,0.8,LOW,0.5,1.6
PRJ-5489,Power Infrastructure,Gujarat,2467.47,45,30.9,11.2,19.7,13.5,1.205,70.6,64.1,60.0,61.6,101,39.7,2,6.6,2,7.1,HIGH,5.5,14.0
PRJ-5490,Metro,Tamil Nadu,1670.0,49,37.0,25.1,11.9,30.0,1.195,62.3,56.3,63.9,61.7,86,67.4,5,3.6,2,6.5,HIGH,6.0,16.7
PRJ-5491,Airport,Tamil Nadu,3530.63,83,30.1,14.8,15.3,17.6,1.189,57.6,58.4,68.7,67.0,77,41.9,5,4.2,2,5.1,HIGH,6.5,16.2
PRJ-5492,Water Supply,Gujarat,924.47,12,32.9,23.6,9.3,25.3,1.072,82.9,81.7,86.9,74.1,26,71.6,0,4.5,0,3.4,MEDIUM,2.9,6.1
PRJ-5493,Airport,Tamil Nadu,7462.43,55,56.6,37.7,18.9,44.4,1.178,57.1,54.9,63.4,68.0,78,64.5,4,5.8,2,5.5,HIGH,5.9,16.2
PRJ-5494,Irrigation,Maharashtra,773.38,39,64.4,55.2,9.2,60.7,1.1,82.0,75.1,82.8,80.2,17,86.4,1,2.5,1,3.6,MEDIUM,3.5,8.3
PRJ-5495,Bridge,Jammu & Kashmir,2430.5,30,87.0,83.9,3.1,91.2,1.087,81.4,73.4,72.5,72.1,28,98.3,3,5.7,0,2.5,MEDIUM,2.2,6.7
PRJ-5496,Power Infrastructure,Gujarat,4080.79,44,45.2,28.4,16.8,33.6,1.183,61.9,64.9,61.5,63.5,104,63.7,1,4.1,1,5.2,HIGH,6.9,15.2
PRJ-5497,Highway,Uttar Pradesh,3965.13,30,24.4,20.1,4.3,21.4,1.065,80.3,79.5,80.5,76.4,34,77.6,1,2.1,0,2.7,MEDIUM,1.6,8.4
PRJ-5498,Airport,Maharashtra,5665.34,57,71.4,58.1,13.3,65.5,1.127,57.6,60.5,58.0,65.0,85,80.4,2,5.7,2,5.9,HIGH,5.1,15.2
PRJ-5499,Highway,Gujarat,4378.6,43,47.0,10.6,36.4,14.9,1.406,46.4,44.8,39.1,34.9,158,20.5,8,7.0,4,9.1,CRITICAL,11.1,26.8
PRJ-5500,Bridge,Uttarakhand,534.24,34,37.4,33.7,3.7,36.3,1.077,72.1,71.6,87.0,81.3,25,85.3,2,4.7,0,4.0,MEDIUM,2.2,5.8
PRJ-5501,Highway,Assam,719.11,35,71.9,70.3,1.6,71.7,1.02,77.4,78.4,81.6,78.0,26,97.0,3,3.3,1,4.7,MEDIUM,1.8,5.5
PRJ-5502,Urban Development,Madhya Pradesh,226.22,35,57.4,54.3,3.1,56.8,1.046,83.2,74.5,72.1,82.2,36,95.4,1,1.7,1,3.0,MEDIUM,2.4,6.1
PRJ-5503,Power Infrastructure,Jammu & Kashmir,2320.41,57,80.5,80.5,0.0,77.8,0.966,89.6,92.0,95.5,92.0,4,96.2,0,2.8,0,1.7,LOW,0.3,1.8
PRJ-5504,Irrigation,Odisha,815.54,23,45.1,20.7,24.4,27.1,1.309,39.7,49.5,40.4,45.6,153,44.1,7,5.5,4,9.3,CRITICAL,10.5,26.3
PRJ-5505,Irrigation,Kerala,213.67,15,22.0,2.0,20.0,5.0,2.5,36.7,48.7,48.8,46.6,208,15.0,12,6.3,5,9.3,CRITICAL,10.7,19.0
PRJ-5506,Irrigation,Andhra Pradesh,177.08,15,69.1,48.5,20.6,57.4,1.184,62.6,53.1,61.1,59.6,78,78.5,1,5.2,1,7.1,HIGH,4.6,13.4
PRJ-5507,Bridge,Kerala,2174.5,48,65.3,58.9,6.4,62.4,1.059,72.3,82.8,76.2,70.7,28,92.3,1,3.6,1,3.5,MEDIUM,2.6,7.2
PRJ-5508,Water Supply,Assam,1552.19,27,58.9,49.3,9.6,53.7,1.089,60.1,62.9,62.3,65.1,78,79.8,4,7.6,2,6.0,HIGH,5.9,15.1
PRJ-5509,Highway,Kerala,7717.69,30,63.1,61.9,1.2,66.3,1.071,89.3,94.4,90.6,93.0,1,94.5,0,2.6,0,0.9,LOW,0.3,0.5
PRJ-5510,Irrigation,Gujarat,545.65,25,62.9,56.0,6.9,57.5,1.027,74.3,82.0,84.7,83.5,27,86.2,2,3.2,1,4.4,MEDIUM,3.3,8.3
PRJ-5511,Highway,Delhi NCR,730.59,40,86.0,80.3,5.7,90.0,1.121,74.9,71.5,73.1,80.1,36,86.9,5,1.5,0,2.6,MEDIUM,2.9,7.6
PRJ-5512,Water Supply,Karnataka,484.7,22,68.3,68.3,0.0,71.5,1.047,94.2,88.3,96.1,93.4,5,98.6,0,2.4,0,1.1,LOW,0.0,1.2
PRJ-5513,Highway,Gujarat,2187.88,32,74.4,43.7,30.7,56.4,1.291,49.2,35.9,55.0,46.9,181,57.8,3,7.2,3,9.4,CRITICAL,9.9,26.7
PRJ-5514,Urban Development,Madhya Pradesh,547.85,17,61.6,46.2,15.4,53.9,1.167,70.5,57.8,54.5,60.6,73,75.9,3,6.4,3,5.8,HIGH,3.3,15.8
PRJ-5515,Bridge,Kerala,1924.63,33,56.5,38.7,17.8,45.2,1.168,70.1,68.7,64.3,64.6,84,70.5,2,6.7,2,6.4,HIGH,6.5,16.0
PRJ-5516,Power Infrastructure,Jammu & Kashmir,1648.06,41,38.7,37.1,1.6,38.1,1.027,94.3,91.2,90.6,94.1,0,87.0,0,2.0,0,2.2,LOW,0.3,0.6
PRJ-5517,Urban Development,Odisha,1083.1,28,56.4,22.3,34.1,30.6,1.372,46.6,38.2,42.4,53.9,205,36.5,5,8.0,2,7.2,CRITICAL,12.0,28.5
PRJ-5518,Bridge,Maharashtra,1757.44,46,47.0,47.0,0.0,47.3,1.006,96.0,86.7,92.5,94.5,5,96.1,0,1.1,0,1.3,LOW,0.5,0.0
PRJ-5519,Irrigation,Maharashtra,627.39,40,39.5,28.6,10.9,30.8,1.077,59.4,65.8,57.4,56.9,125,75.4,1,5.5,3,6.4,HIGH,5.1,15.9
PRJ-5520,Irrigation,Uttar Pradesh,742.2,20,80.0,64.6,15.4,71.7,1.11,68.1,59.1,64.6,55.5,53,79.4,1,4.6,2,7.2,HIGH,5.0,16.4
PRJ-5521,Irrigation,Delhi NCR,386.22,14,45.2,44.9,0.3,42.5,0.947,88.8,91.3,96.6,94.0,3,99.4,1,1.0,0,1.8,LOW,0.0,1.9
PRJ-5522,Bridge,Jammu & Kashmir,2870.65,46,43.0,28.5,14.5,34.2,1.2,58.7,60.7,59.0,67.7,78,67.1,4,7.8,1,6.4,HIGH,4.0,11.7
PRJ-5523,Water Supply,Tamil Nadu,946.63,27,83.5,52.1,31.4,66.0,1.267,46.4,49.1,35.7,35.5,164,63.4,5,6.3,4,7.6,CRITICAL,13.0,28.9
PRJ-5524,Irrigation,Odisha,352.65,35,66.1,43.3,22.8,54.2,1.252,41.9,30.1,49.1,45.0,105,68.0,6,8.2,5,7.5,CRITICAL,10.6,31.5
PRJ-5525,Power Infrastructure,Gujarat,2102.71,25,39.3,7.6,31.7,9.9,1.303,52.1,33.7,38.3,46.7,132,15.0,3,8.1,2,8.7,CRITICAL,11.1,24.1
PRJ-5526,Water Supply,Telangana,257.34,12,45.3,45.3,0.0,42.4,0.936,95.7,99.0,93.1,88.5,0,100.0,0,2.4,0,1.0,LOW,0.0,1.7
PRJ-5527,Bridge,Karnataka,6018.22,45,82.7,79.7,3.0,84.6,1.061,85.8,75.0,75.9,81.0,18,94.6,1,2.9,0,4.4,MEDIUM,2.0,7.3
PRJ-5528,Urban Development,Uttarakhand,530.12,39,83.2,67.0,16.2,83.6,1.248,61.0,66.3,69.7,64.3,81,87.2,5,6.2,3,5.9,HIGH,4.2,16.6
PRJ-5529,Highway,Karnataka,2543.3,35,42.0,24.0,18.0,29.8,1.242,41.5,48.0,53.5,49.8,199,58.6,5,6.8,4,7.0,CRITICAL,11.8,15.3
PRJ-5530,Power Infrastructure,Tamil Nadu,2351.23,21,43.3,36.8,6.5,40.4,1.098,75.0,78.9,82.9,79.9,33,84.5,1,4.4,0,3.7,MEDIUM,1.7,9.0
PRJ-5531,Airport,Himachal Pradesh,3791.37,30,60.2,30.4,29.8,40.6,1.336,44.8,48.6,52.5,34.5,117,50.1,6,10.0,4,8.1,CRITICAL,9.4,31.1
PRJ-5532,Power Infrastructure,Bihar,953.5,40,32.5,22.5,10.0,24.9,1.107,84.3,70.4,73.3,73.7,39,70.2,0,2.1,1,3.9,MEDIUM,3.1,7.4
PRJ-5533,Power Infrastructure,Gujarat,1276.51,50,35.4,19.4,16.0,23.8,1.227,55.1,64.2,64.0,60.3,57,49.9,4,3.2,3,7.0,HIGH,5.7,13.7
PRJ-5534,Power Infrastructure,Himachal Pradesh,1763.08,28,88.0,88.0,0.0,88.4,1.005,95.7,95.0,95.2,88.3,0,100.0,0,2.4,0,0.9,LOW,0.2,0.8
PRJ-5535,Bridge,Rajasthan,5422.76,18,66.3,59.0,7.3,65.2,1.105,84.9,78.3,74.4,75.0,44,83.9,3,3.1,1,3.0,MEDIUM,2.4,8.7
PRJ-5536,Bridge,Bihar,1160.68,33,26.0,15.3,10.7,17.0,1.111,65.5,53.1,58.7,55.5,94,61.9,6,3.5,3,5.5,HIGH,6.6,8.5
PRJ-5537,Railway,Gujarat,2429.59,40,21.6,2.0,19.6,5.0,2.5,68.8,64.7,60.5,58.9,68,15.0,3,5.6,3,6.9,HIGH,5.1,10.4
PRJ-5538,Water Supply,Maharashtra,300.71,36,53.4,18.8,34.6,24.8,1.319,50.6,40.0,45.5,36.4,172,35.3,7,6.8,5,8.6,CRITICAL,10.4,25.7
PRJ-5539,Metro,Andhra Pradesh,1258.78,62,37.4,37.4,0.0,36.7,0.981,89.7,89.1,96.5,96.1,0,100.0,0,1.9,0,0.5,LOW,0.5,2.3
PRJ-5540,Water Supply,Madhya Pradesh,1487.93,20,36.5,5.4,31.1,7.3,1.352,37.1,37.4,49.5,45.4,209,15.0,3,8.9,2,9.1,CRITICAL,11.7,23.1
PRJ-5541,Bridge,Madhya Pradesh,466.53,37,66.3,48.1,18.2,58.7,1.22,66.1,59.5,67.7,68.0,74,78.1,3,6.8,1,5.7,HIGH,5.1,13.1
PRJ-5542,Power Infrastructure,Gujarat,5032.18,32,85.5,72.3,13.2,81.6,1.129,59.6,59.7,54.8,60.5,109,83.0,5,4.6,2,7.0,HIGH,5.5,14.7
PRJ-5543,Metro,Himachal Pradesh,4232.53,58,68.9,61.4,7.5,64.6,1.052,73.6,83.7,77.5,75.5,40,88.1,2,5.6,0,4.3,MEDIUM,2.2,2.7
PRJ-5544,Power Infrastructure,Tamil Nadu,2112.52,40,81.7,67.9,13.8,78.3,1.153,58.5,64.3,62.0,67.8,60,85.8,4,5.8,2,6.6,HIGH,4.5,12.7
PRJ-5545,Irrigation,Rajasthan,811.06,40,90.8,84.8,6.0,91.9,1.084,77.7,84.5,76.2,73.3,33,95.9,2,4.1,0,3.6,MEDIUM,2.8,7.1
PRJ-5546,Railway,Andhra Pradesh,1526.13,29,40.9,21.8,19.1,26.3,1.206,60.5,60.5,61.9,65.8,45,60.6,5,6.7,3,6.3,HIGH,5.8,19.3
PRJ-5547,Water Supply,Assam,286.3,26,82.6,78.4,4.2,83.6,1.066,84.2,82.4,85.0,81.4,30,96.2,4,3.1,1,2.7,MEDIUM,2.5,8.6
PRJ-5548,Urban Development,Odisha,1289.7,21,33.0,15.0,18.0,18.9,1.26,44.2,37.6,53.9,32.1,136,42.1,5,5.2,5,7.5,CRITICAL,12.2,33.1
PRJ-5549,Bridge,Rajasthan,7293.05,42,72.0,43.8,28.2,59.1,1.349,45.6,38.6,38.5,42.2,90,61.0,8,9.2,4,8.5,CRITICAL,12.3,26.6
PRJ-5550,Airport,Gujarat,15655.37,71,63.5,60.6,2.9,64.3,1.061,78.3,77.1,82.7,82.2,22,96.4,0,2.0,1,4.6,MEDIUM,3.3,9.3
PRJ-5551,Airport,Tamil Nadu,7179.91,24,34.8,33.8,1.0,33.9,1.003,98.3,93.0,94.0,88.1,4,93.5,2,1.3,0,1.4,LOW,0.2,1.5
PRJ-5552,Railway,Tamil Nadu,6877.5,38,87.6,64.1,23.5,82.6,1.289,43.1,38.4,41.0,37.8,108,70.3,5,6.3,3,7.4,CRITICAL,14.6,24.0
PRJ-5553,Irrigation,West Bengal,1562.27,33,32.8,26.4,6.4,29.6,1.121,73.7,82.8,72.1,72.6,33,80.4,1,3.4,1,2.6,MEDIUM,2.2,6.1
PRJ-5554,Railway,Kerala,5626.83,41,55.7,50.3,5.4,52.0,1.034,82.5,82.1,78.5,74.1,37,86.9,2,3.2,0,2.7,MEDIUM,1.4,8.0
PRJ-5555,Metro,Andhra Pradesh,2977.27,49,70.6,44.1,26.5,58.6,1.329,50.1,48.7,39.6,50.7,121,58.3,6,7.8,4,8.3,CRITICAL,9.5,26.6
PRJ-5556,Water Supply,Maharashtra,1815.76,32,69.0,66.6,2.4,71.0,1.066,84.4,79.9,77.6,77.5,28,95.0,4,2.8,0,4.2,MEDIUM,3.0,3.8
PRJ-5557,Airport,Uttar Pradesh,10687.8,71,57.5,23.6,33.9,31.5,1.335,38.1,37.1,39.0,43.7,95,39.6,4,8.8,3,7.3,CRITICAL,15.0,21.2
PRJ-5558,Urban Development,West Bengal,537.96,39,54.1,17.5,36.6,24.1,1.377,50.6,49.9,39.6,49.3,165,29.1,6,9.1,2,9.4,CRITICAL,16.0,24.6
PRJ-5559,Water Supply,Odisha,333.16,23,33.1,26.8,6.3,28.7,1.071,84.1,76.6,82.3,82.2,33,80.0,1,4.0,0,4.0,MEDIUM,2.2,5.6
PRJ-5560,Irrigation,Kerala,467.57,30,31.8,30.3,1.5,31.8,1.05,83.4,78.8,80.4,81.9,24,93.3,2,4.8,1,3.2,MEDIUM,2.5,7.8
PRJ-5561,Metro,Uttarakhand,3451.4,55,63.3,34.7,28.6,45.0,1.297,38.2,45.5,35.7,44.7,152,58.8,4,8.8,5,7.1,CRITICAL,9.5,29.3
PRJ-5562,Bridge,Gujarat,1409.77,36,77.2,57.3,19.9,75.9,1.325,59.7,58.3,63.7,65.7,89,78.4,7,5.2,3,5.5,HIGH,6.4,16.8
PRJ-5563,Water Supply,Maharashtra,240.85,26,20.4,20.4,0.0,20.7,1.015,89.4,96.2,90.3,95.1,2,100.0,0,0.7,0,1.1,LOW,0.1,0.4
PRJ-5564,Urban Development,Delhi NCR,219.75,22,72.2,68.7,3.5,76.8,1.118,74.2,77.0,77.2,79.9,41,95.9,3,2.9,1,3.8,MEDIUM,2.1,7.7
PRJ-5565,Irrigation,Karnataka,435.36,32,49.8,29.4,20.4,36.5,1.241,58.6,62.5,69.9,66.8,45,60.9,4,6.2,2,7.2,HIGH,4.8,14.5
PRJ-5566,Airport,Rajasthan,1980.88,37,79.4,77.9,1.5,77.5,0.995,77.4,73.8,75.1,74.2,29,91.8,0,2.2,1,2.9,MEDIUM,3.1,5.8
PRJ-5567,Power Infrastructure,Delhi NCR,2115.33,45,88.0,67.2,20.8,85.1,1.266,45.4,37.5,52.3,38.2,215,77.6,5,6.2,2,9.4,CRITICAL,9.5,30.2
PRJ-5568,Metro,Telangana,10049.83,48,88.4,88.4,0.0,89.8,1.016,94.5,89.8,96.1,96.4,3,100.0,0,2.0,0,1.6,LOW,0.3,0.8
PRJ-5569,Metro,Uttar Pradesh,7596.15,45,38.8,37.3,1.5,39.3,1.054,80.1,81.1,74.9,70.8,23,96.3,2,2.2,1,2.7,MEDIUM,2.6,5.6
PRJ-5570,Irrigation,Telangana,154.89,30,74.2,51.9,22.3,63.3,1.22,48.6,41.5,55.0,51.7,156,70.8,3,7.8,5,7.0,CRITICAL,8.3,24.5
PRJ-5571,Urban Development,Gujarat,1110.19,32,40.2,16.2,24.0,19.1,1.179,44.1,38.4,39.9,42.3,117,42.1,2,8.1,5,8.7,CRITICAL,14.7,26.1
PRJ-5572,Airport,Jammu & Kashmir,6520.08,34,45.5,21.8,23.7,27.9,1.28,49.4,45.1,52.7,42.1,203,50.6,8,7.8,3,7.2,CRITICAL,8.7,20.7
PRJ-5573,Bridge,Jammu & Kashmir,1153.68,33,67.8,65.5,2.3,70.6,1.078,83.5,73.1,76.0,81.3,39,95.1,4,2.3,0,4.0,MEDIUM,3.7,5.8
PRJ-5574,Airport,Assam,9030.91,50,50.1,50.1,0.0,53.6,1.07,98.0,88.6,98.1,90.9,2,96.9,2,1.8,0,1.0,LOW,0.3,1.3
PRJ-5575,Highway,Andhra Pradesh,1141.39,55,26.8,26.8,0.0,27.9,1.041,90.0,93.7,89.7,89.1,2,100.0,2,1.0,0,1.2,LOW,0.0,1.8
PRJ-5576,Metro,West Bengal,2154.3,62,68.8,34.8,34.0,46.7,1.342,45.7,51.7,36.2,34.1,204,50.4,4,6.6,3,7.5,CRITICAL,11.7,28.1
PRJ-5577,Bridge,Uttar Pradesh,1099.11,47,67.1,66.3,0.8,67.3,1.015,93.5,94.7,91.7,97.1,0,97.0,0,1.1,0,1.9,LOW,0.1,0.0
PRJ-5578,Metro,Jammu & Kashmir,8538.24,68,55.8,32.9,22.9,41.1,1.249,53.9,44.5,50.9,44.1,125,60.1,3,7.8,5,8.9,CRITICAL,7.5,21.6
PRJ-5579,Water Supply,Telangana,2511.04,42,31.4,31.4,0.0,30.1,0.959,94.6,90.9,95.4,95.1,0,92.4,1,2.5,0,2.0,LOW,0.3,1.1
PRJ-5580,Metro,Maharashtra,3540.02,38,81.5,72.3,9.2,85.3,1.18,65.3,65.9,65.1,58.1,80,87.6,9,4.8,1,6.8,HIGH,4.4,12.7
PRJ-5581,Urban Development,Assam,1542.45,29,80.2,78.4,1.8,79.5,1.014,90.5,88.8,93.5,89.2,0,100.0,0,2.5,0,0.5,LOW,0.2,1.6
PRJ-5582,Irrigation,Odisha,582.41,25,90.4,70.7,19.7,86.9,1.229,42.3,32.3,46.1,44.7,166,77.4,6,8.8,2,9.0,CRITICAL,11.8,33.8
PRJ-5583,Power Infrastructure,Kerala,1027.08,45,81.7,81.7,0.0,79.4,0.972,93.6,97.7,99.5,85.4,2,100.0,0,2.3,0,1.8,LOW,0.1,1.4
PRJ-5584,Water Supply,Assam,653.83,20,39.0,14.6,24.4,18.6,1.274,36.4,35.7,42.5,47.7,179,33.7,4,7.2,5,7.1,CRITICAL,10.2,33.6
PRJ-5585,Railway,Uttarakhand,1516.26,49,21.9,21.9,0.0,22.0,1.005,98.3,90.2,92.9,91.7,1,100.0,1,3.7,0,1.2,LOW,0.7,1.3
PRJ-5586,Airport,Telangana,5540.2,24,25.5,15.7,9.8,18.4,1.172,61.8,56.3,65.2,67.5,89,61.5,5,3.5,2,6.4,HIGH,6.4,13.8
PRJ-5587,Bridge,Himachal Pradesh,521.54,28,79.1,77.1,2.0,78.2,1.014,81.8,73.4,85.4,76.1,42,97.7,2,3.0,1,3.5,MEDIUM,2.3,7.5
PRJ-5588,Water Supply,Gujarat,1068.81,33,26.0,25.2,0.8,25.1,0.996,89.4,94.6,89.0,92.1,3,99.2,0,2.1,0,1.2,LOW,0.2,1.5
PRJ-5589,Metro,Andhra Pradesh,1748.32,54,26.9,12.1,14.8,13.2,1.091,64.4,52.5,67.6,68.5,67,48.9,1,4.3,3,6.2,HIGH,6.3,14.4
PRJ-5590,Highway,Telangana,605.47,46,36.5,7.8,28.7,10.5,1.346,51.6,47.0,46.7,50.6,149,18.4,8,7.0,5,8.9,CRITICAL,10.8,27.7
PRJ-5591,Power Infrastructure,Bihar,2891.76,30,83.1,81.6,1.5,79.3,0.972,92.6,90.3,94.5,92.9,2,100.0,0,0.9,0,1.4,LOW,0.4,0.6
PRJ-5592,Metro,Delhi NCR,4288.92,52,60.1,57.9,2.2,60.4,1.043,89.7,96.4,98.5,93.2,1,94.4,1,1.4,0,1.6,LOW,0.0,2.1
PRJ-5593,Power Infrastructure,Telangana,1865.55,34,44.2,44.2,0.0,47.0,1.063,97.3,91.7,89.3,89.1,1,95.8,1,1.7,0,1.5,LOW,0.4,1.9
PRJ-5594,Metro,West Bengal,9915.63,33,32.4,2.7,29.7,5.0,1.852,48.0,32.9,44.9,51.1,142,15.0,6,8.4,3,9.2,CRITICAL,12.3,28.4
PRJ-5595,Bridge,West Bengal,4221.84,44,62.0,60.8,1.2,62.6,1.03,90.8,96.3,90.0,96.5,0,100.0,1,1.1,0,1.2,LOW,0.4,0.3
PRJ-5596,Highway,Kerala,2155.45,55,78.2,73.3,4.9,75.2,1.026,76.0,82.9,82.0,82.3,28,92.3,1,3.4,0,3.0,MEDIUM,2.2,3.6
PRJ-5597,Railway,Karnataka,3656.63,45,43.3,38.7,4.6,38.1,0.984,73.4,73.4,81.6,81.7,38,89.4,0,4.3,0,3.6,MEDIUM,2.3,7.6
PRJ-5598,Water Supply,Odisha,285.19,26,45.5,20.0,25.5,25.9,1.295,41.7,42.9,44.0,34.5,266,47.3,8,8.9,2,7.5,CRITICAL,8.2,26.6
PRJ-5599,Metro,Uttar Pradesh,5178.92,62,68.7,39.2,29.5,54.7,1.395,42.1,44.8,49.1,39.5,217,60.6,8,7.5,5,7.3,CRITICAL,8.7,25.6
PRJ-5600,Railway,Kerala,4987.54,44,26.7,9.2,17.5,10.7,1.163,64.5,60.7,62.4,66.9,109,37.2,4,4.9,3,6.5,HIGH,6.5,10.1
PRJ-5601,Power Infrastructure,Bihar,588.58,25,49.7,42.4,7.3,46.6,1.099,72.5,72.9,74.3,76.9,30,88.8,3,3.9,1,3.3,MEDIUM,1.8,6.6
PRJ-5602,Highway,Gujarat,3974.56,40,90.9,62.3,28.6,85.0,1.364,48.8,46.2,53.9,51.3,131,71.3,11,9.4,3,7.2,CRITICAL,9.1,22.7
PRJ-5603,Urban Development,Andhra Pradesh,343.31,26,71.8,59.2,12.6,67.2,1.135,65.1,64.0,54.0,57.4,63,75.8,3,6.7,2,5.9,HIGH,5.3,13.3
PRJ-5604,Water Supply,Karnataka,168.83,20,82.7,67.7,15.0,80.8,1.194,63.4,53.9,66.5,60.2,84,87.2,3,6.1,2,5.9,HIGH,5.6,13.2
PRJ-5605,Water Supply,Rajasthan,886.65,25,82.8,65.3,17.5,78.9,1.208,68.6,67.7,67.4,68.6,75,74.5,5,6.0,2,5.2,HIGH,6.5,13.0
PRJ-5606,Highway,Gujarat,1812.74,18,91.0,90.6,0.4,92.9,1.025,89.3,93.7,90.0,97.2,6,100.0,1,2.2,0,1.7,LOW,0.0,2.7
PRJ-5607,Bridge,Assam,6432.44,33,47.9,30.5,17.4,36.8,1.207,57.0,60.1,61.1,58.3,74,63.7,1,6.5,1,5.8,HIGH,5.0,15.9
PRJ-5608,Power Infrastructure,Telangana,775.83,30,66.5,48.5,18.0,59.8,1.233,37.2,44.7,44.1,39.5,183,74.4,4,5.9,4,9.1,CRITICAL,10.0,30.7
PRJ-5609,Metro,Assam,1916.85,39,71.2,69.0,2.2,71.5,1.036,83.2,83.7,84.6,74.6,50,98.6,3,3.7,0,3.1,MEDIUM,1.7,7.6
PRJ-5610,Railway,Delhi NCR,1857.95,29,43.9,33.5,10.4,37.6,1.122,63.5,58.4,63.4,57.5,76,77.3,3,4.7,1,5.3,HIGH,6.7,15.8
PRJ-5611,Water Supply,Madhya Pradesh,817.47,27,73.1,65.1,8.0,75.0,1.152,83.9,75.0,79.1,74.8,22,86.4,2,1.8,1,3.6,MEDIUM,2.2,6.8
PRJ-5612,Power Infrastructure,Kerala,3609.4,28,84.4,82.7,1.7,90.9,1.099,79.6,72.5,72.1,82.2,34,100.0,2,4.6,1,3.8,MEDIUM,2.8,4.3
PRJ-5613,Highway,Gujarat,652.78,32,22.1,2.0,20.1,5.0,2.5,46.5,47.4,47.6,49.5,156,15.0,7,8.0,4,7.3,CRITICAL,8.9,31.5
PRJ-5614,Railway,Tamil Nadu,4633.18,24,56.7,55.9,0.8,60.3,1.079,93.5,91.4,88.8,90.7,2,100.0,0,2.0,0,1.7,LOW,0.2,2.0
PRJ-5615,Railway,Jammu & Kashmir,2699.59,38,77.6,75.7,1.9,76.7,1.013,91.8,90.1,93.8,90.0,0,99.8,2,2.7,0,1.3,LOW,0.1,3.6
PRJ-5616,Urban Development,Rajasthan,1164.0,33,28.2,27.9,0.3,27.6,0.989,96.9,97.5,96.0,93.4,5,100.0,1,1.6,0,1.5,LOW,0.2,0.5
PRJ-5617,Highway,Jammu & Kashmir,1182.59,24,87.8,81.9,5.9,90.4,1.104,78.1,73.1,78.4,79.7,39,95.4,3,3.6,0,4.1,MEDIUM,2.2,7.4
PRJ-5618,Airport,Gujarat,6132.19,33,24.2,21.2,3.0,21.4,1.009,82.0,79.2,86.3,76.6,24,87.3,1,3.2,0,4.3,MEDIUM,3.0,7.5
PRJ-5619,Metro,Assam,2605.65,72,65.5,63.3,2.2,69.7,1.101,79.9,81.2,79.0,77.0,20,93.7,4,5.8,1,4.4,MEDIUM,2.7,8.9
PRJ-5620,Power Infrastructure,Odisha,9178.85,31,69.7,63.3,6.4,68.9,1.088,74.0,75.5,79.4,81.8,32,89.1,2,2.0,1,3.2,MEDIUM,2.8,2.5
PRJ-5621,Airport,Karnataka,11278.91,52,85.1,79.8,5.3,83.2,1.043,78.3,80.1,79.0,73.3,21,96.5,1,2.8,1,3.7,MEDIUM,1.2,7.6
PRJ-5622,Railway,Andhra Pradesh,2839.63,44,37.8,7.5,30.3,9.7,1.293,44.1,42.0,54.7,38.9,204,18.4,3,6.7,2,7.0,CRITICAL,13.9,28.9
PRJ-5623,Railway,Himachal Pradesh,1235.08,47,90.8,81.3,9.5,90.7,1.116,76.2,77.5,73.1,78.7,33,91.7,2,5.7,1,4.0,MEDIUM,2.7,9.9
PRJ-5624,Metro,Assam,1221.75,37,67.7,61.6,6.1,66.9,1.086,74.4,76.9,72.0,77.3,23,93.9,2,5.3,0,3.8,MEDIUM,2.8,8.5
PRJ-5625,Highway,Assam,3532.38,39,54.8,48.6,6.2,54.6,1.123,83.6,79.8,81.6,73.2,47,84.3,3,3.2,0,3.7,MEDIUM,3.4,6.1
PRJ-5626,Urban Development,Himachal Pradesh,526.86,25,39.6,39.6,0.0,39.3,0.992,95.9,94.6,90.8,93.8,0,96.8,0,3.3,0,0.5,LOW,0.3,1.9
PRJ-5627,Urban Development,Jammu & Kashmir,836.92,32,79.2,73.6,5.6,72.6,0.986,81.4,82.3,85.7,79.0,20,88.3,0,2.6,0,4.0,MEDIUM,2.1,7.8
PRJ-5628,Railway,Uttarakhand,7835.72,38,80.4,80.1,0.3,80.8,1.009,98.1,91.9,96.2,88.1,2,95.5,0,3.8,0,0.6,LOW,0.6,2.7
PRJ-5629,Urban Development,Gujarat,1381.94,16,29.0,29.0,0.0,29.9,1.031,94.8,89.1,94.6,92.5,0,100.0,0,0.6,0,0.9,LOW,0.3,0.9
PRJ-5630,Bridge,Gujarat,2833.29,47,37.8,25.6,12.2,30.0,1.172,66.0,57.6,65.2,68.0,93,66.2,3,5.3,1,5.2,HIGH,5.1,19.1
PRJ-5631,Metro,Bihar,3749.92,53,73.7,66.0,7.7,71.3,1.08,80.8,74.7,79.8,76.7,31,90.9,0,4.0,1,2.5,MEDIUM,2.3,9.2
PRJ-5632,Highway,Himachal Pradesh,1882.86,33,43.4,41.9,1.5,43.4,1.036,77.0,79.5,76.6,73.2,29,93.9,2,3.1,0,3.2,MEDIUM,2.6,6.3
PRJ-5633,Power Infrastructure,Andhra Pradesh,2363.69,39,20.8,16.1,4.7,17.0,1.056,83.5,78.6,85.4,75.8,28,75.3,1,4.2,0,4.5,MEDIUM,3.1,4.8
PRJ-5634,Railway,Uttar Pradesh,3423.2,42,77.9,72.2,5.7,73.0,1.011,77.0,71.6,72.7,79.3,33,90.0,1,2.5,1,3.5,MEDIUM,3.3,5.9
PRJ-5635,Metro,West Bengal,5880.27,24,49.7,39.6,10.1,43.7,1.104,60.2,64.4,68.5,63.7,98,82.5,0,3.3,3,5.9,HIGH,4.6,14.4
PRJ-5636,Metro,Tamil Nadu,3732.53,52,44.3,32.8,11.5,35.6,1.085,73.9,76.2,81.5,81.8,37,70.8,1,2.9,1,3.5,MEDIUM,2.9,3.7
PRJ-5637,Urban Development,Madhya Pradesh,224.46,33,44.5,40.7,3.8,41.7,1.025,79.3,80.9,80.7,70.2,26,90.7,0,1.6,1,2.8,MEDIUM,2.3,4.3
PRJ-5638,Highway,Tamil Nadu,2594.02,37,43.7,42.9,0.8,43.6,1.016,98.2,88.3,96.1,96.6,1,96.1,0,0.4,0,1.2,LOW,0.0,0.7
PRJ-5639,Railway,Uttarakhand,1403.2,25,91.1,75.0,16.1,92.9,1.239,56.0,64.0,66.6,61.6,91,77.2,4,5.9,2,6.4,HIGH,6.3,13.3
PRJ-5640,Airport,Kerala,4230.0,76,86.6,86.2,0.4,86.8,1.007,94.8,92.6,88.3,96.2,3,94.4,1,2.1,0,1.9,LOW,0.0,1.7
PRJ-5641,Urban Development,Bihar,760.84,35,68.5,61.0,7.5,65.0,1.066,79.0,81.3,85.5,73.2,31,87.8,4,3.7,0,4.2,MEDIUM,2.5,8.0
PRJ-5642,Water Supply,Maharashtra,501.33,27,88.1,88.1,0.0,87.9,0.998,89.2,98.1,89.7,88.6,2,98.4,0,1.0,0,0.7,LOW,0.4,1.3
PRJ-5643,Bridge,Telangana,940.43,32,86.1,86.1,0.0,83.6,0.971,98.1,92.5,94.3,92.7,5,99.1,0,1.5,0,1.2,LOW,0.2,0.5
PRJ-5644,Highway,Uttarakhand,7444.27,35,85.2,84.2,1.0,80.5,0.956,90.6,87.9,94.6,94.3,0,96.5,1,3.4,0,2.2,LOW,0.0,0.5
PRJ-5645,Airport,Himachal Pradesh,7133.29,43,42.5,34.2,8.3,37.8,1.105,84.4,71.0,83.2,82.2,31,77.8,2,5.3,1,3.3,MEDIUM,2.5,5.4
PRJ-5646,Power Infrastructure,Karnataka,1724.94,41,33.8,32.3,1.5,31.8,0.985,75.5,76.1,76.8,74.1,33,99.5,2,4.3,0,4.0,MEDIUM,2.1,5.4
PRJ-5647,Power Infrastructure,Andhra Pradesh,4766.92,47,27.4,2.4,25.0,5.0,2.083,47.9,35.5,53.8,45.1,204,15.0,5,7.8,3,7.4,CRITICAL,11.8,25.5
PRJ-5648,Urban Development,Kerala,327.87,36,50.3,36.2,14.1,41.0,1.133,69.9,58.1,63.5,61.4,45,76.1,2,6.1,1,6.7,HIGH,5.0,14.3
PRJ-5649,Urban Development,Uttarakhand,152.47,22,21.4,7.8,13.6,9.5,1.218,62.9,58.4,68.5,60.0,68,30.9,4,8.0,3,7.1,HIGH,6.2,15.1
PRJ-5650,Bridge,Gujarat,1168.02,23,60.4,57.1,3.3,58.7,1.028,84.4,70.9,80.0,74.6,19,98.7,1,2.4,0,3.0,MEDIUM,2.7,6.0
PRJ-5651,Highway,Rajasthan,1491.07,40,75.6,46.2,29.4,58.9,1.275,36.0,37.9,49.0,52.8,181,61.8,4,5.9,5,8.5,CRITICAL,10.9,37.6
PRJ-5652,Highway,West Bengal,1887.91,31,47.0,43.7,3.3,45.0,1.03,75.1,70.1,80.6,78.6,26,93.7,0,3.7,0,4.2,MEDIUM,3.5,5.8
PRJ-5653,Metro,Telangana,3704.96,43,82.7,82.6,0.1,83.4,1.01,89.3,98.8,94.9,89.1,0,100.0,0,1.5,0,1.2,LOW,0.0,0.3
PRJ-5654,Bridge,Karnataka,591.26,35,37.3,19.1,18.2,23.6,1.236,66.3,56.1,56.4,61.4,96,51.8,5,5.3,3,5.9,HIGH,6.2,13.4
PRJ-5655,Urban Development,West Bengal,447.01,30,53.7,35.9,17.8,43.3,1.206,60.2,65.2,67.7,55.1,89,65.9,3,6.2,3,6.3,HIGH,4.7,11.4
PRJ-5656,Irrigation,Madhya Pradesh,1648.23,14,38.7,38.7,0.0,40.1,1.036,98.7,88.6,91.8,92.7,3,100.0,1,0.6,0,0.8,LOW,0.3,2.3
PRJ-5657,Metro,Odisha,3518.77,38,67.1,66.1,1.0,65.4,0.989,92.0,86.6,95.0,96.2,5,96.6,0,0.3,0,1.4,LOW,0.1,1.9
PRJ-5658,Railway,Himachal Pradesh,5448.09,82,53.1,53.1,0.0,53.3,1.004,96.9,93.8,89.1,94.2,2,95.9,0,3.5,0,0.9,LOW,0.0,0.7
PRJ-5659,Airport,Madhya Pradesh,4169.21,72,65.0,32.5,32.5,43.1,1.326,48.0,46.3,35.5,32.0,167,49.8,4,7.8,4,7.6,CRITICAL,11.6,22.4
PRJ-5660,Water Supply,Bihar,832.41,31,91.7,73.8,17.9,87.2,1.182,69.3,55.1,66.0,68.9,69,81.9,2,5.0,1,5.4,HIGH,7.0,11.7
PRJ-5661,Water Supply,Delhi NCR,680.34,23,23.8,9.8,14.0,10.5,1.071,64.8,66.4,58.0,59.7,77,42.0,3,3.3,2,6.0,HIGH,5.3,14.1
PRJ-5662,Railway,Madhya Pradesh,3199.07,67,51.7,51.5,0.2,50.8,0.986,89.3,98.2,95.7,90.5,2,100.0,1,0.6,0,1.5,LOW,0.0,1.7
PRJ-5663,Water Supply,Karnataka,286.17,24,60.2,59.5,0.7,63.9,1.074,92.6,93.0,95.0,95.8,1,97.1,0,1.1,0,1.3,LOW,0.0,0.3
PRJ-5664,Urban Development,West Bengal,1023.05,19,85.7,69.7,16.0,82.3,1.181,61.0,56.1,68.3,65.9,77,81.5,4,4.9,3,6.3,HIGH,7.3,15.3
PRJ-5665,Railway,Madhya Pradesh,1562.85,39,25.3,2.0,23.3,5.0,2.5,38.0,38.5,35.2,49.7,90,15.0,4,8.7,3,7.1,CRITICAL,13.5,26.2
PRJ-5666,Bridge,Kerala,491.36,39,91.2,86.4,4.8,94.1,1.089,77.6,72.5,78.3,83.0,46,91.5,2,3.4,0,4.1,MEDIUM,2.4,5.3
PRJ-5667,Urban Development,Bihar,180.51,29,71.3,51.4,19.9,67.0,1.304,41.4,47.4,43.4,38.6,150,74.0,8,8.9,4,7.6,CRITICAL,11.4,24.7
PRJ-5668,Water Supply,Karnataka,664.78,16,20.0,19.8,0.2,19.2,0.97,96.0,91.6,88.2,94.3,8,94.5,0,0.5,0,0.5,LOW,0.0,0.7
PRJ-5669,Irrigation,Odisha,368.99,39,31.2,16.4,14.8,18.3,1.116,70.4,59.3,67.0,63.5,65,54.3,3,4.9,1,5.3,HIGH,5.5,14.2
PRJ-5670,Water Supply,Maharashtra,2756.97,33,77.5,56.9,20.6,67.8,1.192,47.3,40.5,43.3,37.1,157,74.2,3,5.9,2,9.2,CRITICAL,13.3,23.8
PRJ-5671,Bridge,Tamil Nadu,1313.73,31,75.5,73.6,1.9,72.7,0.988,89.0,95.8,88.9,97.5,0,100.0,0,2.1,0,1.5,LOW,0.5,3.0
PRJ-5672,Airport,Gujarat,4773.21,40,31.2,18.1,13.1,19.6,1.083,67.8,67.8,55.7,61.4,66,58.0,2,4.4,2,6.5,HIGH,5.4,13.7
PRJ-5673,Urban Development,Gujarat,520.39,34,29.2,29.2,0.0,28.9,0.99,93.5,91.6,93.8,88.4,1,97.9,0,2.0,0,1.1,LOW,0.3,0.8
PRJ-5674,Urban Development,Odisha,152.79,21,62.7,51.8,10.9,64.9,1.253,63.5,60.8,65.4,65.1,80,82.0,8,5.2,2,5.1,HIGH,5.7,14.9
PRJ-5675,Railway,Andhra Pradesh,22297.12,34,20.7,20.7,0.0,22.2,1.072,95.8,91.2,99.0,95.1,3,97.6,0,1.4,0,1.9,LOW,0.1,2.0
PRJ-5676,Railway,Kerala,3052.67,62,32.9,25.8,7.1,28.7,1.112,83.6,84.2,74.1,70.6,43,80.7,2,4.7,0,3.1,MEDIUM,2.5,9.3
PRJ-5677,Irrigation,Madhya Pradesh,662.76,32,55.3,37.5,17.8,42.6,1.136,60.3,61.5,68.4,64.0,103,67.0,1,4.2,2,6.1,HIGH,4.8,17.2
PRJ-5678,Metro,Rajasthan,12094.65,47,90.3,75.4,14.9,86.0,1.141,66.3,61.5,66.9,64.2,88,84.3,3,4.1,2,6.9,HIGH,3.9,11.4
PRJ-5679,Airport,Maharashtra,1344.83,46,48.6,46.7,1.9,46.1,0.987,96.2,91.6,89.1,91.6,2,95.8,0,0.8,0,0.8,LOW,0.4,1.4
PRJ-5680,Railway,Assam,3807.68,59,86.8,64.0,22.8,79.6,1.244,69.5,68.8,66.3,59.0,68,71.9,4,4.7,2,5.8,HIGH,6.1,15.4
PRJ-5681,Bridge,Assam,1725.41,26,33.5,32.3,1.2,33.6,1.04,92.4,89.1,99.3,95.1,0,99.2,0,3.1,0,1.7,LOW,0.3,1.5
PRJ-5682,Railway,Gujarat,1207.96,54,61.3,59.7,1.6,61.9,1.037,90.1,92.9,98.7,87.9,0,98.0,2,0.6,0,1.9,LOW,0.1,0.6
PRJ-5683,Metro,Uttarakhand,1363.17,52,78.7,78.7,0.0,83.7,1.064,90.4,92.6,99.9,85.6,5,96.1,0,2.6,0,0.5,LOW,0.5,1.0
PRJ-5684,Airport,Jammu & Kashmir,8266.7,32,77.6,76.1,1.5,77.1,1.013,85.4,81.4,75.1,80.9,36,97.6,1,4.3,1,4.7,MEDIUM,2.7,6.1
PRJ-5685,Railway,Uttarakhand,2530.78,37,48.2,47.9,0.3,49.2,1.027,88.0,94.5,92.9,91.6,0,100.0,0,1.9,0,1.8,LOW,0.3,0.6
PRJ-5686,Irrigation,Telangana,325.96,30,47.3,43.5,3.8,45.4,1.044,79.2,71.7,79.8,81.0,27,86.1,1,2.5,1,4.0,MEDIUM,2.1,6.6
PRJ-5687,Urban Development,Madhya Pradesh,1222.22,28,46.5,45.9,0.6,47.8,1.041,93.2,95.0,95.9,86.9,1,95.9,0,2.3,0,0.6,LOW,0.3,1.6
PRJ-5688,Railway,Uttar Pradesh,9030.7,73,56.9,45.6,11.3,51.5,1.129,58.7,59.9,58.0,60.5,71,78.5,4,4.6,2,6.4,HIGH,5.0,13.8
PRJ-5689,Metro,Andhra Pradesh,25283.2,49,50.9,23.1,27.8,31.8,1.377,35.4,33.5,45.9,41.5,116,47.3,10,9.2,4,9.4,CRITICAL,14.2,22.9
PRJ-5690,Water Supply,Bihar,154.77,20,29.2,29.2,0.0,29.3,1.003,94.0,88.2,98.4,87.6,3,100.0,1,1.7,0,1.9,LOW,0.0,1.1
PRJ-5691,Irrigation,Himachal Pradesh,2037.46,32,40.6,24.7,15.9,29.6,1.198,56.2,58.9,64.9,56.5,67,59.3,4,7.7,2,5.5,HIGH,7.8,14.1
PRJ-5692,Urban Development,Assam,248.01,20,38.4,38.2,0.2,37.9,0.992,98.5,95.4,98.1,97.9,5,100.0,0,4.1,0,1.9,LOW,0.1,2.0
PRJ-5693,Power Infrastructure,Karnataka,4141.06,18,30.9,23.8,7.1,25.4,1.067,81.7,81.7,83.3,80.2,33,76.7,1,2.6,0,4.8,MEDIUM,3.3,4.8
PRJ-5694,Airport,Maharashtra,4751.9,44,55.9,50.6,5.3,55.1,1.089,84.2,82.3,74.9,76.8,36,89.8,3,3.0,1,3.6,MEDIUM,1.8,5.2
PRJ-5695,Urban Development,Karnataka,817.58,19,81.9,79.3,2.6,84.6,1.067,82.6,84.4,85.2,77.0,39,95.0,2,2.1,1,4.5,MEDIUM,3.1,6.5
PRJ-5696,Metro,Karnataka,1595.41,38,56.7,27.3,29.4,36.7,1.344,42.5,49.6,45.5,46.5,130,44.3,9,8.9,2,8.1,CRITICAL,16.8,27.8
PRJ-5697,Water Supply,Madhya Pradesh,387.89,30,65.8,59.8,6.0,65.8,1.1,82.4,71.8,72.5,74.6,31,98.0,3,4.4,1,4.7,MEDIUM,2.4,7.9
PRJ-5698,Highway,Kerala,1095.03,45,60.1,55.2,4.9,57.1,1.034,79.4,81.3,80.6,75.9,33,92.0,0,4.4,1,2.8,MEDIUM,2.3,7.4
PRJ-5699,Bridge,Odisha,1146.03,36,90.7,83.6,7.1,90.2,1.079,77.0,71.2,82.0,83.3,33,90.8,3,4.1,0,4.6,MEDIUM,2.4,6.6
PRJ-5700,Power Infrastructure,Bihar,3196.62,34,48.5,20.4,28.1,27.2,1.333,39.4,30.9,40.2,53.9,128,45.6,8,6.5,2,7.7,CRITICAL,9.6,37.9
PRJ-5701,Power Infrastructure,Kerala,2233.67,41,67.9,65.6,2.3,68.2,1.04,88.6,88.2,90.7,96.8,4,93.7,0,3.7,0,2.1,LOW,0.3,1.9
PRJ-5702,Power Infrastructure,Uttarakhand,2192.66,37,40.0,37.0,3.0,39.0,1.054,78.2,84.1,76.5,72.3,31,92.6,1,2.7,0,2.9,MEDIUM,2.5,7.5
PRJ-5703,Airport,Madhya Pradesh,2345.1,55,25.4,13.5,11.9,15.7,1.163,55.3,58.6,63.4,65.5,80,60.5,4,6.2,2,5.2,HIGH,6.9,15.2
PRJ-5704,Water Supply,Uttarakhand,286.81,28,48.8,44.3,4.5,46.2,1.043,83.6,75.4,72.1,83.7,30,89.5,0,3.7,0,4.8,MEDIUM,2.5,7.7
PRJ-5705,Bridge,Telangana,490.93,24,37.2,17.2,20.0,21.9,1.273,45.9,45.1,47.4,42.4,166,49.7,6,5.4,2,8.7,CRITICAL,14.0,29.0
PRJ-5706,Railway,Telangana,6467.64,32,52.7,50.4,2.3,52.3,1.038,85.8,78.9,85.7,75.8,20,92.6,3,4.1,1,4.5,MEDIUM,2.8,8.0
PRJ-5707,Water Supply,Andhra Pradesh,318.51,22,69.2,69.2,0.0,68.1,0.984,88.5,92.2,93.3,90.5,6,100.0,0,1.8,0,1.7,LOW,0.2,1.0
PRJ-5708,Railway,Tamil Nadu,1234.77,51,42.4,36.3,6.1,38.3,1.055,84.2,84.4,75.3,78.0,34,84.4,2,3.2,0,4.5,MEDIUM,2.7,7.6
PRJ-5709,Railway,Rajasthan,11127.19,50,37.4,32.7,4.7,35.0,1.07,76.1,74.3,77.6,76.5,27,93.4,2,1.5,1,4.4,MEDIUM,3.0,5.7
PRJ-5710,Railway,Bihar,2598.07,46,91.5,84.1,7.4,87.5,1.04,85.9,78.9,83.5,73.0,28,88.6,3,4.4,1,3.8,MEDIUM,2.4,5.5
PRJ-5711,Highway,Tamil Nadu,1255.23,46,75.4,75.4,0.0,81.9,1.086,90.8,88.2,97.8,97.7,0,100.0,0,1.4,0,1.1,LOW,0.2,1.4
PRJ-5712,Airport,Himachal Pradesh,1810.29,41,50.6,46.0,4.6,50.1,1.089,73.5,84.1,81.6,75.2,37,91.8,1,4.0,1,3.7,MEDIUM,2.5,8.0
PRJ-5713,Power Infrastructure,Maharashtra,1139.01,43,85.4,75.0,10.4,85.7,1.143,78.3,71.9,73.8,77.2,20,91.2,3,3.5,1,4.7,MEDIUM,3.5,7.5
PRJ-5714,Water Supply,Uttarakhand,512.74,34,61.5,38.8,22.7,49.3,1.271,53.3,48.7,45.6,41.8,161,57.5,5,7.1,5,7.9,CRITICAL,11.1,26.6
PRJ-5715,Metro,Jammu & Kashmir,11553.14,36,32.4,32.4,0.0,33.3,1.028,94.4,98.7,88.9,90.1,4,100.0,0,2.0,0,0.8,LOW,0.1,2.4
PRJ-5716,Power Infrastructure,Uttarakhand,1576.52,36,53.5,20.0,33.5,25.0,1.25,49.0,46.5,44.9,34.7,114,32.7,1,9.6,5,8.0,CRITICAL,15.0,23.1
PRJ-5717,Urban Development,Gujarat,342.77,26,70.5,69.3,1.2,68.4,0.987,98.2,88.1,99.1,97.2,0,100.0,0,1.1,0,1.7,LOW,0.2,0.7
PRJ-5718,Water Supply,Maharashtra,1137.92,28,53.8,53.4,0.4,53.7,1.006,95.5,86.9,91.0,87.2,0,98.3,0,2.3,0,1.8,LOW,0.2,1.1
PRJ-5719,Bridge,Maharashtra,2703.73,46,40.0,28.6,11.4,31.7,1.108,56.9,68.3,64.4,58.1,59,67.3,2,3.9,1,6.5,HIGH,5.5,14.0
PRJ-5720,Water Supply,Himachal Pradesh,1436.36,37,69.9,40.3,29.6,49.5,1.228,39.5,47.6,44.3,42.4,201,57.4,2,10.0,3,8.0,CRITICAL,11.9,22.0
PRJ-5721,Irrigation,Rajasthan,1181.15,34,29.1,2.6,26.5,5.0,1.923,35.3,30.4,47.4,44.6,121,15.0,7,7.9,2,8.8,CRITICAL,13.5,28.3
PRJ-5722,Urban Development,Uttar Pradesh,639.94,26,49.5,48.8,0.7,48.3,0.99,96.5,92.9,95.3,87.7,0,98.5,1,0.2,0,1.3,LOW,0.1,2.4
PRJ-5723,Power Infrastructure,Bihar,1806.22,39,66.9,35.3,31.6,45.9,1.3,41.9,47.6,47.8,42.9,223,51.3,4,5.4,3,8.4,CRITICAL,11.8,21.4
PRJ-5724,Urban Development,Rajasthan,1411.74,31,20.0,20.0,0.0,20.7,1.035,96.7,93.8,89.2,97.0,2,100.0,0,2.0,0,0.8,LOW,0.2,2.0
PRJ-5725,Metro,Tamil Nadu,12512.07,64,80.5,75.8,4.7,82.5,1.088,76.1,78.4,80.6,77.0,34,96.5,4,2.2,0,3.6,MEDIUM,1.6,5.3
PRJ-5726,Irrigation,Karnataka,601.27,35,90.0,88.4,1.6,95.7,1.083,89.1,92.9,98.5,95.1,2,100.0,3,2.2,0,0.5,LOW,0.3,1.1
PRJ-5727,Urban Development,Kerala,687.52,16,58.8,57.8,1.0,58.7,1.016,89.1,88.5,94.3,95.3,4,93.4,1,3.5,0,1.0,LOW,0.4,1.2
PRJ-5728,Highway,Odisha,1210.73,44,57.9,37.9,20.0,45.5,1.201,57.8,53.5,59.6,57.7,72,69.1,1,5.4,2,5.6,HIGH,4.4,16.9
PRJ-5729,Power Infrastructure,Assam,1155.7,41,45.9,16.3,29.6,20.9,1.282,52.3,44.4,51.4,33.6,105,31.1,4,9.2,5,7.8,CRITICAL,10.3,30.7
PRJ-5730,Metro,Kerala,2026.52,34,24.5,19.8,4.7,20.6,1.04,80.3,78.2,77.0,72.9,35,79.1,1,3.7,1,3.9,MEDIUM,2.5,7.5
PRJ-5731,Railway,Andhra Pradesh,7037.99,63,52.5,46.6,5.9,50.4,1.082,85.6,84.6,86.3,82.8,29,94.2,2,3.0,1,3.4,MEDIUM,1.5,6.4
PRJ-5732,Bridge,Himachal Pradesh,644.05,47,20.2,15.9,4.3,17.2,1.082,77.0,76.9,78.6,76.5,35,78.0,3,4.5,0,2.7,MEDIUM,2.4,9.2
PRJ-5733,Railway,Telangana,13010.46,67,61.8,26.9,34.9,36.6,1.361,51.7,42.3,38.9,48.8,177,42.3,5,8.7,5,9.3,CRITICAL,7.2,32.8
PRJ-5734,Airport,Jammu & Kashmir,4600.89,43,28.1,10.1,18.0,11.4,1.129,53.1,37.6,48.4,44.0,223,37.1,3,6.3,5,8.4,CRITICAL,9.6,28.1
PRJ-5735,Airport,Madhya Pradesh,2797.62,24,66.6,66.6,0.0,61.7,0.926,89.9,90.3,94.5,92.9,4,97.0,0,0.9,0,1.5,LOW,0.0,1.4
PRJ-5736,Bridge,Maharashtra,3867.75,27,25.3,2.5,22.8,5.0,2.0,67.1,62.0,54.5,68.8,53,15.0,2,3.3,3,5.5,HIGH,6.1,13.8
PRJ-5737,Water Supply,West Bengal,746.09,12,76.4,76.4,0.0,76.0,0.995,89.4,86.6,91.3,98.0,2,100.0,0,1.8,0,1.3,LOW,0.4,2.4
PRJ-5738,Airport,Uttarakhand,7067.11,43,53.9,28.7,25.2,34.6,1.206,36.5,33.5,35.5,37.8,170,54.4,2,8.3,5,7.5,CRITICAL,8.8,32.4
PRJ-5739,Highway,Delhi NCR,1870.85,28,67.2,67.0,0.2,69.1,1.031,88.4,92.3,92.3,94.6,1,99.9,0,0.2,0,0.8,LOW,0.0,1.5
PRJ-5740,Power Infrastructure,Uttar Pradesh,2112.26,23,89.6,85.2,4.4,87.0,1.021,73.7,77.0,75.7,83.8,31,92.9,0,3.5,0,3.4,MEDIUM,1.4,7.3
PRJ-5741,Irrigation,Maharashtra,2586.81,34,41.1,34.3,6.8,36.8,1.073,81.9,76.1,78.6,71.4,26,82.2,2,3.0,1,4.8,MEDIUM,3.1,5.8
PRJ-5742,Power Infrastructure,Andhra Pradesh,3687.02,36,48.4,46.9,1.5,46.6,0.994,82.9,77.7,76.8,70.6,33,100.0,0,4.0,1,3.9,MEDIUM,2.6,5.7
PRJ-5743,Airport,Kerala,1588.64,59,89.3,76.5,12.8,89.1,1.165,68.2,57.0,67.9,60.6,64,84.0,4,4.5,1,5.5,HIGH,5.3,12.3
PRJ-5744,Railway,Maharashtra,1372.48,57,26.0,18.0,8.0,20.2,1.122,62.3,53.1,59.6,55.8,56,68.2,4,6.5,2,7.1,HIGH,6.5,13.8
PRJ-5745,Irrigation,Bihar,1547.4,20,52.0,39.6,12.4,47.3,1.194,63.8,58.1,63.5,61.7,92,75.9,4,5.0,1,7.1,HIGH,5.0,11.7
PRJ-5746,Water Supply,Kerala,815.83,25,56.7,55.1,1.6,58.7,1.065,91.6,88.4,96.2,89.8,0,99.2,0,2.8,0,1.8,LOW,0.0,0.6
PRJ-5747,Highway,Gujarat,853.58,25,87.6,57.5,30.1,74.6,1.297,52.8,34.6,52.7,50.8,155,68.3,5,5.5,3,9.3,CRITICAL,11.4,17.6
PRJ-5748,Water Supply,Jammu & Kashmir,219.76,22,76.9,76.7,0.2,74.6,0.973,98.0,86.2,94.5,92.7,3,98.5,0,4.0,0,1.3,LOW,0.4,0.0
PRJ-5749,Bridge,Tamil Nadu,641.17,44,32.2,19.0,13.2,22.1,1.163,65.0,65.3,61.8,66.7,75,58.3,5,6.5,1,6.6,HIGH,4.4,15.3
PRJ-5750,Urban Development,Uttarakhand,274.29,32,64.1,60.2,3.9,67.3,1.118,81.8,83.8,74.8,72.2,32,92.0,3,3.1,1,3.2,MEDIUM,1.8,5.8
PRJ-5751,Metro,Odisha,11397.12,38,55.1,55.1,0.0,56.6,1.027,88.2,96.7,88.9,89.0,1,99.1,0,2.0,0,2.0,LOW,0.2,1.2
PRJ-5752,Railway,Jammu & Kashmir,1439.54,40,36.8,20.3,16.5,23.0,1.133,68.0,58.1,55.8,62.8,45,52.1,3,6.6,3,6.5,HIGH,3.5,11.9
PRJ-5753,Highway,Karnataka,2402.34,31,60.5,59.0,1.5,59.2,1.003,95.4,97.6,89.3,89.6,4,99.6,0,0.4,0,0.7,LOW,0.3,0.3
PRJ-5754,Airport,Rajasthan,6596.86,67,65.0,65.0,0.0,65.3,1.005,95.1,90.0,91.0,87.1,5,96.5,0,1.7,0,2.0,LOW,0.3,0.0
PRJ-5755,Power Infrastructure,Assam,2202.94,55,33.4,33.4,0.0,34.4,1.03,88.0,89.0,98.4,85.6,6,100.0,1,2.8,0,2.2,LOW,0.3,0.9
PRJ-5756,Irrigation,Telangana,722.89,32,67.0,34.3,32.7,45.4,1.324,39.7,46.1,51.6,51.8,177,49.9,6,7.0,3,7.3,CRITICAL,14.6,29.8
PRJ-5757,Irrigation,Odisha,275.22,29,67.7,63.9,3.8,70.2,1.099,74.0,70.6,79.8,78.4,21,90.1,3,2.2,0,3.9,MEDIUM,2.6,7.8
PRJ-5758,Metro,Himachal Pradesh,9267.81,64,73.0,42.5,30.5,59.4,1.398,47.9,40.8,52.0,37.3,175,53.2,12,10.0,5,8.8,CRITICAL,10.0,31.4
PRJ-5759,Airport,Gujarat,1902.03,47,79.0,74.1,4.9,79.0,1.066,72.9,82.4,81.3,73.3,14,94.0,2,1.8,0,4.5,MEDIUM,3.1,6.2
PRJ-5760,Power Infrastructure,Delhi NCR,1590.75,25,37.6,21.4,16.2,25.3,1.182,63.3,58.0,60.7,59.3,106,58.0,2,5.6,1,6.5,HIGH,3.7,16.6
PRJ-5761,Metro,Karnataka,9572.13,50,84.6,84.3,0.3,85.4,1.013,97.3,93.3,94.2,88.5,0,99.5,1,0.5,0,0.9,LOW,0.4,1.2
PRJ-5762,Irrigation,Odisha,1904.26,17,78.1,60.6,17.5,76.4,1.261,69.5,66.9,66.2,61.9,85,77.7,5,6.2,2,6.2,HIGH,6.5,15.2
PRJ-5763,Highway,Kerala,682.5,30,44.6,38.5,6.1,41.4,1.075,73.2,73.6,74.3,79.3,47,83.6,1,2.5,0,4.5,MEDIUM,2.8,6.0
PRJ-5764,Bridge,Gujarat,788.96,29,77.7,55.0,22.7,66.6,1.211,59.3,55.7,69.1,66.6,63,70.1,1,5.5,3,5.1,HIGH,6.2,16.6
PRJ-5765,Bridge,Telangana,906.36,23,38.8,8.4,30.4,10.8,1.286,50.2,36.2,38.6,50.8,156,24.8,6,8.6,2,9.1,CRITICAL,8.8,25.8
PRJ-5766,Highway,Karnataka,2702.23,19,32.4,18.1,14.3,20.3,1.122,58.6,68.0,61.1,61.3,71,58.5,5,3.7,1,5.4,HIGH,5.8,16.5
PRJ-5767,Water Supply,Odisha,1735.24,25,46.3,31.6,14.7,39.6,1.253,70.2,67.0,60.1,62.2,76,74.4,5,6.0,2,6.3,HIGH,5.1,13.9
PRJ-5768,Irrigation,Uttar Pradesh,442.65,21,43.3,28.4,14.9,33.2,1.169,62.8,54.8,64.1,66.0,121,62.1,3,3.5,3,7.1,HIGH,7.4,16.0
PRJ-5769,Metro,West Bengal,1328.6,56,33.7,3.3,30.4,5.0,1.515,39.6,41.0,42.8,33.7,194,15.0,7,6.0,5,8.1,CRITICAL,8.5,26.9
PRJ-5770,Power Infrastructure,Madhya Pradesh,1490.43,26,30.8,21.4,9.4,25.2,1.178,59.3,52.3,62.7,62.6,95,66.6,4,6.1,3,5.2,HIGH,5.6,13.1
PRJ-5771,Railway,Odisha,2284.11,41,21.3,19.0,2.3,19.6,1.032,73.9,72.8,80.5,83.5,37,90.3,0,2.4,0,2.6,MEDIUM,3.0,7.5
PRJ-5772,Power Infrastructure,Himachal Pradesh,5202.28,49,28.0,26.5,1.5,27.3,1.03,81.4,82.6,81.7,79.3,33,95.6,1,2.9,1,3.0,MEDIUM,3.5,4.4
PRJ-5773,Power Infrastructure,Karnataka,2641.0,48,86.1,75.9,10.2,84.1,1.108,68.6,62.2,54.4,56.0,80,87.2,3,6.1,1,6.0,HIGH,5.2,15.5
PRJ-5774,Irrigation,Assam,401.77,26,71.6,65.8,5.8,71.0,1.079,76.2,74.4,78.3,72.2,35,92.2,3,5.3,0,3.2,MEDIUM,3.5,9.9
PRJ-5775,Urban Development,Assam,1459.53,13,89.1,86.3,2.8,87.9,1.019,73.9,81.1,82.1,81.1,32,98.3,0,4.4,1,3.3,MEDIUM,2.3,4.8
PRJ-5776,Metro,Gujarat,2663.97,89,82.4,74.1,8.3,80.8,1.09,82.9,81.8,85.7,82.2,35,93.7,3,3.2,1,4.7,MEDIUM,2.3,4.3
PRJ-5777,Railway,Maharashtra,1582.58,60,27.2,21.3,5.9,22.7,1.066,75.3,73.9,84.3,70.4,25,81.2,1,3.8,1,4.5,MEDIUM,1.7,5.4
PRJ-5778,Metro,Karnataka,2485.59,37,44.1,39.8,4.3,45.5,1.143,72.1,76.0,74.5,79.6,40,91.7,3,3.7,0,4.2,MEDIUM,1.4,6.6
PRJ-5779,Irrigation,Uttarakhand,390.09,28,75.4,57.8,17.6,69.6,1.204,63.5,52.9,55.4,68.6,121,72.9,5,5.8,2,6.5,HIGH,5.6,18.3
PRJ-5780,Highway,Rajasthan,2802.39,42,88.5,72.4,16.1,87.4,1.207,59.7,64.6,69.8,59.0,54,85.1,3,4.7,1,5.7,HIGH,6.0,10.9
PRJ-5781,Highway,Andhra Pradesh,2077.28,45,38.7,12.3,26.4,15.4,1.252,53.1,36.5,37.5,45.5,142,32.6,5,8.2,5,8.6,CRITICAL,10.6,34.7
PRJ-5782,Water Supply,Maharashtra,669.43,19,43.6,40.6,3.0,41.6,1.025,75.4,74.4,76.9,84.0,38,89.6,1,2.2,1,4.2,MEDIUM,3.7,6.4
PRJ-5783,Water Supply,Jammu & Kashmir,915.36,16,88.8,88.8,0.0,89.9,1.012,95.1,94.7,90.1,93.3,5,100.0,0,2.3,0,0.6,LOW,0.3,0.0
PRJ-5784,Airport,Telangana,3607.93,57,91.6,73.4,18.2,84.2,1.147,70.4,56.9,68.3,58.5,92,71.5,3,5.0,3,5.4,HIGH,6.0,10.3
PRJ-5785,Power Infrastructure,Tamil Nadu,561.46,32,57.2,38.6,18.6,44.6,1.155,58.0,62.7,67.3,68.3,67,66.0,2,4.7,1,5.3,HIGH,6.8,17.3
PRJ-5786,Water Supply,Rajasthan,217.86,13,88.9,88.9,0.0,95.0,1.069,93.9,94.3,98.4,94.9,4,100.0,0,1.1,0,1.9,LOW,0.0,1.0
PRJ-5787,Metro,Uttarakhand,4301.42,34,34.5,17.0,17.5,20.2,1.188,62.2,53.6,60.8,62.7,82,46.4,1,7.2,1,5.3,HIGH,5.5,17.5
PRJ-5788,Metro,Rajasthan,3565.88,46,79.3,77.9,1.4,75.0,0.963,97.7,88.4,96.5,86.5,2,97.7,0,0.4,0,1.0,LOW,0.3,1.9
PRJ-5789,Airport,Gujarat,3883.09,55,29.8,28.3,1.5,28.8,1.018,72.7,81.9,84.6,83.9,32,97.4,3,1.6,1,4.1,MEDIUM,1.9,5.0
PRJ-5790,Airport,Rajasthan,2566.77,54,29.9,22.3,7.6,24.2,1.085,80.8,70.8,84.3,72.8,21,78.0,1,3.3,0,3.9,MEDIUM,2.2,4.8
PRJ-5791,Water Supply,West Bengal,609.61,36,20.5,17.5,3.0,18.7,1.069,74.1,82.8,74.8,83.3,43,81.4,3,2.8,1,2.7,MEDIUM,2.7,7.3
PRJ-5792,Power Infrastructure,Gujarat,492.13,21,32.2,9.0,23.2,12.2,1.356,53.3,43.8,39.6,32.5,178,33.3,7,5.4,4,9.0,CRITICAL,7.4,36.4
PRJ-5793,Urban Development,Bihar,1733.44,20,46.4,28.6,17.8,36.8,1.287,56.1,55.2,66.4,68.9,101,62.9,7,3.8,1,6.2,HIGH,4.2,15.3
PRJ-5794,Bridge,Karnataka,2734.57,31,64.6,52.4,12.2,60.9,1.162,64.2,55.6,65.8,67.2,87,80.4,2,3.1,2,5.6,HIGH,4.8,14.8
PRJ-5795,Bridge,Gujarat,859.82,45,37.8,20.3,17.5,23.6,1.163,62.2,55.7,69.7,57.3,95,56.0,4,6.1,2,6.9,HIGH,6.3,12.8
PRJ-5796,Metro,Assam,7570.46,49,58.9,57.9,1.0,59.6,1.029,95.5,98.2,98.1,88.5,6,100.0,0,2.4,0,1.0,LOW,0.3,2.0
PRJ-5797,Highway,Madhya Pradesh,1045.19,28,86.9,51.0,35.9,67.8,1.329,52.7,45.0,50.8,49.3,178,62.9,3,9.0,2,9.0,CRITICAL,11.5,27.6
PRJ-5798,Bridge,Karnataka,1603.93,39,23.2,13.6,9.6,15.0,1.103,67.7,67.1,61.3,61.1,84,54.8,2,7.0,2,7.2,HIGH,5.5,11.3
PRJ-5799,Water Supply,Maharashtra,250.72,38,20.6,20.6,0.0,19.9,0.966,88.8,98.7,90.4,91.6,1,97.9,0,2.3,0,1.4,LOW,0.2,0.0
PRJ-5800,Bridge,Tamil Nadu,1391.82,34,72.4,53.8,18.6,62.6,1.164,65.6,65.2,54.8,60.2,70,72.7,1,3.8,3,6.7,HIGH,4.4,16.0
PRJ-5801,Highway,Assam,4644.57,34,48.2,34.2,14.0,40.8,1.193,56.8,57.1,54.3,60.7,87,69.5,5,5.1,2,6.0,HIGH,6.4,20.1
PRJ-5802,Water Supply,Uttarakhand,702.9,20,51.0,41.2,9.8,45.0,1.092,75.1,73.4,74.0,76.4,28,80.7,1,4.7,0,3.2,MEDIUM,1.8,8.2
PRJ-5803,Airport,Rajasthan,3116.57,40,46.7,13.1,33.6,17.4,1.328,39.9,48.5,47.6,43.9,210,27.2,3,7.9,2,9.1,CRITICAL,14.1,25.8
PRJ-5804,Bridge,Andhra Pradesh,2024.02,34,45.2,41.4,3.8,44.1,1.065,83.3,76.0,82.9,72.1,37,93.6,1,4.1,0,3.5,MEDIUM,3.2,7.3
PRJ-5805,Water Supply,Jammu & Kashmir,1125.16,22,42.8,5.8,37.0,8.1,1.397,53.7,45.1,46.6,47.3,143,15.0,5,8.5,3,8.8,CRITICAL,8.0,37.0
PRJ-5806,Highway,Uttarakhand,3653.5,42,38.1,22.0,16.1,27.0,1.227,66.3,60.1,56.4,56.2,108,57.2,5,6.4,1,7.2,HIGH,3.9,16.3
PRJ-5807,Water Supply,Uttar Pradesh,544.78,39,90.1,76.4,13.7,88.9,1.164,69.2,55.4,56.6,68.7,82,86.3,2,6.3,3,6.2,HIGH,5.2,10.5
PRJ-5808,Airport,Gujarat,1599.22,36,64.8,46.8,18.0,59.6,1.274,44.0,31.7,52.8,52.4,172,71.6,8,7.7,3,7.3,CRITICAL,12.6,22.4
PRJ-5809,Airport,Kerala,6949.23,38,44.8,27.2,17.6,33.0,1.213,63.4,63.7,60.2,67.1,100,55.3,2,5.0,3,6.5,HIGH,5.3,15.4
PRJ-5810,Airport,Kerala,2922.64,76,45.4,29.5,15.9,36.0,1.22,59.1,57.1,57.5,60.7,90,66.2,5,4.0,2,6.1,HIGH,6.4,17.5
PRJ-5811,Water Supply,Rajasthan,688.42,28,49.2,49.2,0.0,47.9,0.974,95.2,89.1,95.7,95.1,2,98.0,0,1.5,0,1.1,LOW,0.0,2.8
PRJ-5812,Irrigation,Uttar Pradesh,300.51,29,81.3,79.3,2.0,88.3,1.113,79.5,71.9,73.2,84.0,27,96.1,5,2.1,0,4.8,MEDIUM,2.5,8.5
PRJ-5813,Metro,Uttar Pradesh,4530.99,44,50.3,29.2,21.1,36.0,1.233,62.1,57.0,67.0,65.4,94,56.9,2,4.7,1,5.8,HIGH,5.0,10.7
PRJ-5814,Highway,Uttar Pradesh,2026.88,54,51.5,46.2,5.3,48.6,1.052,79.1,73.0,74.5,82.7,20,94.1,2,2.4,0,3.6,MEDIUM,2.4,7.3
PRJ-5815,Irrigation,West Bengal,3684.81,22,60.1,52.1,8.0,55.2,1.06,81.1,84.6,83.0,77.8,28,89.0,0,3.6,0,2.5,MEDIUM,2.4,8.5
PRJ-5816,Airport,Jammu & Kashmir,3198.43,68,75.2,75.2,0.0,73.0,0.971,92.8,91.1,92.0,92.8,6,100.0,0,2.5,0,1.6,LOW,0.1,1.0
PRJ-5817,Airport,Gujarat,5373.86,51,73.6,73.3,0.3,72.5,0.989,89.7,93.1,91.2,97.7,7,96.6,0,0.7,0,1.1,LOW,0.2,1.1
PRJ-5818,Water Supply,Bihar,1016.78,13,35.1,11.5,23.6,13.9,1.209,55.2,67.0,64.8,60.6,82,32.6,3,5.6,3,6.9,HIGH,8.0,11.4
PRJ-5819,Airport,Jammu & Kashmir,2981.95,40,34.1,20.1,14.0,21.9,1.09,60.5,66.1,66.2,67.2,99,62.1,1,8.0,1,5.4,HIGH,6.6,17.5
PRJ-5820,Irrigation,Andhra Pradesh,383.77,24,20.1,20.1,0.0,21.2,1.055,93.6,98.1,90.6,96.9,3,96.8,2,1.1,0,0.6,LOW,0.1,2.1
PRJ-5821,Airport,Gujarat,2488.57,79,57.2,50.6,6.6,53.4,1.055,80.8,78.6,78.7,74.8,38,91.3,2,1.7,0,2.7,MEDIUM,1.9,7.5
PRJ-5822,Railway,Maharashtra,9705.9,46,35.7,21.6,14.1,25.2,1.167,56.1,66.3,68.0,55.3,78,62.0,3,6.7,3,5.8,HIGH,8.1,9.3
PRJ-5823,Urban Development,Karnataka,783.97,28,22.2,4.0,18.2,5.0,1.25,55.7,64.9,69.6,68.4,97,21.4,2,3.1,1,6.6,HIGH,6.2,15.8
PRJ-5824,Irrigation,Kerala,1442.91,34,80.7,80.7,0.0,77.2,0.957,90.7,98.1,89.0,91.8,0,100.0,0,3.2,0,0.7,LOW,0.4,0.0
PRJ-5825,Irrigation,Uttarakhand,776.44,31,37.2,25.9,11.3,29.3,1.131,68.5,56.7,57.5,68.8,94,71.7,2,6.9,1,5.8,HIGH,3.8,13.8
PRJ-5826,Irrigation,Rajasthan,174.82,36,61.1,61.1,0.0,63.9,1.046,88.9,91.4,92.0,94.5,7,100.0,1,0.8,0,0.5,LOW,0.1,1.5
PRJ-5827,Airport,West Bengal,2501.77,43,62.8,62.8,0.0,64.1,1.021,91.7,89.0,93.4,88.9,0,97.5,1,1.3,0,1.6,LOW,0.4,1.7
PRJ-5828,Water Supply,Tamil Nadu,2053.65,21,59.3,59.2,0.1,58.1,0.981,89.2,92.4,94.6,88.6,0,99.7,0,1.9,0,1.2,LOW,0.3,0.0
PRJ-5829,Railway,Karnataka,6429.1,52,78.8,78.5,0.3,77.7,0.99,89.8,87.4,88.0,91.9,1,96.5,0,0.3,0,0.5,LOW,0.4,0.9
PRJ-5830,Railway,Uttar Pradesh,3447.66,78,40.1,33.0,7.1,34.5,1.045,82.6,73.8,72.3,82.4,34,82.0,0,3.1,1,3.5,MEDIUM,3.5,7.6
PRJ-5831,Bridge,West Bengal,5549.75,32,85.4,60.3,25.1,79.1,1.312,36.2,47.9,51.9,40.7,206,74.0,9,5.9,3,8.3,CRITICAL,9.8,27.7
PRJ-5832,Power Infrastructure,Gujarat,3378.36,37,40.8,18.8,22.0,23.6,1.255,60.2,64.6,61.3,61.0,52,43.7,3,6.7,1,5.5,HIGH,4.7,11.0
PRJ-5833,Railway,Himachal Pradesh,3269.93,40,56.6,48.6,8.0,55.7,1.146,67.3,52.0,65.9,59.0,101,86.4,3,5.4,2,7.1,HIGH,5.1,12.4
PRJ-5834,Irrigation,Telangana,1199.64,19,40.6,40.6,0.0,41.8,1.03,98.9,98.3,92.7,91.8,0,94.6,0,2.0,0,1.0,LOW,0.0,0.5
PRJ-5835,Power Infrastructure,West Bengal,508.14,41,90.6,90.6,0.0,91.8,1.013,90.8,94.9,98.7,95.5,1,100.0,1,1.6,0,1.1,LOW,0.1,1.2
PRJ-5836,Urban Development,Karnataka,2453.92,40,66.9,63.4,3.5,67.8,1.069,83.1,76.3,72.3,70.6,27,94.7,3,4.0,0,2.9,MEDIUM,1.8,9.2
PRJ-5837,Highway,Karnataka,3830.0,31,77.0,73.9,3.1,74.4,1.007,90.8,93.5,89.3,85.8,7,96.1,0,0.8,0,2.1,LOW,0.1,1.5
PRJ-5838,Bridge,Odisha,1735.0,28,43.8,21.0,22.8,24.6,1.171,62.3,53.7,64.1,61.4,63,46.6,3,3.4,3,6.3,HIGH,7.9,15.4
PRJ-5839,Urban Development,Madhya Pradesh,538.71,33,23.7,20.8,2.9,21.6,1.038,88.2,96.4,88.1,90.0,2,89.5,1,0.7,0,1.4,LOW,0.1,1.2
PRJ-5840,Urban Development,Kerala,340.84,23,37.9,26.3,11.6,29.0,1.103,69.2,55.5,58.2,60.0,80,69.8,2,8.1,3,7.1,HIGH,7.3,16.4
PRJ-5841,Irrigation,Delhi NCR,415.64,24,58.0,56.8,1.2,59.7,1.051,92.5,86.6,89.8,87.3,2,98.4,1,2.1,0,1.0,LOW,0.4,1.5
PRJ-5842,Railway,Odisha,3941.02,55,38.9,18.7,20.2,23.0,1.23,37.4,43.2,43.1,32.1,149,51.5,6,8.6,5,7.6,CRITICAL,10.2,26.8
PRJ-5843,Railway,Jammu & Kashmir,5506.38,28,83.0,53.3,29.7,68.2,1.28,37.5,47.7,39.3,48.9,163,58.9,6,10.0,2,8.0,CRITICAL,14.2,18.0
PRJ-5844,Water Supply,Uttarakhand,810.33,21,91.1,77.8,13.3,89.8,1.154,64.2,67.2,64.6,67.5,51,88.2,3,4.3,1,6.0,HIGH,4.5,11.2
PRJ-5845,Urban Development,Maharashtra,1876.05,28,62.8,31.9,30.9,43.3,1.357,52.5,30.6,40.5,48.2,175,47.6,7,5.2,2,7.9,CRITICAL,6.5,17.3
PRJ-5846,Metro,Madhya Pradesh,4221.22,32,45.7,40.2,5.5,44.4,1.104,76.9,81.8,72.6,77.3,33,85.8,2,2.3,1,3.0,MEDIUM,2.1,6.4
PRJ-5847,Metro,Telangana,5864.85,54,54.8,51.1,3.7,53.2,1.041,74.8,76.7,79.2,72.1,18,99.7,2,4.5,0,4.2,MEDIUM,1.5,7.2
PRJ-5848,Highway,Uttar Pradesh,683.35,39,45.4,31.9,13.5,37.8,1.185,61.5,57.1,58.5,68.8,104,72.3,4,6.4,2,6.2,HIGH,3.8,15.0
PRJ-5849,Bridge,Assam,6409.48,41,29.6,29.6,0.0,29.3,0.99,96.6,88.0,96.6,89.4,2,98.0,0,3.0,0,0.6,LOW,0.0,0.7
PRJ-5850,Power Infrastructure,Himachal Pradesh,1406.77,29,81.1,52.5,28.6,66.6,1.269,37.6,31.0,40.6,33.2,150,62.8,5,8.8,5,8.3,CRITICAL,10.9,25.5
PRJ-5851,Urban Development,Tamil Nadu,731.08,25,71.9,56.4,15.5,65.5,1.161,67.1,56.9,55.9,60.7,73,84.1,0,6.9,2,5.4,HIGH,5.2,14.0
PRJ-5852,Metro,Delhi NCR,8303.48,46,71.4,68.4,3.0,72.3,1.057,79.0,76.4,79.3,74.6,37,95.6,0,1.9,1,4.2,MEDIUM,2.4,4.7
PRJ-5853,Urban Development,Assam,1393.13,27,79.5,62.7,16.8,77.9,1.242,59.5,54.7,65.8,64.0,49,80.5,6,5.9,1,5.0,HIGH,5.1,13.0
PRJ-5854,Urban Development,Assam,1008.7,36,83.0,83.0,0.0,82.9,0.999,90.9,91.7,92.0,94.1,10,100.0,0,3.1,0,2.1,LOW,0.3,2.1
PRJ-5855,Water Supply,Madhya Pradesh,873.38,18,87.1,86.2,0.9,86.8,1.007,98.0,90.3,98.2,94.3,0,95.0,0,1.6,0,1.7,LOW,0.4,1.0
PRJ-5856,Bridge,Bihar,2048.87,53,27.2,2.0,25.2,5.0,2.5,53.5,41.5,36.8,32.1,104,15.0,6,6.3,5,7.2,CRITICAL,13.8,35.9
PRJ-5857,Highway,Bihar,1397.3,39,86.9,86.3,0.6,85.1,0.986,97.5,94.0,99.5,88.2,0,99.3,0,0.7,0,1.2,LOW,0.0,2.0
PRJ-5858,Bridge,Maharashtra,7715.66,34,90.2,71.0,19.2,88.9,1.252,65.0,65.5,58.7,61.8,82,75.7,3,4.8,2,5.6,HIGH,5.1,16.8
PRJ-5859,Urban Development,Delhi NCR,192.1,12,24.8,18.2,6.6,20.0,1.099,82.4,71.5,83.6,79.2,44,70.4,2,4.1,1,3.8,MEDIUM,2.6,6.7
PRJ-5860,Urban Development,Uttarakhand,223.85,16,74.1,59.3,14.8,75.1,1.266,67.6,63.4,59.2,62.7,58,78.0,5,4.6,2,6.9,HIGH,4.9,16.6
PRJ-5861,Airport,Telangana,2134.91,44,84.7,80.4,4.3,85.9,1.068,82.4,83.0,72.3,77.5,36,97.5,1,1.9,1,4.1,MEDIUM,2.6,6.5
PRJ-5862,Bridge,Telangana,966.28,19,72.2,38.6,33.6,54.3,1.407,45.2,47.6,47.4,42.0,175,49.9,8,5.0,3,8.5,CRITICAL,12.6,28.8
PRJ-5863,Airport,Himachal Pradesh,2916.65,26,90.8,89.5,1.3,89.8,1.003,97.3,91.2,98.2,86.9,1,97.3,1,2.5,0,2.2,LOW,0.0,1.9
PRJ-5864,Railway,Bihar,11030.13,63,72.3,51.5,20.8,67.2,1.305,37.5,31.7,49.2,51.8,110,68.3,9,6.4,3,7.8,CRITICAL,10.1,26.8
PRJ-5865,Bridge,Uttar Pradesh,2931.76,50,91.2,88.4,2.8,91.8,1.038,83.4,75.3,76.2,73.6,32,96.2,3,4.0,0,3.2,MEDIUM,2.8,6.1
PRJ-5866,Urban Development,Rajasthan,3529.32,30,72.2,71.9,0.3,73.3,1.019,93.2,97.5,96.5,88.5,7,95.9,0,1.8,0,1.6,LOW,0.1,0.9
PRJ-5867,Airport,Uttar Pradesh,1782.01,59,62.8,37.8,25.0,47.2,1.249,51.0,51.8,47.9,42.6,186,62.9,6,6.1,2,7.5,CRITICAL,14.3,27.5
PRJ-5868,Metro,Madhya Pradesh,2048.81,74,55.4,40.3,15.1,47.5,1.179,70.9,59.3,60.3,68.5,73,69.9,3,4.7,3,6.2,HIGH,5.6,15.6
PRJ-5869,Metro,Madhya Pradesh,3636.91,42,32.4,31.6,0.8,31.0,0.981,88.8,89.3,89.4,94.0,4,94.0,0,1.8,0,2.0,LOW,0.0,2.1
PRJ-5870,Highway,Rajasthan,1503.78,45,47.3,35.1,12.2,41.5,1.182,60.7,60.4,64.4,65.3,75,75.6,3,4.1,3,5.5,HIGH,5.4,16.0
PRJ-5871,Bridge,Himachal Pradesh,3458.7,27,63.1,63.1,0.0,63.3,1.003,98.6,93.6,99.8,97.0,5,100.0,0,2.2,0,1.2,LOW,0.3,2.3
PRJ-5872,Railway,Maharashtra,11479.96,43,64.2,47.2,17.0,55.2,1.169,61.7,64.3,63.5,59.7,68,77.6,4,5.5,1,5.3,HIGH,7.0,13.7
PRJ-5873,Irrigation,Kerala,301.75,16,90.8,85.9,4.9,90.8,1.057,78.1,79.3,77.4,77.1,30,93.3,1,3.2,1,4.8,MEDIUM,2.7,6.8
PRJ-5874,Irrigation,Tamil Nadu,3443.75,28,58.4,38.6,19.8,46.0,1.192,55.7,59.6,55.4,57.2,57,63.7,4,5.0,1,5.3,HIGH,6.2,14.8
PRJ-5875,Urban Development,Madhya Pradesh,654.88,21,57.6,49.6,8.0,53.6,1.081,69.4,67.0,56.0,55.3,53,88.0,2,6.4,3,5.2,HIGH,5.7,18.3
PRJ-5876,Metro,Odisha,2847.21,57,43.0,43.0,0.0,42.1,0.979,93.4,86.0,88.4,97.1,3,100.0,0,1.0,0,1.0,LOW,0.0,1.6
PRJ-5877,Airport,Andhra Pradesh,6220.7,44,54.9,26.7,28.2,35.3,1.322,41.2,37.6,52.7,49.1,135,54.6,3,8.3,3,8.8,CRITICAL,14.0,25.6
PRJ-5878,Highway,Maharashtra,1048.03,37,47.5,34.4,13.1,40.2,1.169,68.9,54.4,62.4,66.6,68,70.6,3,4.5,2,6.7,HIGH,6.8,11.1
PRJ-5879,Irrigation,Rajasthan,4598.03,16,37.4,2.0,35.4,5.0,2.5,45.6,44.1,41.6,38.8,167,15.0,7,9.3,3,7.3,CRITICAL,10.2,23.4
PRJ-5880,Airport,Bihar,1348.17,60,20.8,2.0,18.8,5.0,2.5,50.6,38.5,47.4,34.2,180,15.0,4,8.7,3,8.8,CRITICAL,15.2,20.8
PRJ-5881,Airport,Maharashtra,4403.98,40,53.2,52.2,1.0,54.4,1.042,98.1,88.0,93.7,88.9,2,100.0,0,1.7,0,1.2,LOW,0.5,0.7
PRJ-5882,Urban Development,Gujarat,2526.3,39,42.1,41.6,0.5,42.9,1.031,95.6,96.6,93.9,92.7,1,96.8,2,0.3,0,2.0,LOW,0.4,0.2
PRJ-5883,Water Supply,Madhya Pradesh,1147.62,13,35.9,4.1,31.8,5.2,1.268,48.0,41.8,43.3,42.6,163,15.3,4,8.8,5,8.1,CRITICAL,15.6,28.8
PRJ-5884,Urban Development,West Bengal,674.36,31,21.6,21.6,0.0,22.5,1.042,90.2,89.7,97.8,86.0,0,98.8,1,0.4,0,0.7,LOW,0.0,1.1
PRJ-5885,Power Infrastructure,Rajasthan,915.31,26,20.2,18.4,1.8,18.6,1.011,88.6,93.2,97.3,92.4,1,94.5,0,1.5,0,1.1,LOW,0.1,0.9
PRJ-5886,Irrigation,Madhya Pradesh,1261.63,20,27.5,27.5,0.0,27.8,1.011,89.5,90.2,97.8,96.7,5,99.2,2,1.7,0,1.0,LOW,0.3,0.8
PRJ-5887,Bridge,Assam,1253.84,50,42.8,38.8,4.0,39.7,1.023,83.4,73.2,76.6,75.8,39,92.8,1,4.3,0,3.2,MEDIUM,1.6,4.3
PRJ-5888,Metro,Delhi NCR,1496.43,49,78.2,60.6,17.6,72.8,1.201,66.1,55.9,67.5,60.2,72,72.3,6,6.7,2,6.6,HIGH,6.2,12.2
PRJ-5889,Bridge,Odisha,3467.87,29,53.5,52.4,1.1,55.2,1.053,88.9,89.6,94.2,90.5,3,97.3,0,2.1,0,0.8,LOW,0.0,0.2
PRJ-5890,Irrigation,Karnataka,775.67,22,46.7,19.5,27.2,24.9,1.277,52.1,47.9,42.5,34.2,122,42.1,7,5.8,4,7.5,CRITICAL,11.7,29.4
PRJ-5891,Power Infrastructure,Tamil Nadu,3406.37,39,23.4,22.4,1.0,22.8,1.018,90.8,91.7,91.4,94.5,0,92.8,0,0.4,0,1.6,LOW,0.0,0.9
PRJ-5892,Power Infrastructure,Bihar,2172.42,21,65.0,65.0,0.0,62.9,0.968,97.9,96.7,98.6,97.8,0,99.5,1,0.3,0,0.8,LOW,0.3,1.3
PRJ-5893,Power Infrastructure,Bihar,2196.03,37,63.5,63.5,0.0,63.9,1.006,97.0,90.4,88.7,85.7,1,100.0,0,0.3,0,2.0,LOW,0.0,1.1
PRJ-5894,Metro,West Bengal,5741.26,51,21.2,12.2,9.0,13.2,1.082,77.1,71.7,80.3,77.2,21,52.9,1,4.0,0,3.6,MEDIUM,2.1,7.2
PRJ-5895,Power Infrastructure,Bihar,4436.75,19,21.5,5.8,15.7,6.7,1.155,66.1,68.2,61.2,62.7,64,24.5,1,5.7,1,7.1,HIGH,5.6,12.4
PRJ-5896,Airport,Maharashtra,4455.0,53,20.2,2.0,18.2,5.0,2.5,40.9,44.8,49.4,49.0,168,15.0,5,8.7,2,8.2,CRITICAL,12.8,28.1
PRJ-5897,Airport,Bihar,2498.41,51,70.6,51.3,19.3,63.3,1.234,65.0,67.1,59.6,66.3,90,70.1,5,6.4,3,5.3,HIGH,4.5,14.0
PRJ-5898,Metro,Assam,4807.14,36,66.8,29.9,36.9,39.1,1.308,45.4,40.3,41.8,39.5,147,45.2,3,10.0,2,8.0,CRITICAL,10.4,33.2
PRJ-5899,Bridge,Tamil Nadu,793.89,28,73.9,73.3,0.6,75.2,1.026,98.1,91.0,98.8,94.9,5,95.5,1,1.3,0,0.7,LOW,0.1,1.8
PRJ-5900,Metro,Tamil Nadu,3169.38,49,36.7,36.7,0.0,39.0,1.063,98.4,90.9,95.4,96.0,0,100.0,2,0.7,0,2.0,LOW,0.3,1.6
PRJ-5901,Water Supply,Rajasthan,397.19,30,31.0,29.4,1.6,30.6,1.041,92.1,94.5,88.4,90.3,0,97.1,0,1.0,0,1.8,LOW,0.2,1.7
PRJ-5902,Power Infrastructure,Assam,1351.94,24,31.4,5.2,26.2,6.9,1.327,44.6,40.5,40.3,41.5,102,15.0,4,9.1,4,8.8,CRITICAL,11.5,29.1
PRJ-5903,Railway,Uttarakhand,3713.72,36,30.9,11.4,19.5,14.4,1.263,62.5,55.4,56.4,65.3,88,34.9,5,7.8,2,5.8,HIGH,6.9,18.2
PRJ-5904,Metro,Maharashtra,3052.14,72,28.7,22.4,6.3,23.1,1.031,72.4,80.6,74.0,81.4,48,76.5,0,3.9,1,3.3,MEDIUM,1.9,7.7
PRJ-5905,Railway,Assam,2140.13,39,90.2,60.7,29.5,78.1,1.287,42.0,49.9,45.4,43.3,144,68.7,4,9.5,5,7.1,CRITICAL,10.4,19.5
PRJ-5906,Water Supply,Maharashtra,1230.82,41,35.9,2.0,33.9,5.0,2.5,35.4,36.2,53.8,39.8,194,15.0,8,5.6,2,7.8,CRITICAL,10.7,17.9
PRJ-5907,Railway,Maharashtra,1760.86,65,69.8,41.0,28.8,52.1,1.271,44.1,44.2,41.7,49.7,134,55.3,4,5.3,3,9.2,CRITICAL,6.5,27.0
PRJ-5908,Highway,Karnataka,2343.9,22,56.7,46.9,9.8,54.7,1.166,70.1,65.6,58.4,56.0,58,84.5,5,3.4,1,6.0,HIGH,7.0,15.4
PRJ-5909,Bridge,Tamil Nadu,5400.64,37,39.1,39.0,0.1,38.6,0.99,89.7,95.6,96.3,90.9,2,100.0,0,2.3,0,1.6,LOW,0.4,0.6
PRJ-5910,Airport,Karnataka,2787.11,57,37.8,24.2,13.6,28.4,1.174,70.6,68.0,66.6,55.1,77,62.9,3,3.2,3,6.5,HIGH,7.2,17.7
PRJ-5911,Highway,Maharashtra,2892.73,50,86.6,86.6,0.0,89.1,1.029,88.6,95.9,91.9,90.8,3,100.0,0,1.7,0,0.7,LOW,0.0,0.4
PRJ-5912,Railway,Himachal Pradesh,1445.96,62,54.3,54.3,0.0,53.0,0.976,96.9,88.0,89.4,91.0,0,100.0,0,2.3,0,1.1,LOW,0.0,0.0
PRJ-5913,Irrigation,Tamil Nadu,206.42,37,22.0,22.0,0.0,23.3,1.059,96.3,90.2,94.3,97.2,4,100.0,0,1.8,0,0.6,LOW,0.2,1.9
PRJ-5914,Bridge,Karnataka,1832.34,49,24.1,2.0,22.1,5.0,2.5,41.5,40.4,50.4,46.1,202,15.0,5,8.2,2,9.0,CRITICAL,9.2,31.5
PRJ-5915,Power Infrastructure,Delhi NCR,5901.55,45,33.4,29.7,3.7,31.7,1.067,80.6,83.9,82.8,74.7,46,83.8,1,1.9,0,3.8,MEDIUM,1.8,5.0
PRJ-5916,Metro,Telangana,2203.76,37,54.3,54.3,0.0,56.2,1.035,88.6,89.3,97.8,86.8,3,95.1,0,2.1,0,1.2,LOW,0.2,1.6
PRJ-5917,Irrigation,Jammu & Kashmir,1377.14,33,29.9,2.7,27.2,5.0,1.852,42.1,39.7,51.6,52.1,189,15.0,7,8.8,2,8.6,CRITICAL,13.7,27.5
PRJ-5918,Metro,Rajasthan,2981.19,75,26.3,24.1,2.2,24.5,1.017,97.2,87.2,92.9,89.4,2,91.6,1,1.4,0,2.2,LOW,0.2,0.5
PRJ-5919,Highway,Himachal Pradesh,1149.77,38,59.9,56.1,3.8,58.4,1.041,72.4,79.7,79.1,83.7,18,94.6,1,5.2,0,2.7,MEDIUM,2.5,4.6
PRJ-5920,Airport,Himachal Pradesh,5092.8,35,49.9,43.8,6.1,48.2,1.1,79.0,82.4,72.8,78.8,29,87.7,3,4.8,1,3.1,MEDIUM,1.9,8.7
PRJ-5921,Railway,Maharashtra,8642.11,24,49.1,48.1,1.0,50.0,1.04,96.0,96.7,98.0,91.4,0,97.0,1,2.1,0,1.2,LOW,0.0,1.5
PRJ-5922,Highway,Gujarat,4425.43,18,50.6,45.7,4.9,47.0,1.028,72.5,81.0,82.6,70.6,36,91.2,1,1.6,1,3.8,MEDIUM,1.9,8.8
PRJ-5923,Urban Development,Telangana,1863.74,28,36.0,8.1,27.9,10.9,1.346,41.9,34.7,53.4,49.4,190,21.2,5,6.5,3,7.2,CRITICAL,12.3,17.4
PRJ-5924,Railway,Uttarakhand,7515.72,68,58.2,53.0,5.2,56.2,1.06,79.0,73.0,83.9,72.6,33,95.4,0,5.2,1,2.8,MEDIUM,2.6,7.0
PRJ-5925,Water Supply,Karnataka,618.54,33,91.8,67.1,24.7,84.1,1.253,42.5,42.1,44.6,42.3,129,78.3,6,8.1,3,8.0,CRITICAL,12.4,25.4
PRJ-5926,Highway,Rajasthan,5074.81,43,51.7,39.8,11.9,47.5,1.193,60.3,58.0,63.5,64.5,52,74.8,2,4.3,2,6.9,HIGH,4.9,10.5
PRJ-5927,Highway,Rajasthan,1394.27,40,86.2,81.4,4.8,87.7,1.077,73.2,70.2,77.0,83.2,24,92.8,4,2.1,0,3.8,MEDIUM,2.7,4.4
PRJ-5928,Water Supply,Assam,1901.51,15,57.1,55.8,1.3,58.5,1.048,88.4,99.0,99.5,95.1,7,98.3,1,1.4,0,0.7,LOW,0.4,0.9
PRJ-5929,Metro,Kerala,3037.22,71,45.8,17.8,28.0,23.0,1.292,44.2,32.4,38.7,50.9,165,42.9,4,9.8,5,8.0,CRITICAL,13.6,18.9
PRJ-5930,Airport,Rajasthan,4461.15,57,24.9,2.0,22.9,5.0,2.5,37.7,51.7,52.9,36.7,172,15.0,5,8.3,3,8.4,CRITICAL,14.4,36.1
PRJ-5931,Water Supply,Gujarat,263.79,16,33.8,26.5,7.3,28.8,1.087,72.1,75.2,81.6,75.4,28,77.1,1,2.1,0,3.7,MEDIUM,1.4,3.8
PRJ-5932,Power Infrastructure,Bihar,1229.89,34,34.2,18.4,15.8,22.7,1.234,60.2,57.4,55.9,64.9,79,50.5,6,3.4,3,5.7,HIGH,4.5,13.7
PRJ-5933,Railway,Rajasthan,4604.34,69,87.8,87.1,0.7,87.4,1.003,90.7,88.1,97.9,94.3,0,99.1,0,0.9,0,1.2,LOW,0.6,1.5
PRJ-5934,Railway,Telangana,8871.91,49,59.2,53.6,5.6,55.3,1.032,75.7,75.3,72.6,81.7,38,89.9,0,3.8,1,3.9,MEDIUM,1.8,7.3
PRJ-5935,Irrigation,Tamil Nadu,1069.22,26,45.6,36.7,8.9,40.2,1.095,81.7,82.6,74.5,75.8,31,85.6,2,2.9,0,4.5,MEDIUM,2.3,7.9
PRJ-5936,Irrigation,Gujarat,3411.72,38,85.7,59.2,26.5,74.3,1.255,35.8,49.3,37.0,42.9,165,67.7,5,5.4,3,8.6,CRITICAL,14.8,24.2
PRJ-5937,Irrigation,Tamil Nadu,321.66,21,51.7,32.2,19.5,37.9,1.177,55.7,58.0,55.5,64.2,78,63.5,2,3.2,2,7.2,HIGH,5.5,9.8
PRJ-5938,Highway,Karnataka,1612.52,24,72.8,72.5,0.3,68.1,0.939,88.3,98.4,97.1,89.7,5,95.1,0,0.9,0,1.4,LOW,0.2,1.2
PRJ-5939,Metro,Odisha,4298.8,26,88.7,71.0,17.7,80.5,1.134,55.5,62.1,67.3,58.4,64,79.9,1,3.8,3,5.6,HIGH,6.8,18.0
PRJ-5940,Urban Development,Andhra Pradesh,496.71,28,78.9,60.1,18.8,70.2,1.168,60.9,54.0,60.0,66.8,71,74.1,3,5.0,2,7.1,HIGH,4.2,14.9
PRJ-5941,Metro,Odisha,1268.6,47,90.0,89.4,0.6,90.2,1.009,89.5,86.7,92.2,95.6,0,98.7,0,0.3,0,1.6,LOW,0.4,3.0
PRJ-5942,Metro,Telangana,6912.28,46,38.3,18.1,20.2,22.4,1.238,52.1,39.7,50.0,38.5,120,46.5,6,8.5,3,8.1,CRITICAL,10.9,29.3
PRJ-5943,Airport,Kerala,1704.26,48,61.4,56.1,5.3,57.7,1.029,81.5,83.6,76.3,79.5,34,92.7,1,5.4,1,3.3,MEDIUM,1.9,8.0
PRJ-5944,Railway,Madhya Pradesh,4817.06,24,34.6,21.4,13.2,26.8,1.252,67.2,60.6,59.9,62.8,82,58.9,6,3.8,1,6.5,HIGH,5.6,14.5
PRJ-5945,Power Infrastructure,Kerala,6531.63,46,54.9,51.4,3.5,56.9,1.107,80.0,77.3,74.9,78.4,27,94.6,4,2.3,0,3.8,MEDIUM,2.0,5.2
PRJ-5946,Airport,Tamil Nadu,1563.01,38,46.1,36.4,9.7,40.7,1.118,57.5,65.7,63.3,57.8,81,80.1,4,6.3,2,6.2,HIGH,6.3,14.4
PRJ-5947,Highway,Karnataka,755.95,33,21.1,16.4,4.7,18.0,1.098,85.3,79.5,74.7,79.3,31,73.7,2,4.2,1,2.9,MEDIUM,2.2,6.6
PRJ-5948,Metro,Andhra Pradesh,5478.43,58,29.7,2.0,27.7,5.0,2.5,51.4,41.0,46.8,46.6,136,15.0,3,6.8,2,7.2,CRITICAL,13.1,27.1
PRJ-5949,Metro,Assam,1723.95,34,62.1,57.4,4.7,61.7,1.075,72.7,82.7,85.8,79.3,20,92.7,2,4.0,0,3.3,MEDIUM,2.3,6.8
PRJ-5950,Power Infrastructure,Jammu & Kashmir,1895.09,39,76.5,57.3,19.2,68.6,1.197,67.9,54.3,67.8,68.5,50,78.0,3,6.9,3,5.8,HIGH,5.2,15.2
PRJ-5951,Railway,Gujarat,6240.68,30,75.2,75.2,0.0,78.3,1.041,92.6,86.3,97.9,86.4,3,100.0,0,0.2,0,2.0,LOW,0.0,2.4
PRJ-5952,Water Supply,Madhya Pradesh,859.31,37,34.4,34.4,0.0,34.2,0.994,96.7,98.6,93.9,90.2,8,95.3,1,2.2,0,0.7,LOW,0.3,2.9
PRJ-5953,Metro,Tamil Nadu,2781.01,72,30.2,30.2,0.0,30.8,1.02,93.7,95.8,98.1,88.7,0,100.0,1,1.9,0,2.0,LOW,0.0,1.3
PRJ-5954,Irrigation,Karnataka,303.39,24,74.2,72.1,2.1,74.5,1.033,89.1,92.9,99.1,96.5,7,95.2,0,1.2,0,2.1,LOW,0.6,0.5
PRJ-5955,Metro,Assam,2527.18,39,88.8,74.8,14.0,90.2,1.206,63.5,54.4,61.8,61.6,79,88.1,4,5.7,3,6.4,HIGH,6.5,12.5
PRJ-5956,Irrigation,Andhra Pradesh,308.19,30,23.5,23.5,0.0,24.5,1.043,88.7,89.7,95.5,92.3,0,100.0,0,0.7,0,1.9,LOW,0.3,1.4
PRJ-5957,Power Infrastructure,Odisha,1331.83,27,71.6,53.7,17.9,62.9,1.171,63.9,61.6,62.9,60.3,82,75.7,3,3.8,1,6.4,HIGH,5.7,13.5
PRJ-5958,Power Infrastructure,Odisha,542.98,56,89.4,72.9,16.5,91.7,1.258,63.3,66.6,64.1,65.8,98,83.1,5,4.3,1,6.1,HIGH,6.9,14.9
PRJ-5959,Irrigation,Karnataka,677.15,17,48.2,19.7,28.5,28.1,1.426,48.7,36.7,52.4,32.2,163,41.5,10,7.2,4,7.5,CRITICAL,12.7,28.9
PRJ-5960,Bridge,Assam,4336.9,30,82.3,55.7,26.6,73.2,1.314,40.9,49.3,53.2,43.6,158,67.0,6,9.3,2,8.5,CRITICAL,11.8,26.5
PRJ-5961,Water Supply,Himachal Pradesh,510.03,23,25.3,23.8,1.5,24.5,1.029,78.7,71.0,81.8,71.1,34,89.1,0,4.5,0,3.1,MEDIUM,2.0,4.5
PRJ-5962,Power Infrastructure,Himachal Pradesh,2622.32,37,43.6,27.9,15.7,33.0,1.183,56.1,68.1,69.3,58.1,92,64.8,2,6.1,2,5.9,HIGH,6.3,13.3
PRJ-5963,Urban Development,Jammu & Kashmir,416.6,31,38.2,30.8,7.4,34.4,1.117,72.3,77.9,86.3,77.5,35,77.6,1,3.3,0,4.4,MEDIUM,2.5,7.2
PRJ-5964,Urban Development,Himachal Pradesh,340.41,23,23.7,17.8,5.9,19.8,1.112,83.3,78.1,85.8,72.4,26,79.0,2,5.0,0,4.0,MEDIUM,2.7,4.2
PRJ-5965,Bridge,Assam,757.61,26,55.4,47.9,7.5,52.9,1.104,75.5,77.2,74.4,76.2,41,82.2,1,4.0,1,3.0,MEDIUM,2.6,3.3
PRJ-5966,Railway,Odisha,2654.52,67,59.7,43.7,16.0,55.4,1.268,57.8,60.2,57.6,58.1,69,71.2,7,5.4,1,6.7,HIGH,4.3,12.5
PRJ-5967,Urban Development,Rajasthan,2841.61,26,86.8,86.7,0.1,91.6,1.057,93.0,92.3,94.5,97.0,2,100.0,0,0.4,0,1.6,LOW,0.2,1.7
PRJ-5968,Railway,Rajasthan,3502.86,44,73.0,49.6,23.4,65.7,1.325,36.6,49.0,49.4,46.2,174,70.1,8,9.3,3,7.7,CRITICAL,15.3,22.3
PRJ-5969,Irrigation,Maharashtra,164.35,41,33.1,21.1,12.0,24.2,1.147,62.5,67.3,54.3,66.2,57,64.8,3,5.2,3,6.6,HIGH,4.3,13.1
PRJ-5970,Bridge,Maharashtra,2736.45,39,81.0,79.4,1.6,84.1,1.059,80.6,75.5,81.3,71.9,28,95.7,1,2.2,0,3.0,MEDIUM,2.8,4.4
PRJ-5971,Irrigation,Himachal Pradesh,1756.67,34,91.4,91.4,0.0,88.7,0.97,96.2,87.1,93.4,87.5,0,97.4,0,1.5,0,0.5,LOW,0.1,1.3
PRJ-5972,Power Infrastructure,Karnataka,1079.69,49,37.6,35.5,2.1,36.8,1.037,85.9,79.4,80.0,77.4,41,92.2,3,1.6,1,4.4,MEDIUM,3.2,7.0
PRJ-5973,Railway,Uttar Pradesh,5121.45,48,80.5,79.4,1.1,82.5,1.039,89.5,98.1,95.0,97.7,0,89.4,0,2.3,0,2.1,LOW,0.2,1.2
PRJ-5974,Irrigation,Kerala,751.91,25,30.4,2.0,28.4,5.0,2.5,53.1,50.9,36.4,40.1,154,15.0,5,7.1,5,8.5,CRITICAL,14.1,29.8
PRJ-5975,Metro,Telangana,3770.81,55,90.3,78.9,11.4,84.7,1.074,62.3,68.2,55.1,61.0,80,92.6,1,5.4,3,5.8,HIGH,5.1,17.1
PRJ-5976,Power Infrastructure,Karnataka,1817.08,28,48.7,48.7,0.0,51.2,1.051,88.7,91.5,97.9,97.0,0,93.8,2,1.6,0,1.1,LOW,0.0,1.8
PRJ-5977,Urban Development,Odisha,760.74,12,58.3,58.3,0.0,59.8,1.026,98.6,95.2,98.4,92.6,2,100.0,1,1.3,0,1.9,LOW,0.2,0.0
PRJ-5978,Bridge,West Bengal,1060.23,46,39.2,26.4,12.8,30.1,1.14,67.9,57.1,60.4,56.1,99,70.4,1,6.1,1,5.4,HIGH,4.4,13.5
PRJ-5979,Bridge,Uttar Pradesh,709.35,40,87.2,81.1,6.1,91.3,1.126,77.3,77.4,74.8,79.1,27,94.5,6,3.5,0,3.6,MEDIUM,2.6,8.2
PRJ-5980,Metro,Gujarat,2696.21,33,46.4,46.4,0.0,48.9,1.054,90.4,95.5,91.5,87.6,0,96.1,0,1.9,0,0.6,LOW,0.1,1.3
PRJ-5981,Metro,Assam,2246.84,53,67.6,39.8,27.8,53.1,1.334,47.8,41.1,45.6,53.3,217,55.6,4,6.0,3,9.0,CRITICAL,10.1,28.8
PRJ-5982,Highway,Odisha,3347.12,40,59.9,33.5,26.4,42.1,1.257,39.7,36.5,45.9,38.6,167,55.3,4,7.6,3,8.1,CRITICAL,14.0,32.6
PRJ-5983,Irrigation,Uttar Pradesh,218.99,21,31.1,17.0,14.1,19.4,1.141,60.9,58.9,64.8,64.8,55,48.3,3,5.6,2,5.1,HIGH,4.7,20.9
PRJ-5984,Railway,Tamil Nadu,4291.5,50,38.5,38.5,0.0,38.0,0.987,95.0,98.5,97.9,89.3,3,93.1,0,2.2,0,1.3,LOW,0.1,0.0
PRJ-5985,Power Infrastructure,Bihar,1218.11,22,21.0,16.6,4.4,18.2,1.096,77.1,79.8,80.3,80.2,30,80.4,3,4.4,1,3.2,MEDIUM,3.1,6.7
PRJ-5986,Highway,Karnataka,1563.29,48,86.5,86.5,0.0,85.7,0.991,95.7,90.2,98.4,94.6,1,100.0,0,1.7,0,1.6,LOW,0.4,0.3
PRJ-5987,Irrigation,Karnataka,259.25,25,28.9,22.1,6.8,22.0,0.995,77.8,77.3,82.0,76.6,32,75.7,0,2.3,0,3.6,MEDIUM,2.1,7.8
PRJ-5988,Railway,Rajasthan,4268.58,45,43.7,41.7,2.0,45.1,1.082,84.2,80.6,78.4,83.6,25,93.8,3,1.9,0,4.7,MEDIUM,2.6,6.9
PRJ-5989,Railway,Maharashtra,2614.08,38,53.8,51.1,2.7,50.8,0.994,95.6,86.3,95.8,88.2,3,100.0,1,1.4,0,0.9,LOW,0.0,1.9
PRJ-5990,Water Supply,Karnataka,939.67,33,39.0,32.0,7.0,36.0,1.125,74.0,82.3,85.5,77.0,20,77.6,3,2.5,0,4.7,MEDIUM,3.0,5.2
PRJ-5991,Metro,Jammu & Kashmir,2123.97,60,34.6,30.7,3.9,32.1,1.046,80.2,70.0,85.1,72.3,17,87.4,1,3.8,1,3.0,MEDIUM,2.0,7.5
PRJ-5992,Metro,Uttarakhand,2249.35,46,30.8,30.8,0.0,30.7,0.997,94.9,86.2,88.4,97.3,2,97.8,0,1.1,0,0.6,LOW,0.7,0.7
PRJ-5993,Airport,Jammu & Kashmir,6027.82,51,55.9,51.0,4.9,54.0,1.059,79.3,79.8,79.7,80.5,28,90.8,1,4.7,0,4.5,MEDIUM,3.0,4.5
PRJ-5994,Water Supply,Andhra Pradesh,2263.29,33,25.3,25.3,0.0,25.9,1.024,89.3,99.0,97.7,96.3,0,100.0,2,2.2,0,1.4,LOW,0.2,0.6
PRJ-5995,Power Infrastructure,Maharashtra,1787.95,42,44.7,30.5,14.2,35.9,1.177,69.2,60.1,58.2,68.2,82,67.6,5,3.5,2,5.9,HIGH,4.7,11.5
PRJ-5996,Airport,Gujarat,1819.63,50,46.5,15.9,30.6,21.1,1.327,44.2,39.0,53.9,33.3,174,41.0,5,7.5,4,8.2,CRITICAL,9.6,27.1
PRJ-5997,Metro,Uttar Pradesh,2085.75,51,47.1,45.8,1.3,46.8,1.022,91.1,90.7,89.0,85.8,0,100.0,0,1.2,0,2.1,LOW,0.7,0.8
PRJ-5998,Highway,Bihar,773.06,18,46.9,46.6,0.3,47.8,1.026,94.5,97.1,90.0,94.3,11,95.8,1,2.3,0,1.1,LOW,0.2,0.7
PRJ-5999,Urban Development,Bihar,1898.76,37,35.7,35.7,0.0,36.7,1.028,89.7,98.8,88.3,86.8,3,100.0,0,0.3,0,0.8,LOW,0.1,0.0
PRJ-6000,Highway,Assam,1811.85,38,69.8,58.7,11.1,68.5,1.167,65.7,58.6,63.4,68.9,105,84.9,6,5.5,3,6.1,HIGH,5.8,14.2
PRJ-6001,Water Supply,Delhi NCR,401.66,17,89.7,81.6,8.1,88.1,1.08,59.9,62.3,61.4,67.8,75,86.9,3,7.0,1,6.3,HIGH,6.8,12.8
PRJ-6002,Urban Development,Madhya Pradesh,629.25,39,67.0,66.5,0.5,66.2,0.995,94.6,97.8,99.0,95.7,4,100.0,0,2.4,0,1.1,LOW,0.3,1.0
PRJ-6003,Urban Development,Telangana,601.66,34,54.9,41.1,13.8,47.9,1.165,57.8,67.3,63.9,64.0,63,73.8,3,4.3,1,7.1,HIGH,5.8,12.0
PRJ-6004,Bridge,Odisha,1611.96,30,38.8,23.8,15.0,27.3,1.147,66.7,66.2,64.9,65.9,75,62.6,6,5.7,3,6.7,HIGH,6.9,16.9
PRJ-6005,Metro,Madhya Pradesh,4589.06,46,20.1,3.4,16.7,5.0,1.471,57.4,55.7,58.3,55.6,91,17.3,2,3.1,1,6.2,HIGH,5.9,11.6
PRJ-6006,Railway,Uttarakhand,3804.73,59,72.4,61.4,11.0,69.8,1.137,65.2,63.5,62.6,60.6,93,86.1,4,4.8,1,5.7,HIGH,6.3,13.0
PRJ-6007,Water Supply,Karnataka,166.81,12,66.2,65.8,0.4,65.1,0.989,96.2,92.1,88.1,95.7,0,100.0,0,1.4,0,1.5,LOW,0.3,0.0
PRJ-6008,Bridge,Assam,2872.88,56,41.3,25.5,15.8,28.4,1.114,64.1,64.9,60.7,55.8,90,66.8,2,8.0,3,5.7,HIGH,6.2,7.6
PRJ-6009,Highway,Rajasthan,2300.63,30,37.8,31.2,6.6,32.9,1.054,79.7,71.7,85.0,83.6,39,80.7,1,3.7,1,3.7,MEDIUM,2.9,9.6
PRJ-6010,Water Supply,Bihar,1302.04,39,91.7,77.5,14.2,89.6,1.156,67.8,55.6,58.4,65.9,65,87.0,2,5.4,3,6.0,HIGH,6.5,10.1
PRJ-6011,Urban Development,Tamil Nadu,956.75,36,22.3,18.4,3.9,19.1,1.038,85.5,70.6,83.9,70.2,31,85.6,1,3.6,0,4.2,MEDIUM,1.6,4.5
PRJ-6012,Power Infrastructure,Jammu & Kashmir,1515.03,45,27.9,8.5,19.4,9.8,1.153,66.0,63.9,56.6,63.3,55,26.1,4,7.3,3,6.7,HIGH,6.2,12.6
PRJ-6013,Irrigation,Assam,635.31,31,69.4,69.1,0.3,70.9,1.026,93.0,89.7,88.5,88.2,0,100.0,0,1.9,0,1.7,LOW,0.3,0.7
PRJ-6014,Water Supply,Bihar,612.61,28,81.2,72.7,8.5,82.8,1.139,81.8,82.5,72.9,73.7,31,90.1,4,3.7,1,4.6,MEDIUM,2.0,9.4
PRJ-6015,Highway,Kerala,1333.8,43,88.9,72.1,16.8,87.1,1.208,56.8,66.9,66.4,67.0,69,83.0,4,6.2,1,7.0,HIGH,4.9,12.1
PRJ-6016,Water Supply,West Bengal,326.71,32,77.1,77.1,0.0,80.4,1.043,93.7,86.7,90.3,88.4,0,100.0,0,1.5,0,0.6,LOW,0.0,2.3
PRJ-6017,Airport,Gujarat,4940.73,64,59.8,47.1,12.7,53.9,1.144,56.4,56.6,57.3,60.0,81,74.3,3,4.1,2,6.4,HIGH,5.5,16.9
PRJ-6018,Railway,Tamil Nadu,2100.02,83,43.8,39.1,4.7,40.9,1.046,80.5,82.3,82.8,82.9,34,88.2,2,3.2,1,4.5,MEDIUM,1.7,5.7
PRJ-6019,Irrigation,Andhra Pradesh,549.69,41,21.6,20.5,1.1,19.5,0.951,98.8,89.5,98.7,85.5,3,97.9,0,2.2,0,1.8,LOW,0.3,0.3
PRJ-6020,Highway,Rajasthan,6611.98,33,50.9,45.8,5.1,48.7,1.063,82.1,77.2,83.8,74.4,38,87.1,1,2.7,0,3.7,MEDIUM,2.8,8.3
PRJ-6021,Airport,Bihar,2716.24,36,57.6,42.3,15.3,53.5,1.265,59.8,63.7,65.0,67.8,95,74.5,8,5.9,1,5.3,HIGH,8.1,16.0
PRJ-6022,Urban Development,Gujarat,583.2,15,66.2,61.0,5.2,63.5,1.041,86.0,70.6,79.1,78.5,52,88.4,0,2.9,0,2.9,MEDIUM,3.3,6.3
PRJ-6023,Railway,West Bengal,10058.62,65,52.6,49.6,3.0,51.2,1.032,94.1,95.6,89.7,88.7,4,92.4,0,1.4,0,0.8,LOW,0.0,2.0
PRJ-6024,Highway,Telangana,3937.99,32,20.6,14.6,6.0,15.3,1.048,84.2,84.3,85.3,70.4,23,66.8,2,4.2,1,4.7,MEDIUM,2.8,6.6
PRJ-6025,Bridge,Himachal Pradesh,1044.65,27,52.0,49.4,2.6,49.5,1.002,75.8,78.6,80.9,74.4,33,89.9,0,3.8,0,3.6,MEDIUM,3.0,6.8
PRJ-6026,Bridge,Uttar Pradesh,1719.97,19,70.3,60.1,10.2,68.1,1.133,65.9,66.7,54.6,63.0,56,83.7,4,6.3,3,5.8,HIGH,6.5,15.3
PRJ-6027,Bridge,Madhya Pradesh,475.6,21,58.2,30.1,28.1,37.6,1.249,40.6,42.5,50.9,48.8,135,54.4,6,7.0,3,8.6,CRITICAL,10.2,29.3
PRJ-6028,Railway,Uttar Pradesh,2780.31,50,84.5,65.2,19.3,77.7,1.192,63.3,64.6,64.2,68.2,58,77.1,4,5.9,3,5.7,HIGH,6.3,16.0
PRJ-6029,Power Infrastructure,Uttar Pradesh,2598.36,41,41.2,37.7,3.5,40.5,1.074,81.3,73.0,86.9,71.1,32,93.3,4,3.1,1,4.6,MEDIUM,1.8,4.5
PRJ-6030,Highway,Andhra Pradesh,1489.78,44,64.2,30.7,33.5,40.4,1.316,50.2,47.4,51.3,36.6,186,43.5,5,6.5,5,9.3,CRITICAL,11.3,25.6
PRJ-6031,Railway,Telangana,6530.35,39,37.6,32.0,5.6,35.3,1.103,80.1,76.8,72.4,81.7,42,82.8,3,3.0,0,4.0,MEDIUM,1.9,7.4
PRJ-6032,Highway,Kerala,1962.27,20,65.2,63.2,2.0,67.2,1.063,74.3,72.7,83.2,77.0,27,96.5,2,5.1,0,3.2,MEDIUM,3.2,6.0
PRJ-6033,Airport,Assam,2979.19,73,31.0,5.6,25.4,6.6,1.179,42.9,50.6,54.4,38.0,167,16.0,3,8.5,5,9.1,CRITICAL,10.6,20.9
PRJ-6034,Urban Development,West Bengal,1677.87,41,53.4,36.9,16.5,41.4,1.122,66.6,66.0,59.9,57.9,86,72.8,2,4.5,1,6.3,HIGH,5.8,14.3
PRJ-6035,Irrigation,Assam,233.31,36,29.4,29.4,0.0,28.8,0.98,88.4,88.4,96.7,89.4,2,96.2,0,2.3,0,1.5,LOW,0.3,1.3
PRJ-6036,Irrigation,Karnataka,3278.3,37,28.4,25.3,3.1,26.2,1.036,85.9,79.5,73.2,71.0,31,91.5,1,2.4,1,3.8,MEDIUM,2.2,7.5
PRJ-6037,Railway,Andhra Pradesh,7317.79,60,84.4,81.7,2.7,87.6,1.072,73.5,72.4,80.8,79.5,36,97.3,3,2.1,0,3.0,MEDIUM,2.0,3.7
PRJ-6038,Water Supply,Uttarakhand,1911.07,16,81.8,80.4,1.4,82.5,1.026,89.5,96.9,95.5,97.7,4,98.9,1,2.8,0,1.9,LOW,0.2,0.3
PRJ-6039,Railway,Uttarakhand,1487.86,60,27.9,19.9,8.0,23.1,1.161,65.2,53.3,54.1,65.3,102,73.9,5,7.2,1,5.4,HIGH,5.4,14.9
PRJ-6040,Metro,Maharashtra,1772.9,42,60.1,25.6,34.5,34.6,1.352,48.8,40.3,40.8,49.8,130,41.1,4,5.8,3,9.3,CRITICAL,9.2,26.4
PRJ-6041,Water Supply,Jammu & Kashmir,432.19,39,85.8,79.3,6.5,84.1,1.061,73.8,83.0,81.7,80.4,33,93.3,0,5.2,0,2.9,MEDIUM,2.3,5.9
PRJ-6042,Highway,Telangana,919.69,24,25.9,19.7,6.2,21.4,1.086,79.6,81.5,73.6,74.1,23,71.6,2,3.0,1,3.1,MEDIUM,2.2,6.4
PRJ-6043,Metro,Karnataka,1450.49,37,88.5,88.5,0.0,88.9,1.005,92.5,98.3,97.3,95.0,9,100.0,0,0.9,0,1.3,LOW,0.3,2.6
PRJ-6044,Power Infrastructure,Tamil Nadu,3340.46,33,83.5,82.0,1.5,88.9,1.084,76.1,72.5,82.0,70.5,46,90.6,3,2.3,1,3.3,MEDIUM,2.1,5.6
PRJ-6045,Railway,Rajasthan,2281.49,46,58.5,50.3,8.2,55.9,1.111,81.9,80.3,73.2,80.2,39,86.8,3,3.8,1,2.9,MEDIUM,0.8,7.7
PRJ-6046,Bridge,Karnataka,6548.69,43,55.7,54.9,0.8,53.4,0.973,91.5,93.4,98.7,90.5,1,94.6,0,1.7,0,1.0,LOW,0.4,0.4
PRJ-6047,Metro,Uttarakhand,1569.87,76,40.9,33.2,7.7,38.2,1.151,73.6,84.5,75.2,82.2,25,84.0,4,3.4,0,3.1,MEDIUM,3.5,6.9
PRJ-6048,Urban Development,Uttarakhand,1700.66,32,79.0,50.7,28.3,64.0,1.262,37.4,48.5,43.0,33.4,168,63.0,4,9.4,2,7.8,CRITICAL,11.4,30.3
PRJ-6049,Irrigation,Delhi NCR,891.15,32,89.7,89.5,0.2,89.5,1.0,97.5,94.3,98.2,94.6,6,98.0,0,1.4,0,0.7,LOW,0.2,0.3
PRJ-6050,Metro,Andhra Pradesh,14215.27,59,77.5,74.4,3.1,81.8,1.099,81.7,74.4,80.4,83.0,43,96.2,3,2.3,0,3.1,MEDIUM,2.9,6.2
PRJ-6051,Airport,Kerala,4642.58,59,52.5,51.7,0.8,51.4,0.994,98.2,98.8,96.7,97.5,1,100.0,1,3.4,0,0.8,LOW,0.4,1.3
PRJ-6052,Water Supply,Uttar Pradesh,751.98,20,68.0,52.4,15.6,60.7,1.158,63.0,62.8,63.9,61.2,93,76.3,4,4.9,1,5.4,HIGH,5.9,12.3
PRJ-6053,Water Supply,Rajasthan,331.91,28,46.9,26.1,20.8,31.9,1.222,67.4,68.3,64.5,60.1,74,52.3,1,3.9,3,7.0,HIGH,5.5,13.1
PRJ-6054,Bridge,Tamil Nadu,2245.64,49,56.9,50.8,6.1,56.8,1.118,78.1,75.2,76.2,80.8,27,88.5,2,4.1,1,4.0,MEDIUM,2.7,5.2
PRJ-6055,Metro,Jammu & Kashmir,2317.83,43,77.6,59.1,18.5,70.3,1.19,68.4,57.6,69.9,65.7,58,72.1,3,5.2,2,5.4,HIGH,5.3,14.0
PRJ-6056,Railway,Maharashtra,7567.21,44,34.3,34.3,0.0,33.3,0.971,94.8,98.4,95.5,96.0,3,100.0,0,1.8,0,1.8,LOW,0.3,0.0
PRJ-6057,Metro,Telangana,3102.37,53,55.1,54.2,0.9,56.4,1.041,95.2,88.4,92.0,90.0,2,99.2,1,1.8,0,1.0,LOW,0.2,0.8
PRJ-6058,Urban Development,Tamil Nadu,4697.8,35,78.1,73.7,4.4,81.1,1.1,80.1,75.6,75.5,70.8,33,96.1,2,2.5,1,3.3,MEDIUM,2.7,2.5
PRJ-6059,Power Infrastructure,Gujarat,1597.56,18,77.9,67.0,10.9,75.0,1.119,65.0,55.0,56.9,63.2,74,90.9,2,5.9,3,6.6,HIGH,6.3,12.0
PRJ-6060,Power Infrastructure,Andhra Pradesh,6872.16,21,54.0,39.5,14.5,47.7,1.208,64.9,64.5,60.8,57.5,80,67.2,3,5.5,3,6.5,HIGH,4.3,14.1
PRJ-6061,Metro,Telangana,5336.05,45,56.7,49.1,7.6,56.0,1.141,80.4,82.1,85.4,72.4,18,85.8,6,2.1,0,4.6,MEDIUM,2.9,6.3
PRJ-6062,Metro,Tamil Nadu,3202.16,55,83.5,61.4,22.1,77.9,1.269,43.4,51.4,44.9,41.7,159,75.9,6,5.5,2,9.5,CRITICAL,7.5,31.9
PRJ-6063,Airport,Kerala,1785.28,49,90.0,89.2,0.8,93.4,1.047,90.4,87.4,97.4,91.2,3,100.0,1,2.8,0,2.1,LOW,0.3,0.9
PRJ-6064,Irrigation,Tamil Nadu,1678.68,31,73.7,65.7,8.0,74.4,1.132,59.6,65.2,65.8,63.6,99,84.9,4,3.4,3,5.1,HIGH,4.7,15.6
PRJ-6065,Railway,Bihar,1727.89,54,87.5,70.0,17.5,82.4,1.177,69.3,65.8,61.2,60.8,105,80.4,2,5.8,3,6.2,HIGH,6.8,12.9
PRJ-6066,Power Infrastructure,Madhya Pradesh,6704.8,29,65.1,61.1,4.0,65.6,1.074,84.3,74.5,79.1,75.1,38,97.0,2,1.9,0,2.6,MEDIUM,2.2,5.7
PRJ-6067,Power Infrastructure,Madhya Pradesh,6287.68,47,34.4,29.1,5.3,30.6,1.052,85.3,83.1,84.8,80.0,34,88.9,2,1.7,1,2.6,MEDIUM,2.1,8.9
PRJ-6068,Power Infrastructure,Karnataka,2276.15,28,54.5,52.8,1.7,51.9,0.983,91.1,93.3,96.2,90.6,8,98.5,0,2.4,0,0.7,LOW,0.0,1.0
PRJ-6069,Railway,Jammu & Kashmir,3722.04,52,60.1,58.0,2.1,62.6,1.079,91.9,88.3,96.1,87.8,5,98.4,1,3.2,0,1.1,LOW,0.2,0.0
PRJ-6070,Highway,Kerala,3648.34,41,35.0,30.7,4.3,31.1,1.013,80.2,75.9,74.5,78.8,43,84.1,1,4.0,0,2.9,MEDIUM,1.7,6.0
PRJ-6071,Airport,Assam,2299.75,24,43.9,42.7,1.2,44.7,1.047,96.4,95.5,90.1,96.3,2,97.3,0,1.7,0,1.4,LOW,0.0,1.1
PRJ-6072,Water Supply,Karnataka,1151.97,28,25.9,25.9,0.0,25.8,0.996,90.2,92.6,91.8,96.8,5,100.0,0,1.4,0,0.5,LOW,0.6,0.8
PRJ-6073,Power Infrastructure,Kerala,2655.01,22,30.9,2.0,28.9,5.0,2.5,42.5,43.6,49.5,32.6,157,15.0,3,8.7,4,7.6,CRITICAL,10.7,27.6
PRJ-6074,Urban Development,Andhra Pradesh,178.85,25,37.5,34.5,3.0,34.7,1.006,84.9,78.4,84.4,80.1,24,93.4,1,3.0,1,3.9,MEDIUM,2.5,4.8
PRJ-6075,Irrigation,Tamil Nadu,402.03,21,34.0,33.1,0.9,34.5,1.042,93.0,88.9,90.4,93.0,4,97.0,0,2.5,0,1.8,LOW,0.2,1.3
PRJ-6076,Water Supply,Uttarakhand,352.04,42,83.8,63.6,20.2,82.3,1.294,40.5,51.6,53.0,32.0,109,76.1,4,6.3,2,8.7,CRITICAL,14.0,19.0
PRJ-6077,Power Infrastructure,Madhya Pradesh,924.1,21,66.1,50.2,15.9,58.1,1.157,68.4,57.6,68.3,64.8,97,76.4,3,3.3,2,7.0,HIGH,6.5,11.9
PRJ-6078,Highway,Uttar Pradesh,1479.08,29,89.3,74.9,14.4,87.7,1.171,67.5,66.3,68.7,62.9,64,87.5,3,3.3,3,6.1,HIGH,5.7,14.2
PRJ-6079,Bridge,Himachal Pradesh,488.95,34,68.4,62.8,5.6,63.4,1.01,72.9,82.9,84.4,79.5,38,92.7,1,3.8,1,2.7,MEDIUM,1.6,8.1
PRJ-6080,Highway,Karnataka,1203.36,24,55.9,48.6,7.3,55.0,1.132,78.0,77.3,80.4,70.7,37,90.1,4,4.1,0,3.6,MEDIUM,2.7,7.7
PRJ-6081,Railway,Telangana,3168.24,61,26.6,11.6,15.0,13.6,1.172,57.4,59.1,65.7,64.4,52,42.2,3,5.9,3,5.7,HIGH,6.2,14.6
PRJ-6082,Water Supply,Bihar,993.55,22,55.6,50.3,5.3,54.9,1.091,79.8,71.4,79.5,81.7,15,90.8,0,1.8,1,3.0,MEDIUM,3.2,6.8
PRJ-6083,Water Supply,Tamil Nadu,855.99,25,30.6,15.9,14.7,18.9,1.189,57.9,63.5,62.4,64.0,79,53.9,3,5.7,3,6.0,HIGH,6.6,16.1
PRJ-6084,Bridge,Assam,1101.66,44,23.7,22.2,1.5,24.3,1.095,73.6,80.0,83.7,76.9,26,93.6,3,5.4,1,4.2,MEDIUM,2.6,2.8
PRJ-6085,Power Infrastructure,Tamil Nadu,2745.26,42,49.0,48.9,0.1,50.2,1.027,89.4,93.3,88.6,92.9,4,97.4,1,1.2,0,0.8,LOW,0.4,0.0
PRJ-6086,Irrigation,Delhi NCR,982.49,35,25.6,2.0,23.6,5.0,2.5,49.0,35.5,35.3,34.7,99,15.0,3,9.5,5,8.0,CRITICAL,13.4,33.0
PRJ-6087,Power Infrastructure,Himachal Pradesh,2051.51,39,52.3,50.8,1.5,54.1,1.065,81.2,73.6,77.6,70.8,25,97.3,2,3.9,0,2.7,MEDIUM,1.9,6.0
PRJ-6088,Power Infrastructure,Gujarat,2773.55,44,54.1,38.4,15.7,45.3,1.18,55.8,53.4,55.9,65.6,88,66.1,2,4.3,2,6.6,HIGH,5.9,12.1
PRJ-6089,Railway,Bihar,6484.16,53,60.6,60.4,0.2,57.1,0.945,94.5,91.3,93.0,94.0,1,98.7,0,0.5,0,0.8,LOW,0.0,1.3
PRJ-6090,Railway,Assam,3373.07,40,63.8,62.8,1.0,61.2,0.975,98.1,87.8,99.0,92.2,1,100.0,0,3.6,0,0.7,LOW,0.1,2.9
PRJ-6091,Water Supply,West Bengal,856.28,18,78.5,74.0,4.5,76.6,1.035,72.7,81.3,75.2,79.0,30,95.0,1,3.6,0,3.6,MEDIUM,2.8,10.0
PRJ-6092,Water Supply,Andhra Pradesh,295.97,35,21.4,2.0,19.4,5.0,2.5,53.3,32.2,43.2,45.9,198,15.0,5,8.2,3,8.8,CRITICAL,8.6,27.6
PRJ-6093,Railway,Andhra Pradesh,1368.66,27,90.7,82.7,8.0,91.1,1.102,66.1,52.2,68.5,62.6,55,91.0,4,5.8,1,5.9,HIGH,6.6,15.4
PRJ-6094,Irrigation,Jammu & Kashmir,1128.15,21,46.3,39.8,6.5,44.3,1.113,81.2,75.7,80.5,75.9,36,89.4,1,4.7,1,3.9,MEDIUM,3.2,6.5
PRJ-6095,Bridge,Jammu & Kashmir,1619.42,32,83.6,67.4,16.2,78.3,1.162,59.2,53.1,58.8,58.5,98,82.5,4,5.9,3,5.2,HIGH,6.2,15.9
PRJ-6096,Railway,Madhya Pradesh,4875.98,61,48.5,24.5,24.0,32.6,1.331,35.9,49.8,52.5,45.6,212,52.8,9,8.4,4,8.7,CRITICAL,9.4,27.4
PRJ-6097,Power Infrastructure,Uttar Pradesh,586.41,39,68.5,60.5,8.0,67.4,1.114,66.8,58.9,57.3,57.5,59,88.1,3,5.4,1,5.5,HIGH,4.0,13.8
PRJ-6098,Urban Development,Karnataka,285.53,28,80.6,55.2,25.4,72.9,1.321,49.8,44.2,48.1,37.0,164,66.0,9,6.4,3,9.5,CRITICAL,11.7,36.8
PRJ-6099,Power Infrastructure,Karnataka,1137.91,30,89.5,89.5,0.0,89.9,1.004,89.3,90.6,97.3,85.8,7,96.3,2,1.6,0,1.4,LOW,0.2,0.6
PRJ-6100,Bridge,Andhra Pradesh,4931.63,38,32.1,28.1,4.0,29.9,1.064,75.5,70.3,83.7,80.2,41,87.2,2,3.7,1,3.7,MEDIUM,3.4,8.8
PRJ-6101,Highway,Assam,6796.83,25,30.1,30.1,0.0,31.0,1.03,88.6,87.1,93.1,90.6,10,100.0,0,3.3,0,0.7,LOW,0.2,0.9
PRJ-6102,Highway,Kerala,1379.41,35,84.3,84.1,0.2,83.7,0.995,95.7,88.2,91.6,92.4,0,100.0,0,3.5,0,1.0,LOW,0.1,2.6
PRJ-6103,Water Supply,Jammu & Kashmir,2078.51,21,35.1,35.1,0.0,35.5,1.011,90.3,90.7,88.2,92.9,3,96.4,1,1.9,0,1.4,LOW,0.1,1.2
PRJ-6104,Bridge,Uttar Pradesh,692.4,44,39.7,10.3,29.4,12.7,1.233,37.9,32.4,45.3,32.5,205,26.0,0,9.0,5,9.0,CRITICAL,11.6,24.9
PRJ-6105,Bridge,Maharashtra,3006.86,27,22.2,17.0,5.2,17.5,1.029,85.2,84.8,84.0,74.4,43,74.0,1,3.8,0,2.7,MEDIUM,2.0,6.7
PRJ-6106,Water Supply,Madhya Pradesh,1400.96,17,36.8,36.8,0.0,38.1,1.035,93.2,94.1,88.6,86.0,0,97.0,0,2.2,0,1.1,LOW,0.0,0.5
PRJ-6107,Airport,Bihar,1352.52,68,85.7,74.2,11.5,82.6,1.113,62.4,60.1,61.5,62.4,69,87.0,2,6.8,3,7.2,HIGH,5.8,15.8
PRJ-6108,Railway,Karnataka,5623.04,57,83.6,83.6,0.0,85.0,1.017,93.3,91.4,91.9,90.8,2,97.1,0,2.5,0,1.7,LOW,0.4,0.8
PRJ-6109,Railway,Madhya Pradesh,16016.43,53,51.8,51.2,0.6,51.4,1.004,90.5,97.5,96.4,86.0,3,100.0,0,0.6,0,1.7,LOW,0.0,1.8
PRJ-6110,Water Supply,Tamil Nadu,442.09,36,69.4,36.0,33.4,47.6,1.322,46.9,51.4,43.0,37.3,194,52.5,1,8.0,3,7.2,CRITICAL,12.3,30.0
PRJ-6111,Airport,Delhi NCR,10099.76,56,37.4,36.9,0.5,37.8,1.024,91.6,96.8,96.5,88.5,0,100.0,1,2.3,0,2.0,LOW,0.3,1.3
PRJ-6112,Water Supply,Uttarakhand,619.52,33,90.0,67.1,22.9,84.4,1.258,39.6,33.7,45.2,37.1,181,73.0,6,8.3,5,9.3,CRITICAL,10.3,37.2
PRJ-6113,Bridge,Madhya Pradesh,1202.42,42,39.9,13.1,26.8,16.6,1.267,45.5,48.7,41.0,35.7,182,32.1,6,5.8,3,7.2,CRITICAL,8.8,27.6
PRJ-6114,Metro,Uttar Pradesh,5923.4,51,41.0,41.0,0.0,40.3,0.983,93.8,96.5,96.1,86.9,0,100.0,0,1.1,0,1.6,LOW,0.3,0.0
PRJ-6115,Railway,Odisha,8994.86,50,82.3,80.5,1.8,79.8,0.991,94.1,92.2,96.3,86.2,0,100.0,0,1.0,0,2.1,LOW,0.1,2.1
PRJ-6116,Irrigation,Telangana,1484.1,27,54.2,45.8,8.4,51.0,1.114,83.5,82.0,75.4,73.7,34,91.2,0,4.1,0,2.7,MEDIUM,2.4,4.8
PRJ-6117,Metro,West Bengal,2816.43,40,61.3,56.6,4.7,57.1,1.009,77.2,84.7,83.5,73.1,42,93.3,1,4.0,1,4.0,MEDIUM,1.5,7.3
PRJ-6118,Irrigation,Odisha,248.23,24,79.9,54.6,25.3,73.1,1.339,49.2,50.3,44.7,45.3,214,64.3,8,8.5,3,7.7,CRITICAL,14.2,27.3
PRJ-6119,Power Infrastructure,Jammu & Kashmir,2758.78,29,26.1,24.6,1.5,25.7,1.045,94.4,97.5,98.0,89.0,4,88.7,0,3.0,0,1.3,LOW,0.0,2.2
PRJ-6120,Urban Development,Bihar,2064.44,41,42.6,21.1,21.5,27.5,1.303,39.0,51.5,39.3,52.3,105,46.9,8,5.5,3,7.1,CRITICAL,10.1,29.7
PRJ-6121,Water Supply,Kerala,616.04,26,49.4,45.9,3.5,47.9,1.044,77.2,82.7,80.7,82.4,24,90.3,3,3.0,0,3.2,MEDIUM,3.1,9.0
PRJ-6122,Water Supply,Maharashtra,530.25,29,36.1,34.3,1.8,37.0,1.079,72.9,76.1,77.1,83.9,25,97.2,2,2.6,1,3.9,MEDIUM,2.3,8.1
PRJ-6123,Urban Development,West Bengal,185.31,34,68.6,66.4,2.2,70.1,1.056,72.7,84.2,79.6,74.8,29,98.3,1,2.4,0,3.5,MEDIUM,2.3,5.3
PRJ-6124,Railway,Karnataka,5155.56,42,36.5,21.9,14.6,26.2,1.196,56.9,52.6,59.9,67.6,121,60.1,6,5.3,2,5.6,HIGH,4.5,14.6
PRJ-6125,Irrigation,Andhra Pradesh,655.55,24,80.5,80.5,0.0,85.2,1.058,95.9,91.9,88.5,86.1,0,100.0,1,1.9,0,2.2,LOW,0.2,2.7
PRJ-6126,Highway,Karnataka,1447.02,41,31.5,24.5,7.0,25.7,1.049,74.5,77.5,78.9,72.3,29,84.7,1,3.4,0,3.7,MEDIUM,1.6,6.6
PRJ-6127,Power Infrastructure,Karnataka,3715.62,32,52.8,46.3,6.5,50.7,1.095,73.3,76.8,80.5,72.0,36,85.3,3,3.0,1,3.9,MEDIUM,2.6,3.5
PRJ-6128,Power Infrastructure,Andhra Pradesh,4182.2,34,84.3,84.3,0.0,88.5,1.05,91.1,96.7,94.0,85.5,0,100.0,2,2.0,0,0.8,LOW,0.1,1.4
PRJ-6129,Railway,Odisha,2522.91,47,38.5,21.8,16.7,27.2,1.248,61.4,63.3,59.1,68.8,72,56.3,4,3.9,3,6.7,HIGH,4.9,18.0
PRJ-6130,Airport,Uttarakhand,3031.3,50,49.3,41.2,8.1,44.8,1.087,78.4,83.0,78.4,71.1,24,80.4,2,2.9,1,4.5,MEDIUM,2.6,5.2
PRJ-6131,Highway,Delhi NCR,2701.66,31,82.9,82.2,0.7,83.6,1.017,96.7,86.0,96.1,95.7,1,100.0,1,1.2,0,1.5,LOW,0.0,0.0
PRJ-6132,Metro,Delhi NCR,5155.63,43,26.3,11.4,14.9,13.3,1.167,55.6,53.8,67.0,68.4,67,46.2,4,6.2,1,5.3,HIGH,6.3,12.5
PRJ-6133,Railway,Uttar Pradesh,4819.33,29,55.1,32.4,22.7,44.0,1.358,35.2,49.4,46.8,42.9,103,59.4,13,7.2,4,8.5,CRITICAL,11.6,21.7
PRJ-6134,Bridge,West Bengal,1301.14,59,72.5,55.6,16.9,67.1,1.207,65.8,59.4,69.3,57.3,91,78.5,4,7.0,2,5.4,HIGH,6.0,14.8
PRJ-6135,Water Supply,Himachal Pradesh,187.36,28,91.0,82.6,8.4,92.3,1.117,73.4,77.9,80.8,71.6,32,86.8,0,3.4,0,3.8,MEDIUM,2.0,7.6
PRJ-6136,Metro,Assam,4561.36,69,24.3,8.3,16.0,9.6,1.157,58.5,52.6,59.2,60.4,96,38.5,3,6.5,3,6.5,HIGH,7.3,15.2
PRJ-6137,Bridge,Kerala,2160.85,21,65.9,65.9,0.0,66.9,1.015,92.9,93.8,93.2,87.6,0,94.8,1,4.0,0,0.9,LOW,0.3,1.2
PRJ-6138,Bridge,West Bengal,1623.98,29,54.1,40.5,13.6,46.1,1.138,68.3,64.9,57.7,61.4,102,75.3,3,5.9,3,7.2,HIGH,4.4,11.0
PRJ-6139,Highway,Kerala,1169.09,30,77.2,73.3,3.9,80.7,1.101,83.0,78.9,79.2,73.8,44,98.8,2,4.3,1,4.4,MEDIUM,2.2,4.2
PRJ-6140,Irrigation,Maharashtra,504.61,16,51.0,30.9,20.1,35.0,1.133,59.9,65.5,66.8,61.0,102,60.7,0,6.1,1,6.6,HIGH,6.8,12.6
PRJ-6141,Airport,Telangana,3254.23,38,72.2,72.2,0.0,75.7,1.048,90.9,98.6,97.6,96.4,0,100.0,1,0.7,0,0.8,LOW,0.1,0.9
PRJ-6142,Urban Development,Gujarat,2001.64,31,75.3,52.1,23.2,65.5,1.257,68.2,60.6,54.2,58.2,82,69.0,4,5.7,2,6.5,HIGH,6.8,15.8
PRJ-6143,Power Infrastructure,Delhi NCR,3117.97,33,81.9,81.2,0.7,84.3,1.038,91.5,96.0,89.1,97.0,2,100.0,0,2.1,0,2.0,LOW,0.2,0.0
PRJ-6144,Water Supply,Odisha,527.46,31,73.4,60.0,13.4,71.1,1.185,70.6,56.6,59.8,57.6,81,78.9,6,5.1,3,5.8,HIGH,5.1,17.6
PRJ-6145,Irrigation,Kerala,1909.87,23,38.6,34.6,4.0,38.5,1.113,72.6,71.3,86.1,82.3,33,86.0,3,4.0,0,4.3,MEDIUM,2.6,3.7
PRJ-6146,Urban Development,Odisha,693.1,22,37.7,37.1,0.6,37.4,1.008,89.9,97.1,96.6,91.5,6,98.7,1,2.1,0,2.0,LOW,0.0,0.9
PRJ-6147,Urban Development,Andhra Pradesh,1169.98,32,76.8,49.2,27.6,65.4,1.329,46.0,40.0,36.0,32.9,139,67.1,6,5.4,2,8.7,CRITICAL,14.5,26.9
PRJ-6148,Railway,Bihar,1270.4,28,91.4,88.8,2.6,89.6,1.009,80.1,83.4,72.6,75.2,27,95.7,1,2.3,0,3.8,MEDIUM,3.5,5.3
PRJ-6149,Power Infrastructure,Odisha,7545.04,49,50.0,42.6,7.4,46.8,1.099,74.2,74.6,74.3,82.2,33,86.8,4,1.9,1,4.2,MEDIUM,3.2,5.4
PRJ-6150,Irrigation,Bihar,391.52,27,71.8,65.5,6.3,69.3,1.058,80.7,81.7,84.2,83.1,26,90.8,1,1.7,0,3.7,MEDIUM,2.7,6.8
PRJ-6151,Urban Development,Bihar,185.46,31,20.4,11.4,9.0,12.6,1.105,70.8,61.1,64.9,66.2,104,58.6,2,3.6,2,5.3,HIGH,6.2,18.1
PRJ-6152,Urban Development,Odisha,962.33,31,52.5,35.8,16.7,41.8,1.168,57.5,66.5,68.9,55.1,82,71.0,2,6.0,3,5.1,HIGH,6.6,14.1
PRJ-6153,Water Supply,Telangana,256.92,14,67.1,67.1,0.0,65.5,0.976,88.8,93.9,95.9,87.8,2,94.5,1,1.5,0,1.7,LOW,0.2,0.0
PRJ-6154,Water Supply,Telangana,2114.5,31,37.7,10.6,27.1,14.1,1.33,42.6,51.6,39.6,53.3,166,33.3,5,7.7,2,8.8,CRITICAL,9.1,34.3
PRJ-6155,Railway,Tamil Nadu,3733.13,38,30.6,9.4,21.2,11.6,1.234,47.6,30.0,51.2,52.5,117,31.4,4,7.4,4,7.5,CRITICAL,11.0,26.9
PRJ-6156,Railway,Tamil Nadu,9533.01,57,54.6,29.2,25.4,37.0,1.267,44.6,49.8,37.1,48.0,142,52.8,6,9.3,3,9.3,CRITICAL,14.8,29.3
PRJ-6157,Highway,Odisha,4973.58,27,83.8,82.3,1.5,86.8,1.055,79.8,76.0,78.5,78.5,45,95.1,2,3.6,0,4.7,MEDIUM,1.9,9.0
PRJ-6158,Railway,Jammu & Kashmir,4608.0,45,72.9,59.1,13.8,67.3,1.139,70.0,64.2,55.9,68.5,94,89.5,2,7.2,2,6.0,HIGH,7.4,12.6
PRJ-6159,Urban Development,Gujarat,833.42,13,36.5,10.2,26.3,13.2,1.294,43.1,30.0,46.2,46.9,127,25.9,2,7.6,3,8.0,CRITICAL,15.4,24.7
PRJ-6160,Power Infrastructure,Uttarakhand,496.9,36,91.3,78.0,13.3,92.3,1.183,67.7,57.4,57.1,67.9,65,87.9,4,5.8,1,6.7,HIGH,7.0,13.2
PRJ-6161,Highway,Telangana,4171.29,24,22.4,2.0,20.4,5.0,2.5,65.3,64.1,59.5,58.5,52,15.0,4,6.4,3,6.2,HIGH,5.2,13.4
PRJ-6162,Water Supply,West Bengal,1088.24,26,81.4,58.3,23.1,73.7,1.264,36.9,42.0,47.9,37.7,186,72.1,6,7.0,3,8.3,CRITICAL,10.6,27.7
PRJ-6163,Bridge,Delhi NCR,856.53,37,61.5,61.5,0.0,61.5,1.0,94.4,97.2,93.8,95.2,1,93.9,1,2.2,0,1.9,LOW,0.1,1.5
PRJ-6164,Urban Development,Assam,438.92,13,25.8,16.2,9.6,18.1,1.117,81.8,83.9,72.5,79.2,25,64.6,1,3.7,1,3.2,MEDIUM,1.8,7.2
PRJ-6165,Railway,West Bengal,1957.95,41,43.9,43.9,0.0,44.9,1.023,91.8,95.5,97.2,95.2,0,100.0,1,1.1,0,1.7,LOW,0.5,1.4
PRJ-6166,Power Infrastructure,Gujarat,603.92,39,27.6,27.0,0.6,27.4,1.015,88.4,96.7,90.6,86.8,8,97.9,0,1.6,0,1.9,LOW,0.3,1.6
PRJ-6167,Irrigation,Delhi NCR,200.77,26,60.5,47.1,13.4,56.0,1.189,57.3,61.0,56.2,56.2,94,75.2,6,4.9,3,6.3,HIGH,5.9,13.1
PRJ-6168,Water Supply,Assam,316.2,32,53.8,53.8,0.0,53.0,0.985,93.6,93.4,91.8,85.5,3,97.1,0,1.6,0,2.1,LOW,0.5,0.1
PRJ-6169,Highway,Kerala,3039.01,24,71.5,71.5,0.0,76.7,1.073,92.2,95.6,95.7,91.3,0,100.0,1,3.6,0,0.8,LOW,0.4,2.2
PRJ-6170,Bridge,Uttarakhand,2964.86,21,71.6,58.8,12.8,70.1,1.192,73.6,71.8,75.7,72.4,17,81.8,2,4.1,0,4.3,MEDIUM,2.6,6.8
PRJ-6171,Airport,Madhya Pradesh,6665.45,49,20.9,9.7,11.2,11.3,1.165,55.6,53.2,62.5,64.6,62,46.8,3,3.2,2,6.5,HIGH,5.9,18.1
PRJ-6172,Airport,Telangana,1731.41,52,28.5,4.3,24.2,5.7,1.326,42.4,30.8,40.0,39.1,153,15.3,6,5.0,2,8.4,CRITICAL,11.1,26.9
PRJ-6173,Water Supply,Rajasthan,409.47,29,46.5,44.3,2.2,48.5,1.095,79.8,77.6,78.1,73.4,37,91.0,3,4.1,1,3.5,MEDIUM,1.3,7.2
PRJ-6174,Highway,Odisha,4682.44,40,88.3,88.0,0.3,90.0,1.023,92.4,95.7,89.8,91.6,0,98.9,1,1.9,0,0.9,LOW,0.2,1.1
PRJ-6175,Highway,Maharashtra,601.27,29,21.1,20.1,1.0,19.5,0.97,88.3,88.9,91.9,92.6,6,95.6,0,2.4,0,1.7,LOW,0.2,1.5
PRJ-6176,Highway,Karnataka,1513.77,39,90.8,77.3,13.5,86.7,1.122,59.4,54.2,61.2,57.1,77,84.4,1,5.4,2,5.8,HIGH,4.8,11.2
PRJ-6177,Irrigation,Uttarakhand,493.94,42,23.3,15.3,8.0,16.8,1.098,74.2,75.0,81.1,82.2,27,64.8,0,4.6,1,3.3,MEDIUM,2.2,5.7
PRJ-6178,Irrigation,Andhra Pradesh,2275.85,24,82.6,80.7,1.9,82.6,1.024,98.7,90.0,96.0,95.2,3,100.0,0,0.7,0,1.1,LOW,0.1,0.8
PRJ-6179,Metro,Odisha,3205.65,24,91.1,91.1,0.0,92.5,1.015,92.4,97.2,90.0,86.2,0,99.7,1,1.3,0,1.9,LOW,0.3,1.8
PRJ-6180,Bridge,Himachal Pradesh,1215.64,34,83.7,82.8,0.9,79.6,0.961,88.5,94.6,98.2,94.3,0,94.9,1,2.7,0,1.0,LOW,0.0,1.6
PRJ-6181,Water Supply,West Bengal,2571.84,41,42.1,9.9,32.2,13.5,1.364,42.7,50.4,41.2,37.9,160,23.0,7,6.3,5,8.0,CRITICAL,9.6,24.8
PRJ-6182,Water Supply,Uttar Pradesh,1718.67,37,67.3,66.8,0.5,70.2,1.051,90.5,94.7,93.6,90.7,4,99.0,0,0.9,0,2.0,LOW,0.0,1.5
PRJ-6183,Water Supply,Karnataka,2482.56,25,50.2,50.2,0.0,50.0,0.996,94.6,93.0,98.4,95.5,0,100.0,0,2.3,0,1.7,LOW,0.2,1.6
PRJ-6184,Water Supply,Bihar,2281.93,17,25.3,10.1,15.2,12.3,1.218,63.1,59.8,54.7,55.2,45,40.9,4,3.7,3,6.1,HIGH,5.5,15.3
PRJ-6185,Water Supply,Andhra Pradesh,274.41,40,58.9,58.9,0.0,59.3,1.007,92.6,89.4,95.8,91.1,0,100.0,1,2.4,0,1.6,LOW,0.4,0.5
PRJ-6186,Urban Development,Bihar,666.12,32,60.9,28.5,32.4,36.7,1.288,42.1,40.5,52.2,41.1,147,52.0,3,8.8,4,8.2,CRITICAL,12.5,22.6
PRJ-6187,Water Supply,Rajasthan,1357.21,40,49.5,29.0,20.5,35.5,1.224,38.9,44.0,50.0,51.7,172,60.0,2,7.8,2,7.1,CRITICAL,12.4,23.0
PRJ-6188,Railway,Karnataka,1734.44,28,33.8,20.1,13.7,24.2,1.204,56.8,54.0,60.3,66.0,87,59.1,5,7.0,1,6.8,HIGH,6.7,17.1
PRJ-6189,Urban Development,Gujarat,2011.57,17,58.9,55.6,3.3,58.7,1.056,76.0,75.7,83.9,70.5,45,98.6,4,2.7,0,2.8,MEDIUM,1.6,6.8
PRJ-6190,Water Supply,Madhya Pradesh,855.07,41,83.0,83.0,0.0,81.8,0.986,92.9,91.8,99.3,86.2,3,100.0,0,2.3,0,1.0,LOW,0.1,1.6
PRJ-6191,Urban Development,Bihar,678.37,30,26.8,25.3,1.5,26.1,1.032,73.0,70.6,79.3,83.7,34,97.1,0,1.9,1,4.5,MEDIUM,3.1,5.4
PRJ-6192,Irrigation,West Bengal,562.8,36,22.9,15.5,7.4,16.3,1.052,81.0,70.3,85.9,77.0,24,68.1,1,3.3,0,2.7,MEDIUM,1.2,7.6
PRJ-6193,Railway,Tamil Nadu,2559.09,28,53.2,35.1,18.1,40.3,1.148,65.1,64.0,57.8,60.8,81,66.0,1,6.6,2,5.6,HIGH,5.8,13.2
PRJ-6194,Highway,Odisha,2697.42,34,83.2,77.0,6.2,86.8,1.127,75.0,74.4,86.1,80.2,31,93.2,4,2.0,1,4.5,MEDIUM,3.1,8.5
PRJ-6195,Highway,Karnataka,2187.26,34,70.0,69.2,0.8,65.9,0.952,89.8,97.5,90.4,85.7,0,99.9,0,1.9,0,1.7,LOW,0.1,1.3
PRJ-6196,Highway,Himachal Pradesh,3410.26,46,59.0,44.4,14.6,53.5,1.205,61.7,53.3,64.1,66.0,59,77.7,4,4.8,2,6.1,HIGH,5.9,16.2
PRJ-6197,Railway,Assam,11911.61,55,32.5,22.0,10.5,23.4,1.064,58.6,60.0,54.3,62.6,94,69.7,2,7.1,1,5.8,HIGH,7.1,12.6
PRJ-6198,Highway,Karnataka,701.25,40,39.4,39.4,0.0,41.0,1.041,94.5,90.8,90.5,95.1,5,98.3,3,2.0,0,1.6,LOW,0.0,0.2
PRJ-6199,Power Infrastructure,Kerala,1645.99,57,74.0,74.0,0.0,75.2,1.016,93.0,93.5,95.1,97.1,0,100.0,1,3.9,0,1.7,LOW,0.3,2.8
PRJ-6200,Metro,Rajasthan,2040.75,26,40.1,33.4,6.7,37.7,1.129,83.6,70.8,79.8,78.4,27,83.4,3,3.1,1,3.8,MEDIUM,1.2,6.9
PRJ-6201,Bridge,Telangana,2148.68,26,71.0,69.4,1.6,67.2,0.968,95.3,88.5,94.7,85.1,4,99.2,1,1.2,0,1.3,LOW,0.3,1.4
PRJ-6202,Bridge,Himachal Pradesh,1695.49,29,34.8,13.4,21.4,17.8,1.328,61.1,63.2,66.3,67.5,51,41.2,11,4.3,3,5.5,HIGH,8.6,16.0
PRJ-6203,Bridge,Assam,1337.53,40,89.1,89.1,0.0,90.5,1.016,95.3,99.0,88.5,90.0,0,96.2,0,2.4,0,1.6,LOW,0.0,1.0
PRJ-6204,Airport,Uttar Pradesh,1741.66,44,80.7,80.4,0.3,78.0,0.97,95.7,88.5,93.4,91.3,2,100.0,1,0.7,0,1.5,LOW,0.2,1.0
PRJ-6205,Airport,Tamil Nadu,1472.6,52,53.7,49.3,4.4,51.3,1.041,81.4,81.5,83.6,72.2,40,93.9,0,3.8,1,3.1,MEDIUM,2.9,6.8
PRJ-6206,Metro,Maharashtra,3166.08,57,90.2,62.0,28.2,85.3,1.376,44.7,51.1,46.6,38.6,204,69.8,7,5.3,4,8.2,CRITICAL,10.6,33.5
PRJ-6207,Railway,Gujarat,2064.1,73,39.1,32.9,6.2,36.5,1.109,72.8,83.7,85.6,72.6,21,84.8,2,2.0,1,4.6,MEDIUM,3.9,6.6
PRJ-6208,Power Infrastructure,Gujarat,9680.01,35,59.3,39.1,20.2,50.4,1.289,55.6,62.8,69.2,59.3,79,63.0,5,4.9,1,6.9,HIGH,5.4,16.5
PRJ-6209,Railway,Karnataka,4152.07,47,78.9,55.0,23.9,68.3,1.242,43.6,36.8,52.8,47.7,189,70.0,6,7.2,5,7.3,CRITICAL,14.7,21.7
PRJ-6210,Airport,Madhya Pradesh,2555.59,58,65.9,54.1,11.8,64.4,1.19,65.2,58.4,62.7,59.4,98,78.7,4,6.1,2,6.3,HIGH,5.3,9.6
PRJ-6211,Metro,Tamil Nadu,2977.59,65,87.1,78.7,8.4,89.7,1.14,85.8,74.9,79.3,82.9,18,94.7,3,2.1,1,2.5,MEDIUM,2.0,6.1
PRJ-6212,Railway,Jammu & Kashmir,1889.88,64,31.3,29.6,1.7,31.2,1.054,85.6,79.4,78.3,75.8,36,98.3,3,3.2,0,3.7,MEDIUM,2.7,6.3
PRJ-6213,Irrigation,West Bengal,486.7,33,73.6,59.0,14.6,72.0,1.22,56.0,66.6,66.4,63.8,78,81.4,4,5.3,1,6.8,HIGH,5.0,11.1
PRJ-6214,Water Supply,Gujarat,1881.04,19,62.7,53.4,9.3,57.0,1.067,85.3,82.2,78.1,77.1,23,87.0,0,4.0,1,3.3,MEDIUM,2.7,5.3
PRJ-6215,Power Infrastructure,Maharashtra,1867.45,41,46.8,33.8,13.0,40.7,1.204,63.9,57.7,57.7,58.5,106,70.0,7,5.9,2,7.0,HIGH,5.4,10.7
PRJ-6216,Water Supply,Tamil Nadu,730.77,34,22.6,2.0,20.6,5.0,2.5,56.5,59.5,66.8,61.1,62,15.0,5,3.4,2,5.7,HIGH,5.1,13.3
PRJ-6217,Power Infrastructure,Tamil Nadu,2063.85,33,30.2,30.2,0.0,30.8,1.02,90.4,87.7,96.4,88.1,3,100.0,0,0.5,0,2.2,LOW,0.4,0.9
PRJ-6218,Bridge,Odisha,1110.45,34,22.7,14.6,8.1,16.2,1.11,79.0,80.7,79.8,70.7,17,66.8,4,4.5,0,4.3,MEDIUM,2.1,6.9
PRJ-6219,Water Supply,Andhra Pradesh,3349.41,32,51.8,33.8,18.0,40.0,1.183,69.7,60.5,65.0,68.8,65,61.6,3,5.2,2,6.6,HIGH,6.3,18.2
PRJ-6220,Power Infrastructure,Bihar,3598.44,22,52.3,46.9,5.4,46.7,0.996,85.0,78.0,76.7,78.0,25,93.8,0,2.5,0,4.7,MEDIUM,2.4,6.8
PRJ-6221,Metro,Telangana,3401.97,27,75.7,74.7,1.0,73.5,0.984,91.5,94.6,98.6,97.1,2,93.1,0,0.2,0,1.4,LOW,0.2,0.2
PRJ-6222,Highway,Bihar,3503.47,32,57.4,49.1,8.3,53.2,1.084,74.7,74.8,72.5,81.3,26,89.4,1,4.4,0,4.5,MEDIUM,2.4,5.7
PRJ-6223,Highway,Gujarat,906.12,44,76.4,71.0,5.4,75.0,1.056,75.3,82.5,77.5,73.7,25,93.2,3,3.3,0,4.6,MEDIUM,2.1,5.6
PRJ-6224,Irrigation,Kerala,778.21,28,90.6,89.1,1.5,88.7,0.996,79.7,70.7,84.2,74.4,31,100.0,0,6.0,0,4.5,MEDIUM,2.2,4.4
PRJ-6225,Power Infrastructure,Himachal Pradesh,729.69,29,88.3,88.3,0.0,88.7,1.005,96.6,97.0,99.5,91.1,5,94.7,0,2.9,0,1.6,LOW,0.4,0.2
PRJ-6226,Highway,Bihar,907.49,55,65.5,65.5,0.0,64.7,0.988,92.8,97.2,93.2,97.1,1,94.8,0,0.5,0,0.5,LOW,0.2,0.3
PRJ-6227,Urban Development,Madhya Pradesh,752.38,18,63.1,47.9,15.2,57.8,1.207,60.6,64.4,61.1,68.7,83,73.8,4,3.6,3,5.2,HIGH,6.2,9.9
PRJ-6228,Railway,West Bengal,3274.4,83,76.3,74.0,2.3,78.1,1.055,85.1,72.8,74.6,72.0,33,97.2,1,2.6,0,4.2,MEDIUM,2.0,7.1
PRJ-6229,Highway,Himachal Pradesh,1915.32,18,26.9,21.5,5.4,21.9,1.019,77.9,83.9,83.3,78.4,27,81.8,0,3.5,0,4.1,MEDIUM,2.3,6.8
PRJ-6230,Highway,Uttarakhand,1398.3,38,69.7,38.3,31.4,50.1,1.308,48.3,45.9,48.5,52.2,199,55.5,4,9.5,4,7.5,CRITICAL,9.1,27.5
PRJ-6231,Urban Development,Karnataka,236.77,30,61.9,61.9,0.0,65.4,1.057,88.0,88.1,94.9,88.2,3,95.2,1,1.5,0,1.9,LOW,0.1,2.7
PRJ-6232,Bridge,Kerala,1872.81,34,80.0,75.9,4.1,81.3,1.071,77.9,72.9,86.6,77.9,28,97.2,0,2.6,0,2.9,MEDIUM,3.5,6.3
PRJ-6233,Railway,West Bengal,5396.93,54,59.5,33.0,26.5,44.4,1.345,44.7,34.6,42.4,51.5,180,55.3,5,5.8,4,7.2,CRITICAL,10.9,22.9
PRJ-6234,Highway,Andhra Pradesh,1232.65,42,84.8,84.8,0.0,86.7,1.022,94.3,89.0,95.0,87.7,4,99.7,0,1.7,0,1.3,LOW,0.1,1.2
PRJ-6235,Metro,Rajasthan,12393.32,39,26.1,26.1,0.0,28.4,1.088,98.5,97.0,88.3,94.5,0,100.0,1,2.1,0,0.8,LOW,0.2,0.5
PRJ-6236,Railway,Karnataka,7182.4,73,29.7,9.7,20.0,11.9,1.227,45.2,30.4,44.1,44.3,139,32.3,4,9.3,3,7.1,CRITICAL,9.8,27.4
PRJ-6237,Airport,Madhya Pradesh,2113.59,29,90.0,87.5,2.5,94.8,1.083,74.8,79.4,83.9,78.3,45,99.0,1,4.1,0,3.4,MEDIUM,1.9,6.3
PRJ-6238,Power Infrastructure,West Bengal,2143.55,51,77.3,64.5,12.8,76.3,1.183,58.9,59.2,60.1,57.3,61,80.6,4,4.2,1,6.2,HIGH,6.9,14.0
PRJ-6239,Railway,Kerala,7589.0,53,63.4,62.6,0.8,60.6,0.968,96.9,89.0,98.9,93.7,2,98.0,0,2.6,0,1.7,LOW,0.4,2.0
PRJ-6240,Urban Development,Telangana,886.53,12,38.4,33.9,4.5,37.2,1.097,73.7,74.9,86.6,83.6,24,88.7,1,3.7,0,2.7,MEDIUM,2.7,7.5
PRJ-6241,Power Infrastructure,Jammu & Kashmir,5259.47,46,38.5,22.4,16.1,25.6,1.143,61.2,57.7,58.8,68.2,87,58.3,3,6.0,2,5.4,HIGH,7.1,15.5
PRJ-6242,Water Supply,Uttarakhand,290.53,18,26.4,22.2,4.2,22.9,1.032,77.4,72.9,79.2,76.8,28,85.3,1,5.8,0,3.2,MEDIUM,2.2,6.8
PRJ-6243,Water Supply,West Bengal,479.57,18,82.7,59.7,23.0,71.3,1.194,52.4,50.5,46.0,33.0,133,74.3,4,6.4,2,9.1,CRITICAL,11.3,26.8
PRJ-6244,Airport,Bihar,4089.98,51,83.7,76.7,7.0,85.4,1.113,82.2,76.5,79.4,73.5,32,88.7,1,3.0,1,2.9,MEDIUM,2.2,5.9
PRJ-6245,Bridge,Madhya Pradesh,2769.19,42,39.7,37.5,2.2,39.2,1.045,83.5,74.8,80.2,74.3,14,98.4,0,3.9,1,4.5,MEDIUM,2.8,4.1
PRJ-6246,Water Supply,Gujarat,1418.21,30,26.2,26.2,0.0,26.3,1.004,88.4,97.1,97.7,87.7,1,100.0,1,0.8,0,0.6,LOW,0.3,0.0
PRJ-6247,Airport,Bihar,1765.25,55,40.3,22.5,17.8,25.9,1.151,58.5,56.8,64.5,65.1,64,56.2,2,4.8,1,5.7,HIGH,3.6,12.3
PRJ-6248,Bridge,Jammu & Kashmir,1921.27,53,43.6,43.1,0.5,42.0,0.974,91.2,90.9,97.8,91.1,2,100.0,0,3.3,0,1.6,LOW,0.6,1.0
PRJ-6249,Water Supply,Delhi NCR,306.57,33,39.8,39.8,0.0,41.9,1.053,95.0,96.4,94.6,85.9,0,98.8,1,0.2,0,2.1,LOW,0.1,0.0
PRJ-6250,Water Supply,Madhya Pradesh,677.84,26,86.6,86.6,0.0,92.9,1.073,96.1,95.5,88.5,85.9,2,95.0,3,1.6,0,0.9,LOW,0.1,1.1
PRJ-6251,Irrigation,Gujarat,468.22,35,52.1,52.1,0.0,51.8,0.994,98.1,87.2,94.0,89.3,0,100.0,1,2.3,0,2.0,LOW,0.0,0.6
PRJ-6252,Water Supply,Odisha,1378.67,18,58.9,38.9,20.0,51.1,1.314,59.7,61.9,59.2,61.5,92,68.5,8,4.8,3,5.6,HIGH,4.8,13.7
PRJ-6253,Bridge,Kerala,2051.38,41,51.6,46.1,5.5,48.7,1.056,75.6,71.9,73.1,73.0,24,82.8,2,4.6,1,3.4,MEDIUM,3.6,6.1
PRJ-6254,Irrigation,Tamil Nadu,484.04,12,39.8,23.9,15.9,27.5,1.151,55.5,64.7,69.3,60.3,68,62.3,3,6.6,3,6.1,HIGH,4.4,15.2
PRJ-6255,Power Infrastructure,Bihar,991.84,42,73.1,72.3,0.8,74.3,1.028,97.3,94.4,96.2,97.8,5,96.0,0,1.1,0,1.1,LOW,0.1,1.0
PRJ-6256,Highway,Uttarakhand,2205.12,31,86.1,86.1,0.0,87.2,1.013,92.3,90.9,94.9,90.5,2,100.0,0,2.9,0,1.9,LOW,0.0,1.2
PRJ-6257,Airport,Odisha,1497.82,62,51.1,46.7,4.4,51.2,1.096,73.9,81.0,83.2,70.6,23,90.0,3,3.4,1,2.6,MEDIUM,2.9,5.1
PRJ-6258,Airport,Uttarakhand,5547.42,34,62.1,50.9,11.2,59.5,1.169,69.9,57.9,67.6,56.1,71,78.3,3,5.0,2,6.1,HIGH,6.0,15.4
PRJ-6259,Irrigation,Assam,413.1,27,57.9,52.1,5.8,54.8,1.052,74.6,73.2,75.5,72.9,40,92.8,0,4.8,1,3.9,MEDIUM,2.6,5.4
PRJ-6260,Highway,Gujarat,3015.97,40,70.9,70.9,0.0,73.0,1.03,90.1,88.5,88.6,87.7,6,100.0,0,1.8,0,0.6,LOW,0.2,2.5
PRJ-6261,Metro,Andhra Pradesh,5396.53,54,22.9,4.5,18.4,5.7,1.267,58.0,64.7,58.4,59.9,72,19.9,7,5.1,1,5.1,HIGH,4.6,15.6
PRJ-6262,Water Supply,Bihar,747.92,26,53.5,53.5,0.0,53.2,0.994,88.6,86.6,88.8,89.9,1,97.2,0,1.7,0,1.2,LOW,0.2,1.6
PRJ-6263,Irrigation,Rajasthan,1157.25,36,51.7,48.3,3.4,48.8,1.01,76.7,75.6,79.3,80.8,54,94.6,2,3.3,1,2.8,MEDIUM,3.7,6.3
PRJ-6264,Railway,West Bengal,2299.54,37,67.7,60.7,7.0,67.3,1.109,80.9,74.5,80.0,83.6,41,89.1,3,3.4,0,4.2,MEDIUM,2.9,6.6
PRJ-6265,Irrigation,Kerala,220.83,23,30.9,8.7,22.2,10.6,1.218,58.2,57.5,56.7,61.9,76,29.6,3,6.5,1,5.7,HIGH,5.6,10.8
PRJ-6266,Metro,Andhra Pradesh,3310.86,39,78.7,75.1,3.6,76.3,1.016,83.7,72.5,76.0,76.8,21,96.4,4,2.0,0,4.3,MEDIUM,2.3,5.8
PRJ-6267,Railway,Maharashtra,4324.74,77,20.2,17.2,3.0,17.5,1.017,74.3,76.0,77.1,77.1,27,85.7,1,4.1,1,2.7,MEDIUM,2.9,6.9
PRJ-6268,Irrigation,Maharashtra,1515.58,32,43.3,39.6,3.7,42.1,1.063,74.6,83.2,77.9,73.7,33,92.6,1,4.1,1,4.6,MEDIUM,2.6,5.5
PRJ-6269,Irrigation,West Bengal,2146.73,34,36.4,28.1,8.3,30.3,1.078,80.8,83.5,74.8,82.9,32,78.2,0,3.0,0,3.9,MEDIUM,2.6,7.7
PRJ-6270,Power Infrastructure,Andhra Pradesh,3512.63,22,90.3,81.6,8.7,86.8,1.064,82.4,75.3,74.1,80.3,31,86.9,0,2.5,1,4.3,MEDIUM,3.0,5.6
PRJ-6271,Bridge,Himachal Pradesh,1445.93,24,58.9,50.9,8.0,54.7,1.075,64.5,55.9,63.3,61.9,84,87.2,1,8.6,3,6.5,HIGH,5.7,15.5
PRJ-6272,Railway,Assam,2988.25,41,64.4,54.2,10.2,60.1,1.109,64.4,66.2,59.8,63.9,61,80.4,3,6.2,3,6.9,HIGH,6.4,14.4
PRJ-6273,Airport,West Bengal,3205.5,49,71.8,56.8,15.0,64.5,1.136,70.1,55.3,66.4,63.5,116,82.2,3,4.7,1,6.2,HIGH,5.5,16.3
PRJ-6274,Urban Development,West Bengal,960.53,37,23.2,2.1,21.1,5.0,2.381,46.3,34.5,53.9,34.3,196,15.0,9,5.7,2,8.6,CRITICAL,15.1,26.5
PRJ-6275,Railway,Himachal Pradesh,3225.71,33,61.5,60.6,0.9,63.1,1.041,96.4,90.6,91.7,96.4,5,96.6,0,2.1,0,1.3,LOW,0.0,0.0
PRJ-6276,Airport,Tamil Nadu,6831.09,41,54.7,54.7,0.0,55.3,1.011,96.5,94.9,94.7,93.1,0,98.3,0,0.6,0,0.7,LOW,0.4,1.6
PRJ-6277,Water Supply,Odisha,2704.9,26,87.3,87.3,0.0,86.8,0.994,94.8,96.4,97.0,86.4,8,99.7,0,0.8,0,0.9,LOW,0.3,0.9
PRJ-6278,Irrigation,Andhra Pradesh,745.23,30,37.3,29.4,7.9,31.4,1.068,84.0,78.4,78.6,80.4,35,76.7,2,1.9,1,2.8,MEDIUM,1.7,5.4
PRJ-6279,Bridge,West Bengal,619.76,28,63.0,54.4,8.6,62.1,1.142,83.0,80.6,80.1,76.1,47,82.2,3,2.1,1,4.1,MEDIUM,3.3,5.7
PRJ-6280,Highway,Jammu & Kashmir,8236.36,27,23.2,2.0,21.2,5.0,2.5,35.3,51.0,48.7,53.7,149,15.0,8,9.3,2,8.4,CRITICAL,11.7,32.0
PRJ-6281,Power Infrastructure,Uttar Pradesh,530.76,46,85.3,65.2,20.1,81.7,1.253,62.7,57.9,56.2,57.7,82,81.2,5,3.6,1,6.5,HIGH,4.7,17.4
PRJ-6282,Airport,Odisha,1323.71,64,64.0,53.6,10.4,61.7,1.151,69.9,52.5,61.7,63.0,81,84.1,2,4.3,3,7.0,HIGH,5.6,12.6
PRJ-6283,Railway,Gujarat,2334.81,38,71.2,67.1,4.1,73.1,1.089,75.0,76.7,83.8,74.0,36,96.8,4,2.4,1,3.0,MEDIUM,2.6,4.5
PRJ-6284,Power Infrastructure,Bihar,3563.56,34,60.7,38.9,21.8,50.1,1.288,35.6,47.1,37.4,50.0,182,64.1,4,6.5,5,9.1,CRITICAL,7.5,25.7
PRJ-6285,Irrigation,Assam,2276.95,25,49.3,49.3,0.0,48.0,0.974,89.3,92.0,94.1,88.8,5,100.0,1,2.4,0,1.0,LOW,0.3,2.3
PRJ-6286,Bridge,Maharashtra,3394.67,52,23.3,17.8,5.5,19.5,1.096,83.1,73.5,77.5,70.8,26,76.0,2,2.5,0,3.7,MEDIUM,2.6,5.7
PRJ-6287,Airport,Maharashtra,4334.91,46,28.8,12.6,16.2,15.0,1.19,69.6,63.7,56.3,65.1,77,43.3,5,5.8,2,6.9,HIGH,6.5,16.3
PRJ-6288,Highway,Delhi NCR,916.19,42,54.4,54.4,0.0,56.7,1.042,96.6,98.9,98.4,90.5,3,100.0,0,2.2,0,2.0,LOW,0.0,1.1
PRJ-6289,Airport,Karnataka,1991.97,32,70.3,39.0,31.3,54.2,1.39,48.7,43.0,46.1,35.9,168,54.5,9,5.4,4,8.8,CRITICAL,10.5,30.8
PRJ-6290,Water Supply,Uttar Pradesh,290.93,35,28.9,28.4,0.5,28.9,1.018,97.9,98.6,88.4,90.4,0,98.3,0,0.2,0,1.3,LOW,0.2,1.5
PRJ-6291,Urban Development,Uttarakhand,3457.86,24,57.1,53.3,3.8,55.9,1.049,78.6,80.2,75.6,78.9,27,97.2,1,4.9,1,2.5,MEDIUM,2.3,5.0
PRJ-6292,Highway,Andhra Pradesh,1796.19,48,35.3,17.5,17.8,20.3,1.16,57.2,59.0,65.9,57.7,77,49.1,4,3.9,1,6.5,HIGH,4.5,16.2
PRJ-6293,Highway,Tamil Nadu,766.57,44,35.3,33.8,1.5,34.4,1.018,80.6,71.9,77.8,83.3,22,90.7,1,3.7,1,4.6,MEDIUM,2.2,6.6
PRJ-6294,Power Infrastructure,Gujarat,744.99,26,68.8,64.1,4.7,65.2,1.017,83.2,79.4,72.1,79.5,37,96.3,0,2.4,0,3.0,MEDIUM,1.5,5.7
PRJ-6295,Water Supply,Telangana,256.77,15,48.9,46.5,2.4,52.1,1.12,72.8,76.9,79.5,78.9,26,97.0,4,2.5,1,3.8,MEDIUM,2.4,5.2
PRJ-6296,Airport,Andhra Pradesh,3639.63,39,46.9,32.2,14.7,38.6,1.199,69.9,55.5,63.3,58.0,83,72.8,4,6.3,1,5.5,HIGH,6.1,14.8
PRJ-6297,Irrigation,Assam,1220.87,24,71.7,66.6,5.1,67.0,1.006,72.7,84.0,75.0,82.2,36,93.3,0,3.2,1,3.8,MEDIUM,3.0,7.3
PRJ-6298,Railway,Himachal Pradesh,6462.62,55,33.9,33.7,0.2,32.5,0.964,98.4,93.7,99.4,89.3,4,99.3,0,1.7,0,1.4,LOW,0.1,0.9
PRJ-6299,Irrigation,Jammu & Kashmir,1245.53,12,31.0,27.2,3.8,27.2,1.0,75.5,76.4,76.6,82.5,28,90.0,1,5.8,0,2.7,MEDIUM,2.6,5.4
PRJ-6300,Highway,Assam,2677.91,19,50.1,49.9,0.2,51.8,1.038,98.1,94.4,93.7,96.9,0,100.0,1,1.6,0,0.8,LOW,0.3,1.8
PRJ-6301,Airport,Delhi NCR,2941.02,39,66.1,36.3,29.8,48.1,1.325,52.9,32.4,52.1,51.8,105,49.3,6,9.0,5,9.4,CRITICAL,11.6,29.6
PRJ-6302,Power Infrastructure,Gujarat,2393.77,35,51.9,29.2,22.7,37.6,1.288,38.9,35.9,53.0,37.9,141,56.7,6,6.2,4,9.2,CRITICAL,7.3,26.1
PRJ-6303,Irrigation,Gujarat,1692.96,40,20.7,19.2,1.5,21.2,1.104,85.9,74.2,74.6,78.7,24,97.2,2,4.2,0,4.3,MEDIUM,3.5,7.2
PRJ-6304,Highway,Rajasthan,1508.77,36,87.9,62.6,25.3,83.5,1.334,50.5,51.1,39.0,50.5,126,73.9,6,8.2,4,8.1,CRITICAL,11.1,21.1
PRJ-6305,Highway,Maharashtra,547.54,27,22.9,22.3,0.6,22.1,0.991,92.7,91.6,88.8,94.5,1,100.0,0,2.0,0,1.2,LOW,0.4,1.3
PRJ-6306,Metro,Gujarat,2492.73,37,83.5,83.5,0.0,85.2,1.02,95.1,88.5,96.0,90.1,0,100.0,0,0.3,0,2.0,LOW,0.3,1.0
PRJ-6307,Irrigation,Odisha,1002.78,17,75.6,74.9,0.7,74.6,0.996,88.1,87.9,92.5,95.4,3,98.2,0,1.3,0,1.8,LOW,0.3,1.3
PRJ-6308,Bridge,Bihar,1080.2,28,32.2,14.9,17.3,17.2,1.154,61.5,56.8,57.5,61.2,89,42.8,3,3.2,2,5.0,HIGH,4.7,14.3
PRJ-6309,Railway,West Bengal,4001.9,40,72.8,61.4,11.4,65.5,1.067,74.6,84.6,75.6,78.7,20,82.3,0,4.1,0,3.8,MEDIUM,2.4,3.7
PRJ-6310,Irrigation,Himachal Pradesh,401.29,27,88.0,74.0,14.0,86.1,1.164,57.2,58.1,54.4,56.7,66,83.7,3,4.3,3,7.0,HIGH,5.5,11.5
PRJ-6311,Highway,Uttar Pradesh,1799.15,31,31.6,15.7,15.9,19.0,1.21,68.1,64.2,54.8,68.4,68,50.1,3,7.0,2,5.5,HIGH,5.6,16.9
PRJ-6312,Airport,Uttar Pradesh,4729.78,79,26.2,25.6,0.6,26.4,1.031,88.7,98.4,93.9,97.4,2,99.6,0,2.2,0,0.6,LOW,0.3,1.0
PRJ-6313,Railway,Uttar Pradesh,5833.18,40,76.1,53.5,22.6,67.9,1.269,36.4,43.5,43.0,37.9,142,69.2,3,6.0,5,7.1,CRITICAL,8.8,29.1
PRJ-6314,Airport,Tamil Nadu,4052.31,45,65.1,60.3,4.8,62.0,1.028,73.3,77.5,77.0,78.9,31,92.3,0,2.1,0,3.0,MEDIUM,1.7,8.6
PRJ-6315,Airport,Andhra Pradesh,1488.9,39,36.4,14.4,22.0,18.7,1.299,45.4,45.9,45.0,35.7,160,40.1,7,7.6,4,8.0,CRITICAL,12.6,26.9
PRJ-6316,Water Supply,Madhya Pradesh,188.46,16,28.0,26.2,1.8,26.8,1.023,82.9,77.3,83.8,82.4,39,95.4,2,3.1,1,4.4,MEDIUM,2.5,5.6
PRJ-6317,Metro,Karnataka,6941.51,45,34.0,30.0,4.0,30.2,1.007,72.1,78.8,77.8,79.8,32,87.8,3,3.9,0,4.3,MEDIUM,1.3,8.7
PRJ-6318,Power Infrastructure,Gujarat,805.99,35,81.8,81.8,0.0,81.9,1.001,88.7,95.4,89.3,93.7,0,100.0,1,1.1,0,1.6,LOW,0.3,2.6
PRJ-6319,Metro,Andhra Pradesh,9796.23,58,84.2,78.1,6.1,85.8,1.099,80.1,78.9,72.4,79.5,20,86.6,0,4.4,1,2.8,MEDIUM,2.5,7.1
PRJ-6320,Metro,Odisha,2295.73,38,78.2,74.3,3.9,76.4,1.028,75.7,82.6,73.8,81.2,52,97.1,2,4.5,0,3.3,MEDIUM,2.6,3.8
PRJ-6321,Power Infrastructure,Gujarat,816.51,37,76.1,43.9,32.2,58.6,1.335,45.9,39.4,46.9,38.7,158,55.8,7,7.5,2,8.3,CRITICAL,13.3,28.4
PRJ-6322,Urban Development,Uttarakhand,223.8,25,64.2,64.2,0.0,62.9,0.98,97.8,90.1,91.2,85.4,2,91.9,0,3.5,0,1.2,LOW,0.3,1.8
PRJ-6323,Bridge,Jammu & Kashmir,1820.5,30,26.5,22.2,4.3,24.0,1.081,80.8,80.1,86.4,75.9,43,80.2,0,3.7,1,4.5,MEDIUM,2.5,6.8
PRJ-6324,Power Infrastructure,Madhya Pradesh,1351.79,42,31.2,26.8,4.4,28.5,1.063,73.8,73.9,72.3,81.8,28,83.6,0,3.1,1,2.8,MEDIUM,2.0,5.6
PRJ-6325,Irrigation,Jammu & Kashmir,309.55,27,68.0,53.4,14.6,62.6,1.172,67.2,57.7,54.9,66.9,65,80.4,6,7.2,1,5.1,HIGH,4.3,11.7
PRJ-6326,Bridge,Tamil Nadu,529.8,39,88.2,65.8,22.4,86.1,1.309,54.0,35.2,44.5,46.7,134,72.2,5,5.1,2,7.6,CRITICAL,12.6,31.2
PRJ-6327,Airport,Telangana,4938.67,69,49.5,47.9,1.6,49.2,1.027,76.4,82.3,79.2,70.1,10,91.9,2,4.1,1,2.9,MEDIUM,3.5,2.8
PRJ-6328,Railway,Kerala,7977.63,54,23.1,2.0,21.1,5.0,2.5,41.3,32.1,53.1,40.0,176,15.0,3,10.0,2,9.1,CRITICAL,12.6,25.7
PRJ-6329,Urban Development,Rajasthan,511.35,30,48.7,33.7,15.0,39.2,1.163,70.5,62.8,62.3,68.6,68,68.1,5,6.5,3,7.1,HIGH,6.1,12.8
PRJ-6330,Bridge,Tamil Nadu,3691.44,39,26.3,21.6,4.7,22.1,1.023,76.8,84.9,77.9,81.8,20,83.7,2,4.2,0,3.6,MEDIUM,2.5,7.4
PRJ-6331,Railway,Jammu & Kashmir,5832.25,49,70.4,36.2,34.2,49.1,1.356,38.1,51.4,36.4,33.7,160,49.8,7,8.2,2,7.9,CRITICAL,12.0,27.2
PRJ-6332,Highway,West Bengal,1268.5,18,79.1,63.0,16.1,76.3,1.211,69.0,68.4,58.3,60.7,58,76.8,4,6.3,3,5.2,HIGH,6.5,13.9
PRJ-6333,Highway,West Bengal,902.68,41,58.5,57.4,1.1,61.1,1.064,95.1,91.1,100.0,87.0,0,98.6,1,0.3,0,1.1,LOW,0.3,2.8
PRJ-6334,Power Infrastructure,Assam,1406.07,34,54.1,26.3,27.8,32.1,1.221,39.8,35.1,42.8,43.8,116,47.1,4,10.0,2,8.4,CRITICAL,11.4,28.4
PRJ-6335,Bridge,Jammu & Kashmir,10552.66,43,67.5,58.6,8.9,61.8,1.055,74.8,70.5,76.5,70.5,49,84.0,2,5.1,0,4.6,MEDIUM,1.3,4.8
PRJ-6336,Railway,Andhra Pradesh,14911.43,30,28.1,12.6,15.5,15.7,1.246,67.6,64.3,64.2,56.2,53,49.3,9,3.8,1,6.9,HIGH,4.3,12.4
PRJ-6337,Bridge,Uttarakhand,2659.43,31,87.3,75.1,12.2,84.9,1.13,55.8,59.0,69.2,64.8,65,84.6,6,7.8,1,5.7,HIGH,5.9,14.6
PRJ-6338,Urban Development,Andhra Pradesh,808.86,29,65.7,60.9,4.8,64.4,1.057,72.9,83.0,83.6,74.9,45,89.1,0,3.0,1,2.9,MEDIUM,3.1,7.7
PRJ-6339,Airport,Delhi NCR,7958.8,66,25.0,9.7,15.3,11.6,1.196,62.3,54.1,59.8,68.2,94,37.4,4,6.4,2,5.3,HIGH,5.7,16.8
PRJ-6340,Metro,Uttarakhand,2256.85,70,27.7,21.5,6.2,23.5,1.093,77.7,82.9,85.7,70.7,16,77.1,1,4.6,0,4.2,MEDIUM,1.5,5.4
PRJ-6341,Railway,Karnataka,3875.59,58,28.7,20.7,8.0,23.9,1.155,64.8,56.7,65.9,62.2,89,71.3,2,4.9,3,5.9,HIGH,7.5,15.4
PRJ-6342,Bridge,Kerala,2000.85,22,86.6,86.6,0.0,83.3,0.962,88.5,93.4,92.2,86.3,5,98.6,0,1.6,0,2.0,LOW,0.2,2.5
PRJ-6343,Water Supply,Delhi NCR,614.69,35,21.3,21.3,0.0,21.9,1.028,98.9,92.6,93.3,85.5,0,93.5,0,1.9,0,1.9,LOW,0.4,2.2
PRJ-6344,Urban Development,West Bengal,734.83,30,60.7,46.3,14.4,53.7,1.16,70.0,64.7,57.6,61.3,76,76.5,3,3.4,3,7.2,HIGH,5.4,13.7
PRJ-6345,Water Supply,West Bengal,630.08,31,75.2,71.1,4.1,75.2,1.058,72.1,83.9,85.8,77.6,29,96.7,2,3.1,1,2.5,MEDIUM,1.6,6.5
PRJ-6346,Railway,Madhya Pradesh,1271.55,71,77.0,70.7,6.3,69.2,0.979,84.7,82.8,77.4,82.7,33,88.0,1,2.8,0,4.4,MEDIUM,3.8,7.5
PRJ-6347,Water Supply,Bihar,315.35,22,70.1,56.4,13.7,66.1,1.172,66.6,52.7,55.6,66.1,84,78.9,3,5.4,3,6.7,HIGH,5.4,17.6
PRJ-6348,Airport,Gujarat,2336.42,36,51.1,18.5,32.6,23.6,1.276,52.2,34.3,45.4,42.8,118,35.1,5,5.7,4,7.2,CRITICAL,7.2,27.9
PRJ-6349,Metro,Delhi NCR,6217.81,39,26.3,26.3,0.0,26.1,0.992,94.5,90.5,94.1,85.2,3,99.2,0,2.3,0,1.6,LOW,0.0,1.3
PRJ-6350,Railway,Gujarat,2303.0,56,71.9,48.7,23.2,60.7,1.246,52.2,31.9,40.9,43.4,132,66.8,2,6.6,5,8.0,CRITICAL,10.6,30.7
PRJ-6351,Bridge,Maharashtra,874.98,61,52.2,42.4,9.8,46.3,1.092,64.3,55.9,62.4,64.3,69,80.9,3,5.8,2,6.6,HIGH,6.9,15.6
PRJ-6352,Power Infrastructure,Bihar,915.44,19,36.6,10.5,26.1,13.5,1.286,52.8,37.1,43.6,44.7,151,26.9,4,6.6,5,7.6,CRITICAL,10.8,27.5
PRJ-6353,Airport,Maharashtra,2091.54,34,27.4,26.5,0.9,27.6,1.042,95.9,87.3,89.8,93.4,4,100.0,1,0.2,0,0.5,LOW,0.0,2.4
PRJ-6354,Power Infrastructure,Uttarakhand,3047.53,35,51.6,50.2,1.4,52.6,1.048,98.0,90.2,97.2,93.5,3,99.1,2,1.4,0,1.3,LOW,0.4,0.6
PRJ-6355,Power Infrastructure,Kerala,4586.9,41,52.7,52.7,0.0,52.1,0.989,95.7,97.4,88.2,95.4,0,100.0,0,2.8,0,1.6,LOW,0.3,1.6
PRJ-6356,Airport,Gujarat,2054.08,65,43.7,39.5,4.2,41.8,1.058,73.9,72.0,85.3,81.6,25,90.3,1,3.6,1,2.7,MEDIUM,2.4,6.5
PRJ-6357,Urban Development,Tamil Nadu,444.31,27,41.2,21.9,19.3,25.1,1.146,56.3,57.6,64.6,64.7,95,49.7,3,4.0,2,6.9,HIGH,5.6,16.9
PRJ-6358,Irrigation,Odisha,331.23,21,73.2,68.6,4.6,74.8,1.09,78.3,73.3,76.2,80.9,39,87.2,1,1.7,0,3.9,MEDIUM,2.4,6.2
PRJ-6359,Bridge,Karnataka,1262.65,35,84.3,84.2,0.1,88.6,1.052,93.0,93.1,99.9,94.4,1,100.0,2,0.9,0,0.6,LOW,0.0,1.4
PRJ-6360,Water Supply,Uttarakhand,395.21,42,71.8,65.0,6.8,69.7,1.072,83.5,72.6,75.2,82.1,27,93.0,2,5.8,0,3.9,MEDIUM,2.5,7.0
PRJ-6361,Water Supply,Uttarakhand,336.89,13,34.0,28.0,6.0,29.6,1.057,82.9,73.4,72.0,71.5,37,83.3,3,3.3,1,2.7,MEDIUM,2.6,7.8
PRJ-6362,Irrigation,Uttar Pradesh,262.29,37,43.8,15.1,28.7,19.7,1.305,43.9,38.6,42.4,46.1,184,36.8,3,5.4,2,7.9,CRITICAL,13.3,24.4
PRJ-6363,Power Infrastructure,Madhya Pradesh,643.13,30,45.7,30.9,14.8,37.0,1.197,62.6,55.4,55.7,62.3,60,65.2,3,4.6,1,5.5,HIGH,7.3,10.6
PRJ-6364,Irrigation,Gujarat,3597.01,34,65.2,38.8,26.4,50.3,1.296,56.3,55.8,61.8,57.4,97,57.8,6,4.1,1,7.0,HIGH,7.3,13.3
PRJ-6365,Highway,Assam,1691.01,28,74.0,51.6,22.4,63.6,1.233,56.6,57.7,58.7,67.5,79,69.7,3,7.6,1,6.8,HIGH,3.0,13.3
PRJ-6366,Water Supply,West Bengal,289.25,15,71.7,66.2,5.5,70.9,1.071,73.1,83.9,82.0,74.4,28,95.5,1,3.7,1,3.5,MEDIUM,2.1,8.8
PRJ-6367,Airport,West Bengal,8827.69,58,37.2,22.2,15.0,25.8,1.162,62.8,59.3,56.9,60.8,89,61.1,5,5.7,3,5.7,HIGH,3.3,12.4
PRJ-6368,Water Supply,Bihar,299.19,17,61.6,55.8,5.8,59.7,1.07,76.2,70.8,84.7,77.2,40,90.8,1,2.9,0,2.7,MEDIUM,2.3,6.7
PRJ-6369,Airport,Uttarakhand,3873.02,53,31.3,20.5,10.8,23.0,1.122,56.0,69.0,60.3,56.5,87,63.2,1,6.6,3,5.8,HIGH,7.0,17.0
PRJ-6370,Power Infrastructure,Uttarakhand,2060.29,46,90.5,89.1,1.4,87.9,0.987,98.0,91.2,88.9,96.3,0,93.6,0,3.6,0,1.9,LOW,0.1,0.3
PRJ-6371,Water Supply,Gujarat,222.33,23,69.2,48.0,21.2,55.3,1.152,35.8,30.8,49.6,42.9,134,67.3,1,5.5,4,7.5,CRITICAL,9.8,18.8
PRJ-6372,Highway,Rajasthan,580.26,33,58.8,56.4,2.4,57.3,1.016,95.6,98.7,97.7,97.2,5,96.9,1,0.9,0,1.4,LOW,0.1,0.3
PRJ-6373,Railway,Rajasthan,7743.52,42,50.3,31.9,18.4,40.2,1.26,61.0,67.8,59.6,63.7,97,62.2,2,5.7,3,5.3,HIGH,5.5,12.4
PRJ-6374,Railway,Uttar Pradesh,1432.22,52,35.8,2.0,33.8,5.0,2.5,48.6,36.6,50.6,48.8,205,15.0,8,9.1,3,8.3,CRITICAL,11.3,20.9
PRJ-6375,Highway,Madhya Pradesh,2077.49,21,69.0,64.0,5.0,69.3,1.083,83.0,81.5,86.2,74.4,36,89.4,3,3.3,0,4.3,MEDIUM,1.7,6.0
PRJ-6376,Bridge,Tamil Nadu,904.81,46,85.2,66.7,18.5,80.7,1.21,55.2,60.3,54.4,66.6,86,79.2,3,6.4,1,5.3,HIGH,3.9,19.1
PRJ-6377,Urban Development,Gujarat,338.42,26,62.4,61.9,0.5,63.2,1.021,96.4,87.3,91.2,87.8,1,99.0,0,1.5,0,1.7,LOW,0.4,0.0
PRJ-6378,Airport,Rajasthan,2038.0,59,44.6,39.8,4.8,39.7,0.997,84.4,73.7,73.5,70.9,18,92.0,1,3.0,1,2.6,MEDIUM,2.1,9.3
PRJ-6379,Water Supply,Assam,1119.44,19,37.1,8.2,28.9,10.5,1.28,49.6,39.4,52.4,40.3,180,18.3,6,9.2,5,9.1,CRITICAL,10.4,25.7
PRJ-6380,Water Supply,Gujarat,747.69,26,70.6,67.5,3.1,71.2,1.055,82.4,72.8,76.4,83.8,49,98.7,3,3.9,0,4.2,MEDIUM,3.2,6.1
PRJ-6381,Bridge,Madhya Pradesh,2088.09,33,28.5,24.2,4.3,25.8,1.066,85.7,72.5,84.8,82.4,36,82.3,2,3.2,0,3.6,MEDIUM,2.6,5.1
PRJ-6382,Power Infrastructure,West Bengal,800.48,46,88.5,85.4,3.1,91.7,1.074,75.4,78.0,73.8,72.1,33,95.5,1,3.3,0,3.4,MEDIUM,2.4,6.8
PRJ-6383,Metro,West Bengal,7010.42,44,47.4,27.5,19.9,32.1,1.167,65.0,54.9,61.9,65.8,108,58.9,2,5.3,2,6.6,HIGH,5.7,14.2
PRJ-6384,Irrigation,Telangana,429.58,27,28.2,21.6,6.6,22.4,1.037,81.3,70.6,81.9,72.6,31,81.3,2,3.5,1,2.6,MEDIUM,2.4,6.2
PRJ-6385,Airport,Maharashtra,1410.35,56,23.5,13.4,10.1,16.0,1.194,58.4,66.5,64.5,59.5,72,55.7,6,6.6,2,5.9,HIGH,6.1,12.7
PRJ-6386,Railway,Bihar,2421.48,61,26.5,8.6,17.9,9.9,1.151,65.6,54.3,63.2,57.4,77,27.8,4,3.0,3,6.6,HIGH,6.2,14.4
PRJ-6387,Urban Development,Jammu & Kashmir,1216.69,21,29.7,21.7,8.0,23.3,1.074,60.9,64.5,65.2,56.1,86,75.9,4,6.7,1,5.8,HIGH,6.0,14.2
PRJ-6388,Airport,Rajasthan,4378.71,31,26.3,2.0,24.3,5.0,2.5,48.4,43.2,49.1,47.4,267,15.0,6,6.2,3,7.5,CRITICAL,11.3,26.2
PRJ-6389,Metro,Andhra Pradesh,8691.35,53,52.4,52.4,0.0,52.4,1.0,88.9,95.8,91.0,97.0,6,96.9,0,1.8,0,0.6,LOW,0.2,0.9
PRJ-6390,Railway,Bihar,1729.15,48,33.0,14.9,18.1,17.6,1.181,63.4,68.5,65.1,55.0,106,49.0,2,6.8,1,5.0,HIGH,6.4,16.3
PRJ-6391,Metro,Andhra Pradesh,1322.06,43,76.1,58.0,18.1,69.8,1.203,48.1,37.1,54.2,40.9,114,70.4,3,6.5,4,8.4,CRITICAL,13.9,27.3
PRJ-6392,Power Infrastructure,Karnataka,508.16,45,35.2,29.5,5.7,28.7,0.973,79.4,79.6,72.8,71.3,20,83.7,0,2.5,0,3.5,MEDIUM,2.7,7.2
PRJ-6393,Highway,Jammu & Kashmir,2676.89,48,59.3,58.5,0.8,57.5,0.983,92.3,95.8,88.2,93.4,0,95.1,0,2.0,0,1.3,LOW,0.4,1.9
PRJ-6394,Water Supply,Andhra Pradesh,747.2,33,70.2,48.9,21.3,59.1,1.209,55.3,62.3,55.0,68.6,74,70.8,2,6.4,3,6.6,HIGH,6.2,15.9
PRJ-6395,Highway,Bihar,465.14,45,67.8,63.6,4.2,64.9,1.02,76.5,78.9,81.4,83.7,24,91.0,1,3.2,0,2.8,MEDIUM,3.0,8.1
PRJ-6396,Airport,Tamil Nadu,10234.38,44,67.4,64.9,2.5,69.0,1.063,77.3,83.5,80.5,73.5,44,93.0,1,1.6,0,3.9,MEDIUM,2.3,7.6
PRJ-6397,Metro,Maharashtra,5645.87,31,75.4,74.3,1.1,72.9,0.981,90.7,94.4,93.9,89.5,1,96.5,0,1.9,0,0.9,LOW,0.4,1.9
PRJ-6398,Irrigation,Jammu & Kashmir,1317.45,29,65.6,65.6,0.0,63.4,0.966,88.7,92.7,89.4,94.5,4,99.9,0,3.2,0,1.9,LOW,0.1,1.1
PRJ-6399,Highway,Jammu & Kashmir,5140.17,18,91.8,90.1,1.7,89.5,0.993,94.6,88.1,95.2,88.1,1,98.9,0,1.9,0,2.2,LOW,0.1,2.0
PRJ-6400,Bridge,Jammu & Kashmir,5279.11,40,69.1,63.8,5.3,66.7,1.045,76.4,74.2,86.4,75.0,42,92.1,1,4.4,0,3.4,MEDIUM,2.9,6.8
PRJ-6401,Railway,Uttar Pradesh,3713.29,29,71.7,54.5,17.2,65.2,1.196,56.4,52.6,58.4,62.3,45,73.0,2,6.2,2,5.6,HIGH,5.1,15.3
PRJ-6402,Highway,Telangana,3723.26,25,75.0,57.0,18.0,72.6,1.274,42.1,32.3,49.0,48.7,197,72.6,9,5.3,2,8.8,CRITICAL,9.7,26.9
PRJ-6403,Bridge,Uttarakhand,3394.78,44,37.1,34.2,2.9,34.2,1.0,78.7,80.3,79.2,77.2,20,92.6,2,4.9,0,3.0,MEDIUM,1.5,7.2
PRJ-6404,Urban Development,Bihar,2458.62,20,24.3,22.3,2.0,24.1,1.081,94.1,86.3,93.3,88.7,3,88.4,2,1.9,0,1.4,LOW,0.1,0.3
PRJ-6405,Metro,Gujarat,5096.57,33,44.6,16.1,28.5,21.6,1.342,52.7,37.3,37.1,32.6,167,34.0,9,7.2,3,8.9,CRITICAL,11.2,27.7
PRJ-6406,Railway,Telangana,2370.92,24,86.5,72.4,14.1,88.5,1.222,57.0,62.5,59.8,61.6,45,79.1,7,6.7,2,5.7,HIGH,5.5,16.3
PRJ-6407,Irrigation,Delhi NCR,1675.73,32,31.5,19.5,12.0,21.6,1.108,63.2,61.0,60.4,62.9,83,60.8,1,3.2,2,6.9,HIGH,4.8,10.0
PRJ-6408,Power Infrastructure,Kerala,1494.94,19,40.2,8.9,31.3,11.9,1.337,49.4,51.8,42.0,51.7,223,18.0,7,7.0,3,7.4,CRITICAL,13.3,22.6
PRJ-6409,Urban Development,Madhya Pradesh,730.25,28,79.1,79.1,0.0,76.6,0.968,89.5,90.7,98.3,89.3,4,100.0,0,1.1,0,2.0,LOW,0.0,0.2
PRJ-6410,Power Infrastructure,Madhya Pradesh,2529.6,36,23.4,2.0,21.4,5.0,2.5,35.2,51.7,40.6,38.6,175,15.0,4,5.2,5,9.3,CRITICAL,10.9,21.1
PRJ-6411,Irrigation,Delhi NCR,1134.8,28,89.4,87.3,2.1,91.8,1.052,85.8,76.7,79.0,78.7,36,100.0,1,3.7,1,4.3,MEDIUM,3.3,5.9
PRJ-6412,Highway,Kerala,3939.85,31,56.2,38.5,17.7,43.6,1.132,66.7,63.4,65.9,59.1,73,64.9,2,5.9,3,7.1,HIGH,6.0,18.1
PRJ-6413,Airport,Andhra Pradesh,3008.96,24,24.3,20.9,3.4,22.0,1.053,82.1,73.3,82.0,83.4,33,79.8,2,4.1,1,3.2,MEDIUM,1.6,3.8
PRJ-6414,Urban Development,Jammu & Kashmir,266.74,22,90.1,77.6,12.5,84.7,1.091,61.4,52.2,57.4,63.6,105,84.6,4,6.2,3,7.0,HIGH,5.4,14.5
PRJ-6415,Railway,Madhya Pradesh,6655.91,26,66.9,60.9,6.0,63.9,1.049,85.4,73.9,82.4,78.5,24,98.9,1,3.2,0,2.6,MEDIUM,2.3,7.3
PRJ-6416,Urban Development,Maharashtra,580.76,21,21.1,21.1,0.0,21.1,1.0,93.8,87.3,89.0,95.6,0,99.5,0,2.3,0,1.8,LOW,0.2,0.0
PRJ-6417,Metro,Odisha,5282.24,29,49.5,48.3,1.2,46.9,0.971,88.2,98.0,89.7,94.1,4,100.0,0,0.9,0,1.2,LOW,0.0,0.3
PRJ-6418,Bridge,Karnataka,4482.6,29,49.3,30.2,19.1,37.1,1.228,57.1,60.7,58.3,61.8,108,68.4,7,5.7,2,6.7,HIGH,5.0,9.5
PRJ-6419,Irrigation,Jammu & Kashmir,1383.33,39,89.1,88.3,0.8,92.7,1.05,91.6,88.6,94.5,94.3,0,97.6,2,3.3,0,1.6,LOW,0.1,0.0
PRJ-6420,Highway,Rajasthan,3162.62,39,20.3,19.7,0.6,20.2,1.025,93.5,90.6,99.2,87.4,3,92.8,1,2.4,0,1.4,LOW,0.4,1.5
PRJ-6421,Water Supply,Kerala,800.68,29,86.4,80.7,5.7,83.9,1.04,76.1,82.5,77.9,72.9,42,87.8,1,2.9,1,2.6,MEDIUM,2.7,5.0
PRJ-6422,Bridge,Tamil Nadu,897.99,19,52.9,35.3,17.6,42.1,1.193,60.9,53.3,69.5,55.6,64,72.1,3,3.6,1,5.4,HIGH,7.8,12.1
PRJ-6423,Bridge,Assam,930.85,52,34.6,33.6,1.0,33.9,1.009,89.8,87.3,97.3,90.6,3,94.0,0,2.0,0,1.6,LOW,0.1,1.5
PRJ-6424,Railway,Madhya Pradesh,1357.26,57,83.6,83.6,0.0,85.5,1.023,98.8,98.2,90.3,94.2,2,100.0,0,1.4,0,2.0,LOW,0.2,1.9
PRJ-6425,Urban Development,Delhi NCR,1577.63,21,85.1,63.1,22.0,75.8,1.201,61.9,54.4,54.4,58.2,45,75.0,3,3.3,1,5.1,HIGH,4.5,11.1
PRJ-6426,Urban Development,Bihar,902.74,16,42.6,12.5,30.1,17.2,1.376,47.2,48.7,47.9,50.6,183,29.1,7,9.1,5,8.8,CRITICAL,10.6,32.4
PRJ-6427,Airport,Kerala,3054.16,34,46.7,46.7,0.0,47.0,1.006,94.9,97.0,96.8,86.7,0,100.0,0,1.5,0,1.5,LOW,0.0,2.3
PRJ-6428,Irrigation,Assam,1445.13,34,48.9,32.3,16.6,38.5,1.192,55.5,54.8,65.3,57.3,57,65.2,1,5.4,1,5.5,HIGH,4.8,13.4
PRJ-6429,Water Supply,Madhya Pradesh,1638.42,23,36.2,9.0,27.2,11.3,1.256,38.0,39.5,38.9,43.8,144,27.2,3,6.3,5,8.1,CRITICAL,8.9,22.3
PRJ-6430,Airport,West Bengal,1330.12,51,64.6,62.2,2.4,66.0,1.061,84.9,76.5,77.5,75.9,32,95.3,1,2.2,1,3.9,MEDIUM,2.5,6.7
PRJ-6431,Highway,Uttarakhand,1831.02,32,53.4,19.8,33.6,25.8,1.303,38.2,33.6,36.3,45.2,235,34.1,3,8.9,3,7.6,CRITICAL,7.7,21.8
PRJ-6432,Irrigation,Gujarat,208.17,42,57.2,40.5,16.7,44.2,1.091,64.0,60.7,59.5,68.9,80,68.1,1,3.9,1,5.7,HIGH,5.8,13.8
PRJ-6433,Water Supply,Delhi NCR,204.71,42,30.2,14.2,16.0,17.0,1.197,60.6,59.3,55.2,57.7,65,46.6,3,6.9,2,7.0,HIGH,5.5,19.1
PRJ-6434,Irrigation,Telangana,924.46,12,86.9,80.9,6.0,90.3,1.116,80.5,73.2,72.8,76.6,33,94.5,7,3.6,0,3.3,MEDIUM,1.8,8.3
PRJ-6435,Railway,Maharashtra,4213.99,46,86.1,85.5,0.6,86.9,1.016,88.8,94.5,95.1,93.7,4,100.0,0,1.5,0,1.8,LOW,0.1,1.5
PRJ-6436,Power Infrastructure,Karnataka,1205.41,31,60.8,38.3,22.5,47.8,1.248,62.6,55.6,59.9,62.2,71,65.3,4,5.1,2,6.7,HIGH,6.7,15.1
PRJ-6437,Power Infrastructure,Karnataka,1083.47,39,26.1,10.5,15.6,11.9,1.133,62.1,58.9,54.2,55.3,71,39.9,0,6.0,3,5.1,HIGH,6.5,15.4
PRJ-6438,Urban Development,Telangana,595.08,42,73.9,58.3,15.6,71.4,1.225,61.6,55.0,55.9,59.8,98,78.9,4,6.0,3,5.8,HIGH,4.5,14.7
PRJ-6439,Urban Development,Bihar,884.02,22,48.9,29.8,19.1,37.5,1.258,63.8,57.4,64.4,59.9,78,55.9,5,6.1,3,6.5,HIGH,6.8,11.9
PRJ-6440,Airport,Jammu & Kashmir,5852.51,52,45.1,45.1,0.0,43.3,0.96,98.2,94.3,90.9,97.1,0,100.0,0,3.7,0,0.5,LOW,0.2,0.8
PRJ-6441,Airport,Tamil Nadu,3891.31,58,45.8,45.8,0.0,46.6,1.017,98.7,91.8,99.5,94.2,3,100.0,0,1.7,0,1.3,LOW,0.2,2.4
PRJ-6442,Airport,Maharashtra,2069.09,46,34.5,6.0,28.5,7.3,1.217,50.7,41.9,49.5,45.9,171,17.2,2,5.8,5,8.0,CRITICAL,11.3,28.7
PRJ-6443,Power Infrastructure,Uttar Pradesh,1161.43,30,64.7,53.5,11.2,59.6,1.114,66.0,56.0,55.3,61.3,111,82.2,2,5.5,3,6.0,HIGH,5.7,15.2
PRJ-6444,Bridge,Telangana,12063.85,38,66.9,63.1,3.8,66.0,1.046,79.9,81.7,82.0,77.1,32,94.7,1,1.7,0,2.8,MEDIUM,3.1,6.9
PRJ-6445,Railway,Uttar Pradesh,2263.8,71,43.2,25.7,17.5,29.8,1.16,67.8,57.3,58.9,56.8,74,61.1,6,5.9,1,6.7,HIGH,5.3,13.5
PRJ-6446,Power Infrastructure,Telangana,5566.29,28,67.8,66.6,1.2,70.5,1.059,93.5,95.9,98.0,86.2,0,94.4,1,1.4,0,0.6,LOW,0.1,1.6
PRJ-6447,Highway,Odisha,1750.14,29,66.5,66.5,0.0,65.6,0.986,91.1,98.9,98.3,93.1,0,92.5,0,1.0,0,0.8,LOW,0.4,0.4
PRJ-6448,Irrigation,Maharashtra,634.84,33,91.1,84.4,6.7,94.0,1.114,81.3,70.8,74.8,75.5,28,97.1,2,3.9,1,4.0,MEDIUM,2.0,5.6
PRJ-6449,Highway,Madhya Pradesh,937.07,44,70.7,56.7,14.0,69.3,1.222,68.5,67.2,56.9,57.0,59,79.0,6,5.5,3,6.2,HIGH,6.2,12.4
PRJ-6450,Metro,Kerala,7981.82,44,32.1,32.1,0.0,31.4,0.978,95.8,86.9,98.7,87.5,0,96.3,0,2.8,0,0.5,LOW,0.5,2.2
PRJ-6451,Airport,Uttarakhand,4109.81,72,37.8,16.3,21.5,20.3,1.245,44.2,34.2,35.2,45.6,223,43.2,5,7.0,3,7.0,CRITICAL,15.1,27.4
PRJ-6452,Urban Development,Karnataka,632.58,21,51.7,51.7,0.0,54.2,1.048,89.6,95.1,98.5,97.8,6,100.0,0,1.2,0,0.5,LOW,0.0,1.4
PRJ-6453,Railway,Madhya Pradesh,4975.03,50,89.4,89.4,0.0,89.1,0.997,98.4,92.4,91.4,87.4,0,100.0,1,0.8,0,1.6,LOW,0.4,0.3
PRJ-6454,Metro,West Bengal,2469.66,24,52.1,49.4,2.7,52.0,1.053,72.1,74.0,84.2,75.0,36,93.4,3,2.4,1,4.5,MEDIUM,0.8,6.4
PRJ-6455,Water Supply,Tamil Nadu,674.61,34,28.7,14.7,14.0,17.3,1.177,70.8,58.1,65.1,61.6,63,51.7,3,4.9,2,6.9,HIGH,4.6,14.3
PRJ-6456,Airport,Rajasthan,2307.93,50,45.1,38.8,6.3,43.1,1.111,81.0,79.4,76.0,72.9,28,87.6,4,3.0,0,3.8,MEDIUM,3.0,6.5
PRJ-6457,Highway,Jammu & Kashmir,4251.12,23,56.1,55.8,0.3,55.7,0.998,94.5,93.8,94.6,94.3,1,99.8,0,2.9,0,1.5,LOW,0.2,1.4
PRJ-6458,Irrigation,Rajasthan,505.0,37,45.7,40.9,4.8,43.3,1.059,76.9,70.3,76.0,80.6,44,89.4,1,2.1,0,4.4,MEDIUM,2.7,5.6
PRJ-6459,Water Supply,Odisha,2671.27,25,35.1,31.4,3.7,32.3,1.029,75.7,80.6,86.2,73.9,20,90.7,2,3.3,1,3.9,MEDIUM,0.8,7.9
PRJ-6460,Water Supply,Gujarat,520.05,25,82.3,81.5,0.8,84.0,1.031,89.1,93.3,91.0,89.6,4,96.5,0,1.6,0,1.0,LOW,0.2,1.4
PRJ-6461,Airport,Telangana,4387.17,66,51.5,27.0,24.5,33.1,1.226,47.0,51.1,41.7,32.4,197,51.0,5,5.6,4,9.5,CRITICAL,8.5,21.8
PRJ-6462,Airport,Bihar,2292.0,66,77.3,76.7,0.6,77.5,1.01,92.4,93.2,88.7,90.6,0,92.2,1,0.3,0,0.7,LOW,0.1,0.7
PRJ-6463,Water Supply,Andhra Pradesh,1258.9,33,28.2,27.8,0.4,28.4,1.022,94.7,90.6,91.9,94.4,3,99.2,1,0.5,0,1.7,LOW,0.0,2.7
PRJ-6464,Metro,West Bengal,7244.36,38,49.7,43.4,6.3,46.5,1.071,82.2,81.4,82.7,83.3,43,86.1,3,4.0,0,2.7,MEDIUM,1.7,4.3
PRJ-6465,Airport,Karnataka,2139.46,72,21.0,6.8,14.2,7.4,1.088,64.8,64.6,56.2,61.8,80,36.3,1,6.4,1,6.8,HIGH,6.0,16.5
PRJ-6466,Water Supply,Himachal Pradesh,258.43,27,49.8,49.8,0.0,49.9,1.002,99.0,97.4,90.1,94.2,0,95.2,1,3.1,0,1.8,LOW,0.4,1.7
PRJ-6467,Bridge,Telangana,1377.23,18,80.5,80.5,0.0,80.7,1.002,98.1,97.5,89.1,94.7,1,100.0,0,1.3,0,1.3,LOW,0.2,1.2
PRJ-6468,Airport,Tamil Nadu,9649.98,24,68.3,55.3,13.0,66.0,1.193,67.0,67.5,68.1,67.5,61,83.6,6,4.3,3,6.4,HIGH,6.2,13.3
PRJ-6469,Airport,Delhi NCR,3825.25,57,79.8,52.9,26.9,73.4,1.388,53.1,41.9,47.9,32.9,136,69.5,12,7.4,2,8.4,CRITICAL,10.7,24.3
PRJ-6470,Urban Development,Bihar,1154.31,12,32.9,32.9,0.0,34.8,1.058,91.0,87.6,97.0,89.0,7,100.0,2,2.3,0,1.1,LOW,0.4,1.0
PRJ-6471,Water Supply,Odisha,155.99,36,75.5,56.8,18.7,67.8,1.194,58.4,61.3,59.1,57.5,94,75.5,5,5.4,3,6.2,HIGH,7.1,12.3
PRJ-6472,Railway,Karnataka,6314.19,36,90.9,84.6,6.3,86.5,1.022,79.4,83.5,77.0,78.6,30,91.7,1,2.1,0,3.6,MEDIUM,3.3,5.7
PRJ-6473,Urban Development,Delhi NCR,1396.56,21,62.8,47.5,15.3,54.9,1.156,56.9,55.5,61.1,61.1,67,78.0,3,5.8,1,5.3,HIGH,5.9,13.1
PRJ-6474,Irrigation,Uttarakhand,959.19,23,33.3,2.0,31.3,5.0,2.5,36.6,39.1,50.9,42.0,149,15.0,9,8.3,4,9.0,CRITICAL,11.1,19.0
PRJ-6475,Irrigation,Delhi NCR,321.09,34,59.9,43.3,16.6,49.9,1.152,64.4,68.5,54.3,58.4,74,72.1,4,5.6,3,6.9,HIGH,6.4,12.8
PRJ-6476,Irrigation,Odisha,737.76,25,68.1,62.0,6.1,66.4,1.071,84.3,75.1,82.5,73.8,29,91.3,0,3.6,1,3.7,MEDIUM,1.7,5.0
PRJ-6477,Power Infrastructure,Odisha,4749.46,18,43.2,18.7,24.5,23.8,1.273,40.6,37.7,47.1,50.5,123,45.0,6,9.2,5,9.3,CRITICAL,8.5,29.0
PRJ-6478,Water Supply,Delhi NCR,358.4,15,26.4,14.7,11.7,17.1,1.163,68.4,53.9,68.0,68.4,52,52.9,5,5.6,2,6.4,HIGH,6.3,16.1
PRJ-6479,Highway,Himachal Pradesh,2659.46,35,33.1,32.3,0.8,34.0,1.053,92.7,91.4,91.4,93.6,0,93.7,3,1.5,0,1.2,LOW,0.1,0.2
PRJ-6480,Highway,Odisha,590.46,43,73.1,71.6,1.5,70.8,0.989,91.5,96.6,89.1,92.3,8,98.4,0,0.2,0,1.2,LOW,0.2,1.0
PRJ-6481,Railway,Karnataka,2214.98,49,48.4,44.1,4.3,45.9,1.041,78.6,75.3,78.5,73.3,43,89.9,2,4.4,1,4.3,MEDIUM,1.7,9.6
PRJ-6482,Airport,Rajasthan,1487.61,46,47.3,28.7,18.6,33.1,1.153,42.0,36.9,44.3,46.4,126,64.5,3,6.6,3,8.2,CRITICAL,15.2,32.4
PRJ-6483,Urban Development,Kerala,594.17,33,72.0,65.6,6.4,69.2,1.055,84.7,77.0,79.8,75.2,31,90.7,3,5.1,0,4.8,MEDIUM,2.6,6.2
PRJ-6484,Metro,Himachal Pradesh,1558.17,35,53.0,51.9,1.1,50.7,0.977,95.7,89.1,97.0,91.9,0,93.8,1,1.7,0,2.0,LOW,0.0,1.1
PRJ-6485,Airport,Uttar Pradesh,7486.2,31,42.3,42.1,0.2,44.0,1.045,92.3,93.4,95.8,87.1,8,97.4,0,1.6,0,1.1,LOW,0.4,0.3
PRJ-6486,Water Supply,Karnataka,656.04,21,85.7,81.2,4.5,88.0,1.084,72.8,80.1,72.4,73.7,25,92.0,1,2.9,1,3.2,MEDIUM,2.6,8.1
PRJ-6487,Water Supply,Maharashtra,2352.31,30,25.2,20.4,4.8,21.5,1.054,73.2,73.5,78.1,71.1,33,82.7,1,3.9,1,4.4,MEDIUM,2.1,7.1
PRJ-6488,Power Infrastructure,Uttarakhand,928.28,34,22.3,22.3,0.0,22.4,1.004,92.0,86.6,98.2,89.4,0,100.0,0,2.0,0,2.0,LOW,0.2,1.2
PRJ-6489,Power Infrastructure,Uttar Pradesh,2174.68,34,41.7,37.6,4.1,38.0,1.011,74.0,71.9,77.6,78.3,26,84.1,0,4.0,0,3.3,MEDIUM,0.8,4.4
PRJ-6490,Railway,Uttar Pradesh,2969.62,68,43.2,42.1,1.1,41.5,0.986,95.9,97.6,90.5,94.4,1,98.6,0,1.4,0,1.4,LOW,0.9,1.8
PRJ-6491,Airport,Gujarat,4210.95,35,85.8,83.9,1.9,86.6,1.032,90.3,98.8,93.6,93.2,5,94.4,0,0.3,0,1.1,LOW,0.2,0.1
PRJ-6492,Irrigation,Gujarat,2623.33,35,52.1,50.6,1.5,51.5,1.018,76.5,81.4,84.2,73.8,34,97.2,3,2.2,1,2.6,MEDIUM,3.3,6.6
PRJ-6493,Airport,Jammu & Kashmir,3750.48,39,53.9,50.9,3.0,50.0,0.982,77.1,81.3,83.1,76.0,22,95.8,2,5.2,0,2.6,MEDIUM,3.0,8.1
PRJ-6494,Irrigation,Uttar Pradesh,282.28,12,26.2,26.1,0.1,26.5,1.015,92.1,89.6,94.2,95.1,0,100.0,1,0.4,0,2.1,LOW,0.3,0.7
PRJ-6495,Railway,Uttarakhand,1889.14,60,25.1,25.1,0.0,24.2,0.964,96.8,90.3,94.0,91.8,5,100.0,0,2.8,0,2.1,LOW,0.6,1.5
PRJ-6496,Highway,West Bengal,1125.95,40,60.3,54.7,5.6,62.4,1.141,81.8,83.8,82.8,77.6,37,97.6,0,2.2,0,3.8,MEDIUM,2.9,6.2
PRJ-6497,Urban Development,Karnataka,3209.25,30,37.5,35.7,1.8,38.2,1.07,88.8,91.7,91.1,94.4,0,93.4,1,0.4,0,1.0,LOW,0.6,2.2
PRJ-6498,Urban Development,Jammu & Kashmir,903.08,18,82.0,77.4,4.6,80.1,1.035,81.0,70.1,76.4,81.8,35,91.0,1,3.5,1,3.1,MEDIUM,1.8,7.5
PRJ-6499,Metro,Rajasthan,8969.45,41,23.3,2.0,21.3,5.0,2.5,51.1,40.5,39.3,53.1,148,15.0,8,5.3,2,7.4,CRITICAL,13.2,27.7
PRJ-6500,Metro,Telangana,5596.14,58,31.6,30.8,0.8,29.7,0.964,96.5,86.8,95.8,88.2,0,94.7,0,0.6,0,1.0,LOW,0.3,1.3
PRJ-6501,Airport,Maharashtra,3324.85,33,42.9,27.5,15.4,31.4,1.142,62.6,60.8,60.5,59.4,51,63.8,3,3.1,2,7.1,HIGH,5.0,14.5
PRJ-6502,Power Infrastructure,West Bengal,737.32,45,83.4,83.4,0.0,81.6,0.978,90.3,98.8,95.5,96.6,1,98.5,0,2.5,0,1.8,LOW,0.0,0.4
PRJ-6503,Railway,Tamil Nadu,1724.91,39,72.7,49.0,23.7,63.2,1.29,35.5,30.9,39.9,35.9,117,66.3,8,8.4,5,8.9,CRITICAL,11.8,24.5
PRJ-6504,Highway,Karnataka,730.13,35,21.6,14.3,7.3,15.7,1.098,83.4,78.7,73.3,79.0,31,65.9,4,1.6,0,3.2,MEDIUM,2.3,5.5
PRJ-6505,Railway,Uttarakhand,6132.36,62,24.2,20.7,3.5,23.5,1.135,72.1,79.6,82.8,78.5,35,92.7,5,5.1,0,4.5,MEDIUM,3.2,4.2
PRJ-6506,Railway,Rajasthan,10496.53,49,68.7,57.2,11.5,61.9,1.082,58.6,69.0,62.2,69.0,63,80.9,3,5.1,2,6.6,HIGH,6.3,16.0
PRJ-6507,Bridge,Gujarat,2509.64,34,66.6,45.2,21.4,59.6,1.319,36.0,37.8,51.5,34.6,159,67.8,7,8.5,4,8.8,CRITICAL,13.2,23.3
PRJ-6508,Power Infrastructure,Maharashtra,947.56,29,71.8,69.1,2.7,69.8,1.01,73.0,84.3,77.2,77.8,13,98.1,2,3.9,1,4.3,MEDIUM,1.6,7.2
PRJ-6509,Urban Development,Delhi NCR,177.62,31,74.9,74.7,0.2,76.1,1.019,89.3,88.4,98.0,97.7,5,98.5,0,0.6,0,1.4,LOW,0.2,0.6
PRJ-6510,Water Supply,Uttar Pradesh,717.22,19,35.6,35.6,0.0,33.2,0.933,90.3,96.1,93.3,97.2,8,97.8,0,0.8,0,0.8,LOW,0.0,2.1
PRJ-6511,Railway,Telangana,13301.52,40,25.6,19.8,5.8,22.5,1.136,84.7,76.5,78.6,80.0,40,74.4,3,1.5,1,4.3,MEDIUM,2.8,7.4
PRJ-6512,Water Supply,Jammu & Kashmir,236.52,19,41.8,41.8,0.0,44.5,1.065,93.1,94.0,99.1,87.3,1,100.0,0,3.3,0,1.4,LOW,0.3,0.9
PRJ-6513,Metro,Rajasthan,1969.8,56,22.5,22.5,0.0,21.1,0.938,94.9,89.5,88.8,85.4,3,100.0,0,0.8,0,0.9,LOW,0.0,0.0
PRJ-6514,Urban Development,Madhya Pradesh,3988.09,12,68.1,66.6,1.5,66.0,0.991,96.4,94.9,97.9,90.8,0,96.3,0,0.3,0,1.5,LOW,0.4,1.1
PRJ-6515,Power Infrastructure,Gujarat,3142.81,56,31.8,29.7,2.1,29.1,0.98,93.5,87.5,89.8,91.9,0,90.7,0,0.8,0,0.8,LOW,0.4,0.5
PRJ-6516,Water Supply,Karnataka,617.58,31,39.1,33.8,5.3,35.9,1.062,81.2,70.3,74.8,83.6,32,88.9,1,3.5,1,4.0,MEDIUM,3.3,5.8
PRJ-6517,Highway,Bihar,993.03,18,55.3,53.7,1.6,57.3,1.067,89.2,92.1,90.6,87.5,0,95.1,1,0.2,0,1.7,LOW,0.4,0.8
PRJ-6518,Metro,Rajasthan,4310.69,51,28.6,16.0,12.6,17.8,1.113,57.7,66.8,62.9,60.3,81,56.5,2,4.8,3,6.6,HIGH,5.8,13.6
PRJ-6519,Metro,Uttarakhand,1937.71,55,54.1,54.1,0.0,55.5,1.026,92.9,92.9,95.1,85.8,4,99.1,0,1.5,0,1.1,LOW,0.3,1.8
PRJ-6520,Urban Development,West Bengal,2824.89,30,53.5,44.5,9.0,47.0,1.056,72.3,84.5,72.0,80.7,20,85.3,0,3.6,1,2.6,MEDIUM,2.4,6.3
PRJ-6521,Power Infrastructure,Jammu & Kashmir,1444.87,37,36.3,26.0,10.3,29.0,1.115,58.8,61.2,54.6,61.6,45,70.7,3,5.7,2,6.7,HIGH,5.1,14.4
PRJ-6522,Airport,Telangana,2946.73,57,36.9,17.1,19.8,20.8,1.216,63.3,53.7,68.7,59.3,75,44.0,6,4.1,3,5.2,HIGH,5.2,12.7
PRJ-6523,Railway,Jammu & Kashmir,3682.27,40,45.8,45.8,0.0,47.1,1.028,89.0,95.2,91.5,91.2,7,98.3,0,2.5,0,0.5,LOW,0.5,1.8
PRJ-6524,Irrigation,Madhya Pradesh,156.25,31,23.6,23.6,0.0,25.2,1.068,91.1,93.8,97.2,86.4,1,100.0,0,0.6,0,2.0,LOW,0.2,0.0
PRJ-6525,Water Supply,Assam,473.3,16,26.6,26.6,0.0,26.9,1.011,97.2,91.5,88.2,96.0,3,100.0,0,3.1,0,2.0,LOW,0.0,1.2
PRJ-6526,Railway,Delhi NCR,9512.67,58,25.1,2.0,23.1,5.0,2.5,42.6,46.5,36.4,34.2,129,15.0,10,6.8,3,7.1,CRITICAL,9.3,32.1
PRJ-6527,Water Supply,Odisha,1559.88,28,27.6,26.1,1.5,26.4,1.011,95.7,86.6,90.9,85.5,1,98.8,0,1.3,0,2.0,LOW,0.2,1.5
PRJ-6528,Metro,Maharashtra,7963.74,61,83.7,71.3,12.4,80.7,1.132,61.2,57.2,62.0,58.5,91,86.8,2,4.6,2,5.4,HIGH,5.4,14.5
PRJ-6529,Airport,Delhi NCR,1600.45,47,82.8,70.6,12.2,80.8,1.144,60.1,66.2,66.6,64.4,79,83.5,4,7.0,2,6.0,HIGH,4.7,13.0
PRJ-6530,Railway,Assam,4629.37,34,59.6,30.0,29.6,39.2,1.307,53.5,34.8,44.8,37.2,153,48.1,4,10.0,2,8.1,CRITICAL,11.0,23.5
PRJ-6531,Highway,Telangana,4577.9,52,33.3,32.6,0.7,31.9,0.979,98.5,92.7,88.1,92.2,0,96.1,0,0.3,0,1.8,LOW,0.2,1.4
PRJ-6532,Highway,Delhi NCR,1586.2,50,70.8,69.6,1.2,71.9,1.033,92.7,86.4,93.1,88.1,4,98.7,0,0.3,0,1.5,LOW,0.1,1.0
PRJ-6533,Highway,Kerala,623.5,37,36.8,34.8,2.0,35.0,1.006,92.6,95.6,96.9,97.7,2,92.9,0,2.5,0,1.6,LOW,0.2,1.5
PRJ-6534,Metro,Delhi NCR,4477.88,55,66.0,57.1,8.9,61.9,1.084,80.3,82.5,78.7,76.9,34,90.6,1,2.3,1,4.1,MEDIUM,1.6,4.0
PRJ-6535,Power Infrastructure,Madhya Pradesh,1496.1,50,85.5,85.5,0.0,85.5,1.0,93.9,88.3,92.2,88.3,0,99.3,1,1.4,0,0.5,LOW,0.0,1.5
PRJ-6536,Highway,Bihar,1349.31,43,75.5,60.0,15.5,64.9,1.082,65.7,55.4,55.6,59.7,100,84.8,1,6.9,1,6.8,HIGH,7.4,11.7
PRJ-6537,Irrigation,Uttarakhand,980.75,29,53.1,31.6,21.5,40.7,1.288,49.1,43.6,54.9,44.9,110,58.2,7,9.9,3,8.1,CRITICAL,11.5,32.8
PRJ-6538,Urban Development,West Bengal,181.19,39,82.7,55.6,27.1,68.1,1.225,43.4,41.4,35.7,33.0,178,69.6,4,7.0,5,7.2,CRITICAL,9.1,30.2
PRJ-6539,Irrigation,Uttarakhand,1399.64,18,46.7,38.7,8.0,44.1,1.14,76.3,81.5,78.3,74.8,24,78.8,4,5.6,1,4.2,MEDIUM,1.9,5.9
PRJ-6540,Water Supply,Uttarakhand,2177.14,37,72.1,72.1,0.0,70.6,0.979,93.4,95.8,98.2,96.4,2,98.2,1,1.9,0,1.1,LOW,0.3,0.0
PRJ-6541,Railway,Bihar,1945.39,60,62.0,56.9,5.1,59.1,1.039,77.4,81.8,84.4,80.8,27,88.9,3,2.8,1,2.5,MEDIUM,3.2,5.1
PRJ-6542,Metro,Kerala,1345.01,65,91.3,91.3,0.0,95.1,1.042,89.0,93.9,96.3,87.8,6,100.0,1,3.4,0,0.9,LOW,0.3,1.2
PRJ-6543,Irrigation,Delhi NCR,1190.29,30,36.4,17.9,18.5,22.1,1.235,69.8,60.2,57.6,65.2,83,51.0,3,4.3,2,5.6,HIGH,5.5,14.8
PRJ-6544,Metro,Madhya Pradesh,2138.79,24,61.2,54.8,6.4,55.1,1.005,77.6,79.5,77.1,78.1,23,89.5,0,2.7,1,3.6,MEDIUM,1.4,8.0
PRJ-6545,Airport,Assam,3968.66,69,73.3,58.3,15.0,65.6,1.125,58.4,59.8,62.7,66.7,91,77.8,4,7.7,1,6.6,HIGH,4.8,13.6
PRJ-6546,Railway,Jammu & Kashmir,12385.78,73,83.0,79.7,3.3,83.5,1.048,80.8,74.5,72.9,74.5,32,92.6,2,5.5,1,3.5,MEDIUM,3.2,7.0
PRJ-6547,Water Supply,Jammu & Kashmir,531.96,44,86.4,86.4,0.0,88.2,1.021,94.9,98.3,90.2,88.4,0,100.0,1,2.1,0,1.2,LOW,0.5,0.7
PRJ-6548,Metro,Uttarakhand,7036.2,38,43.0,15.7,27.3,21.0,1.338,50.6,43.1,48.8,38.2,146,39.2,6,8.8,5,9.5,CRITICAL,13.5,30.3
PRJ-6549,Urban Development,Madhya Pradesh,5946.14,29,44.8,16.8,28.0,22.9,1.363,47.3,51.7,53.0,38.4,180,35.7,6,7.5,5,9.3,CRITICAL,10.7,29.8
PRJ-6550,Metro,Andhra Pradesh,1729.62,48,48.8,38.8,10.0,43.2,1.113,63.2,65.9,54.3,60.6,104,81.0,3,3.3,1,6.8,HIGH,4.0,13.5
PRJ-6551,Irrigation,Assam,1087.45,34,85.5,58.1,27.4,80.1,1.379,40.6,36.2,37.9,39.7,169,68.5,11,9.3,5,7.5,CRITICAL,12.3,31.3
PRJ-6552,Railway,Uttar Pradesh,2523.08,45,25.6,18.9,6.7,20.0,1.058,85.0,82.6,83.4,83.8,21,76.9,1,2.3,0,4.3,MEDIUM,2.8,5.6
PRJ-6553,Highway,Bihar,5889.61,50,42.2,22.0,20.2,27.4,1.245,51.4,46.4,39.9,45.0,110,54.5,6,5.1,2,7.0,CRITICAL,8.9,25.3
PRJ-6554,Bridge,Gujarat,2548.33,26,73.2,46.3,26.9,61.8,1.335,37.8,32.6,41.4,52.1,131,59.9,5,5.4,4,7.4,CRITICAL,11.1,24.7
PRJ-6555,Railway,Jammu & Kashmir,1559.88,77,66.9,47.5,19.4,55.5,1.168,70.9,66.2,55.7,68.0,116,70.9,1,5.4,2,6.9,HIGH,6.3,18.3
PRJ-6556,Power Infrastructure,Andhra Pradesh,2693.39,24,23.5,23.5,0.0,26.0,1.106,91.2,89.4,96.8,91.9,1,99.5,1,0.4,0,1.7,LOW,0.3,2.2
PRJ-6557,Bridge,Rajasthan,957.6,44,55.3,40.2,15.1,48.1,1.197,57.4,63.4,61.3,63.2,84,69.9,4,4.3,2,6.2,HIGH,5.9,12.3
PRJ-6558,Railway,Bihar,1459.46,46,49.1,47.2,1.9,47.5,1.006,91.8,88.2,96.4,90.8,0,99.6,0,2.4,0,1.4,LOW,0.4,1.2
PRJ-6559,Water Supply,Odisha,970.32,21,47.5,30.7,16.8,37.8,1.231,58.1,55.1,68.5,68.3,85,67.3,3,6.8,1,5.9,HIGH,6.3,13.2
PRJ-6560,Railway,Uttar Pradesh,3874.51,53,50.9,50.9,0.0,50.0,0.982,92.5,94.9,93.1,95.5,4,97.8,1,1.9,0,0.6,LOW,0.2,0.7
PRJ-6561,Airport,Gujarat,9050.25,71,75.8,73.4,2.4,78.3,1.067,97.8,93.5,98.0,85.2,0,95.3,0,1.9,0,0.7,LOW,0.1,2.1
PRJ-6562,Highway,Tamil Nadu,1218.2,31,78.4,73.3,5.1,79.6,1.086,72.4,81.2,81.2,78.3,29,91.1,2,4.0,0,2.7,MEDIUM,2.8,5.9
PRJ-6563,Power Infrastructure,Kerala,739.1,44,23.8,14.2,9.6,15.3,1.077,68.9,53.0,66.9,67.2,79,58.6,4,5.9,2,7.0,HIGH,4.0,12.3
PRJ-6564,Highway,Bihar,1366.01,49,59.8,27.1,32.7,35.1,1.295,47.5,39.3,47.3,35.4,161,46.4,4,7.7,4,7.9,CRITICAL,12.2,32.9
PRJ-6565,Irrigation,Gujarat,471.05,12,26.2,20.3,5.9,21.7,1.069,83.9,74.8,75.5,78.0,35,74.9,3,2.4,1,2.9,MEDIUM,3.0,6.7
PRJ-6566,Power Infrastructure,Assam,1303.73,34,77.1,73.4,3.7,78.6,1.071,72.3,72.5,84.8,82.4,47,94.7,1,5.8,1,3.4,MEDIUM,2.5,4.9
PRJ-6567,Metro,Himachal Pradesh,3363.11,27,78.3,76.7,1.6,75.9,0.99,90.4,99.0,96.0,94.5,1,95.8,0,1.4,0,1.9,LOW,0.2,1.6
PRJ-6568,Bridge,West Bengal,988.24,39,72.5,65.2,7.3,66.5,1.02,72.6,82.7,82.9,72.4,27,89.6,0,4.2,1,4.3,MEDIUM,2.2,6.2
PRJ-6569,Airport,Jammu & Kashmir,4333.85,63,55.5,41.2,14.3,50.0,1.214,55.6,56.7,67.3,64.5,86,74.8,4,5.0,2,5.8,HIGH,6.5,16.9
PRJ-6570,Power Infrastructure,Telangana,8154.43,26,75.3,75.3,0.0,75.0,0.996,88.8,90.4,98.1,90.4,0,100.0,1,1.1,0,2.0,LOW,0.1,0.8
PRJ-6571,Bridge,West Bengal,616.03,27,56.1,38.0,18.1,42.7,1.124,57.4,65.6,55.6,64.9,56,66.1,3,3.8,2,6.2,HIGH,4.5,13.1
PRJ-6572,Metro,Odisha,8368.09,66,33.9,13.6,20.3,16.1,1.184,55.6,52.5,65.2,69.0,56,35.3,5,4.8,1,6.8,HIGH,6.2,11.7
PRJ-6573,Urban Development,West Bengal,517.07,23,79.1,76.5,2.6,79.0,1.033,82.5,83.6,75.8,76.2,28,93.2,2,1.9,0,4.6,MEDIUM,2.5,4.7
PRJ-6574,Railway,Maharashtra,8815.25,42,32.9,12.1,20.8,13.6,1.124,59.5,61.0,68.5,64.8,49,33.3,0,5.2,1,5.5,HIGH,5.8,9.4
PRJ-6575,Railway,West Bengal,3973.26,47,75.8,70.1,5.7,76.0,1.084,82.3,79.6,73.0,77.8,16,89.6,4,3.7,1,4.6,MEDIUM,1.8,6.9
PRJ-6576,Highway,Karnataka,4549.03,26,54.3,23.6,30.7,30.1,1.275,46.2,46.0,35.6,44.2,167,43.4,3,5.9,4,8.0,CRITICAL,13.6,25.7
PRJ-6577,Highway,Kerala,1351.12,28,71.7,48.9,22.8,58.4,1.194,61.0,52.6,56.2,64.7,73,67.5,2,6.3,1,7.2,HIGH,7.3,12.9
PRJ-6578,Water Supply,Himachal Pradesh,371.05,16,28.2,24.4,3.8,24.2,0.992,75.8,71.0,82.7,79.3,35,86.2,2,3.4,1,4.1,MEDIUM,2.6,9.1
PRJ-6579,Railway,Andhra Pradesh,5407.57,56,83.4,63.9,19.5,75.8,1.186,65.1,62.4,57.0,66.7,71,78.5,2,6.4,1,5.6,HIGH,4.7,15.7
PRJ-6580,Metro,Uttarakhand,2059.75,46,78.6,73.8,4.8,79.4,1.076,80.3,70.3,73.4,77.5,20,94.0,1,3.0,1,3.6,MEDIUM,2.2,6.5
PRJ-6581,Power Infrastructure,West Bengal,1015.48,43,30.5,24.8,5.7,25.5,1.028,75.9,83.2,83.1,83.0,14,79.1,0,1.6,0,3.5,MEDIUM,1.6,4.0
PRJ-6582,Bridge,Jammu & Kashmir,4109.59,20,21.8,21.8,0.0,21.7,0.995,98.6,89.6,91.9,87.4,1,96.6,0,2.4,0,1.4,LOW,0.0,2.4
PRJ-6583,Urban Development,Kerala,975.98,31,82.9,56.6,26.3,71.2,1.258,47.7,40.5,47.0,49.3,181,65.9,4,8.4,3,7.7,CRITICAL,10.9,27.5
PRJ-6584,Irrigation,Himachal Pradesh,1487.01,43,61.9,61.7,0.2,60.1,0.974,89.0,90.3,88.9,85.2,3,93.8,0,1.9,0,0.6,LOW,0.3,1.4
PRJ-6585,Metro,Tamil Nadu,6373.69,58,64.0,34.0,30.0,45.3,1.332,47.9,39.1,42.4,36.1,122,53.7,7,7.1,4,7.1,CRITICAL,13.0,20.8
PRJ-6586,Power Infrastructure,Odisha,507.56,46,80.6,76.3,4.3,81.0,1.062,83.8,71.6,86.2,74.5,33,97.7,0,4.5,1,4.4,MEDIUM,2.5,7.3
PRJ-6587,Water Supply,Tamil Nadu,993.24,23,42.3,23.8,18.5,27.7,1.164,59.2,55.7,61.6,66.3,106,50.2,2,6.4,3,5.3,HIGH,5.3,13.2
PRJ-6588,Railway,Karnataka,10777.31,53,84.2,66.2,18.0,79.4,1.199,44.2,45.5,40.5,40.6,184,76.4,5,5.6,4,9.0,CRITICAL,11.4,23.2
PRJ-6589,Urban Development,Telangana,1001.26,12,27.6,21.3,6.3,22.9,1.075,78.9,81.8,85.9,79.5,19,76.7,1,3.5,1,4.1,MEDIUM,3.0,8.0
PRJ-6590,Railway,Gujarat,3034.46,60,56.0,56.0,0.0,53.8,0.961,98.7,95.2,93.8,96.4,0,100.0,0,2.5,0,1.4,LOW,0.4,1.3
PRJ-6591,Power Infrastructure,Rajasthan,2291.98,18,65.9,60.2,5.7,64.7,1.075,74.8,73.0,73.5,79.1,25,90.6,2,2.0,1,2.8,MEDIUM,1.1,7.7
PRJ-6592,Highway,Himachal Pradesh,2056.18,44,51.5,27.6,23.9,37.5,1.359,42.2,47.5,45.0,36.3,215,53.4,13,6.7,5,7.0,CRITICAL,7.3,28.7
PRJ-6593,Irrigation,Maharashtra,612.3,31,60.4,59.8,0.6,61.5,1.028,96.3,96.1,96.4,93.5,0,98.5,0,1.0,0,1.3,LOW,0.0,1.3
PRJ-6594,Bridge,Telangana,2833.94,41,69.6,69.3,0.3,65.5,0.945,98.0,94.8,90.0,89.9,4,97.9,0,1.8,0,1.2,LOW,0.1,1.9
PRJ-6595,Airport,Assam,3974.99,47,54.0,53.9,0.1,55.6,1.032,98.8,91.9,88.9,89.7,4,100.0,1,3.1,0,1.0,LOW,0.3,2.0
PRJ-6596,Irrigation,Tamil Nadu,1973.37,42,46.5,44.2,2.3,45.2,1.023,77.5,83.5,82.1,81.8,39,96.4,0,4.3,1,4.1,MEDIUM,2.2,5.8
PRJ-6597,Metro,Telangana,1466.41,30,79.2,77.7,1.5,80.6,1.037,74.9,83.7,85.4,72.7,38,95.0,3,4.4,0,2.7,MEDIUM,4.1,5.7
PRJ-6598,Railway,Himachal Pradesh,3045.26,27,78.9,63.4,15.5,74.4,1.174,58.6,63.4,66.6,65.6,70,83.5,3,7.8,1,6.6,HIGH,6.7,13.2
PRJ-6599,Bridge,Uttarakhand,1205.88,43,90.5,75.4,15.1,85.9,1.139,56.6,67.2,64.6,58.9,97,79.8,3,7.3,1,5.4,HIGH,5.2,12.1
PRJ-6600,Urban Development,Telangana,153.57,25,22.5,10.6,11.9,12.3,1.16,68.2,52.3,56.5,56.9,101,49.8,4,5.0,3,6.9,HIGH,6.5,15.4
PRJ-6601,Water Supply,Uttar Pradesh,1436.88,31,53.5,53.5,0.0,52.8,0.987,98.3,93.4,90.8,93.6,1,99.5,0,1.7,0,1.9,LOW,0.5,0.1
PRJ-6602,Urban Development,Gujarat,208.08,12,37.4,34.3,3.1,36.8,1.073,85.1,72.1,86.6,78.0,24,94.2,1,2.9,0,3.6,MEDIUM,2.7,9.6
PRJ-6603,Power Infrastructure,Madhya Pradesh,999.6,18,72.2,55.7,16.5,65.2,1.171,70.4,61.3,68.1,57.5,91,77.0,4,4.0,2,6.8,HIGH,4.8,16.2
PRJ-6604,Highway,Uttar Pradesh,4096.64,21,41.7,37.7,4.0,39.9,1.058,77.0,78.8,77.4,79.3,39,85.5,2,3.0,1,3.3,MEDIUM,2.3,8.1
PRJ-6605,Irrigation,Odisha,721.13,27,89.3,73.8,15.5,89.2,1.209,55.0,57.5,66.4,59.2,62,76.5,5,5.4,2,5.0,HIGH,5.7,15.5
PRJ-6606,Airport,West Bengal,3740.65,51,88.3,84.5,3.8,90.7,1.073,81.0,73.0,86.3,70.4,34,96.1,1,1.7,1,3.9,MEDIUM,1.7,5.8
PRJ-6607,Irrigation,Uttar Pradesh,750.21,17,67.5,59.8,7.7,67.0,1.12,83.9,77.6,86.5,77.5,30,91.9,2,3.1,1,2.8,MEDIUM,2.5,7.9
PRJ-6608,Metro,West Bengal,2887.21,56,57.8,57.1,0.7,59.6,1.044,98.7,96.0,99.3,94.8,0,100.0,0,2.5,0,1.5,LOW,0.0,1.5
PRJ-6609,Urban Development,Andhra Pradesh,556.44,19,55.2,55.2,0.0,57.7,1.045,93.8,87.1,98.3,86.4,8,99.1,0,1.1,0,1.1,LOW,0.5,1.5
PRJ-6610,Highway,Rajasthan,774.34,37,52.9,43.5,9.4,50.0,1.149,66.9,54.6,66.5,56.9,54,80.6,6,5.1,3,6.8,HIGH,4.0,12.1
PRJ-6611,Power Infrastructure,Tamil Nadu,3607.36,49,64.0,64.0,0.0,65.6,1.025,92.1,89.2,92.3,89.7,4,99.6,0,0.6,0,0.9,LOW,0.4,1.7
PRJ-6612,Highway,Kerala,3430.37,23,70.2,60.6,9.6,70.5,1.163,64.7,61.9,56.8,68.3,77,83.1,7,4.9,1,6.7,HIGH,6.9,11.2
PRJ-6613,Railway,Odisha,1817.17,82,21.5,2.0,19.5,5.0,2.5,39.9,47.7,47.1,43.1,128,15.0,5,9.3,3,8.9,CRITICAL,11.4,34.2
PRJ-6614,Railway,Himachal Pradesh,2361.57,40,48.3,32.1,16.2,38.0,1.184,64.3,68.8,54.5,58.0,96,68.3,2,4.8,1,6.9,HIGH,7.1,11.1
PRJ-6615,Power Infrastructure,Karnataka,1160.48,45,86.9,86.9,0.0,88.2,1.015,95.7,89.3,89.7,87.4,3,100.0,1,1.4,0,1.6,LOW,0.1,1.0
PRJ-6616,Airport,Uttar Pradesh,2825.68,56,71.5,71.5,0.0,74.9,1.048,98.2,98.2,97.8,92.3,3,98.0,2,1.2,0,1.5,LOW,0.3,0.0
PRJ-6617,Railway,Uttar Pradesh,2892.93,57,32.6,11.6,21.0,15.4,1.328,51.7,46.9,35.3,51.3,150,27.4,10,5.9,2,8.5,CRITICAL,6.5,20.5
PRJ-6618,Power Infrastructure,Uttarakhand,1150.84,46,44.5,37.4,7.1,40.2,1.075,81.8,77.0,82.4,75.0,50,84.0,0,5.1,1,2.6,MEDIUM,1.8,4.5
PRJ-6619,Bridge,Kerala,871.39,36,73.4,63.3,10.1,74.2,1.172,63.8,67.1,64.0,60.8,63,91.4,5,8.2,3,5.1,HIGH,5.2,11.9
PRJ-6620,Water Supply,Jammu & Kashmir,1121.59,38,46.5,40.6,5.9,43.0,1.059,75.7,81.4,73.6,74.5,40,83.5,1,4.7,1,3.5,MEDIUM,2.2,5.8
PRJ-6621,Airport,Rajasthan,2201.19,68,89.4,89.4,0.0,88.0,0.984,98.6,94.6,90.6,86.7,3,99.0,0,1.9,0,1.5,LOW,0.2,0.8
PRJ-6622,Highway,Uttar Pradesh,1872.81,39,43.3,28.1,15.2,32.4,1.153,63.2,52.4,56.8,58.6,75,61.8,2,5.5,1,7.0,HIGH,5.4,14.7
PRJ-6623,Highway,West Bengal,560.86,42,89.1,75.4,13.7,85.7,1.137,64.6,67.9,60.2,66.5,118,81.2,1,5.7,3,5.4,HIGH,4.0,18.3
PRJ-6624,Urban Development,Assam,291.35,31,89.7,89.3,0.4,87.1,0.975,98.4,96.2,99.4,95.7,4,100.0,0,3.9,0,1.4,LOW,0.2,1.5
PRJ-6625,Highway,Himachal Pradesh,1851.7,21,37.2,2.0,35.2,5.0,2.5,51.1,49.0,42.5,39.8,157,15.0,6,6.8,2,7.1,CRITICAL,8.7,25.3
PRJ-6626,Power Infrastructure,Uttar Pradesh,4227.5,34,48.6,46.6,2.0,48.8,1.047,98.0,95.1,92.1,90.8,6,97.1,0,2.2,0,0.6,LOW,0.3,0.9
PRJ-6627,Water Supply,Assam,567.85,18,34.4,16.4,18.0,20.7,1.262,46.5,33.3,44.9,49.1,132,51.5,7,10.0,2,9.1,CRITICAL,9.6,28.1
PRJ-6628,Metro,Odisha,2861.12,37,71.9,67.6,4.3,77.4,1.145,84.9,82.4,79.8,70.2,24,96.8,2,2.1,0,3.4,MEDIUM,2.8,8.9
PRJ-6629,Water Supply,Himachal Pradesh,1545.9,30,27.4,13.5,13.9,16.1,1.193,65.3,54.0,65.4,57.9,66,46.2,4,6.0,2,6.1,HIGH,6.0,13.3
PRJ-6630,Metro,Gujarat,15173.14,58,66.9,33.4,33.5,43.5,1.302,48.4,31.2,48.0,37.0,143,48.8,0,6.4,4,8.4,CRITICAL,11.4,28.3
PRJ-6631,Power Infrastructure,Gujarat,1259.38,43,89.3,71.3,18.0,83.0,1.164,45.5,37.5,37.3,43.5,134,81.6,4,8.6,2,8.3,CRITICAL,10.5,24.2
PRJ-6632,Irrigation,Kerala,181.63,33,42.4,40.9,1.5,43.5,1.064,85.8,75.6,74.2,73.6,24,98.5,2,6.1,0,3.6,MEDIUM,3.0,6.3
PRJ-6633,Bridge,Andhra Pradesh,927.63,35,80.5,79.0,1.5,83.8,1.061,76.8,70.9,85.4,72.3,31,99.8,3,2.9,0,3.6,MEDIUM,3.2,4.9
PRJ-6634,Water Supply,Uttar Pradesh,812.38,26,45.4,42.6,2.8,42.8,1.005,76.2,84.0,73.2,70.6,28,91.1,3,2.9,0,3.8,MEDIUM,2.8,4.3
PRJ-6635,Bridge,Rajasthan,2802.63,49,65.8,31.8,34.0,43.9,1.381,38.3,40.5,44.9,39.7,193,46.0,9,5.1,3,8.1,CRITICAL,14.1,33.1
PRJ-6636,Railway,Maharashtra,5123.89,40,58.8,57.2,1.6,59.5,1.04,79.9,82.1,78.7,82.1,34,100.0,0,4.4,0,3.7,MEDIUM,2.8,5.9
PRJ-6637,Bridge,Odisha,818.49,46,56.9,56.9,0.0,55.5,0.975,95.6,86.5,96.2,89.4,0,100.0,1,1.2,0,1.7,LOW,0.1,0.9
PRJ-6638,Urban Development,Uttar Pradesh,200.94,25,20.7,14.6,6.1,15.9,1.089,75.6,71.3,82.4,77.8,37,69.9,3,3.9,1,3.4,MEDIUM,3.8,10.9
PRJ-6639,Highway,Rajasthan,2410.12,32,89.5,88.0,1.5,88.0,1.0,83.0,84.0,84.1,75.5,32,98.6,3,4.4,0,3.0,MEDIUM,2.8,8.7
PRJ-6640,Highway,Tamil Nadu,1776.95,40,89.6,79.8,9.8,88.9,1.114,64.1,65.7,68.4,61.7,45,84.9,2,6.3,3,5.7,HIGH,4.9,14.6
PRJ-6641,Highway,Karnataka,2751.93,43,44.6,43.2,1.4,42.0,0.972,98.6,97.3,99.3,87.4,0,92.2,0,1.5,0,2.0,LOW,0.2,0.9
PRJ-6642,Power Infrastructure,Bihar,2028.94,51,62.1,41.4,20.7,51.7,1.249,64.8,56.5,56.0,55.8,53,67.5,6,3.2,1,5.1,HIGH,4.3,15.1
PRJ-6643,Airport,Uttar Pradesh,6505.21,24,80.9,44.4,36.5,62.1,1.399,48.1,32.7,46.7,46.9,170,55.5,7,6.6,3,7.9,CRITICAL,10.0,16.3
PRJ-6644,Irrigation,Kerala,1335.01,14,59.0,45.4,13.6,52.2,1.15,65.2,62.4,59.4,58.4,89,75.9,5,6.2,1,7.2,HIGH,5.8,17.5
PRJ-6645,Bridge,Telangana,1135.54,20,66.6,65.0,1.6,67.2,1.034,90.7,98.4,94.8,91.2,5,98.9,0,0.7,0,0.7,LOW,0.4,2.0
PRJ-6646,Metro,Assam,1430.98,70,75.5,75.5,0.0,76.6,1.015,98.9,87.9,93.4,88.1,0,98.6,1,3.8,0,0.7,LOW,0.5,1.9
PRJ-6647,Power Infrastructure,Gujarat,1686.53,26,70.1,70.1,0.0,69.5,0.991,88.9,91.5,93.0,89.7,10,100.0,0,1.3,0,2.1,LOW,0.3,0.7
PRJ-6648,Railway,Tamil Nadu,2970.5,50,67.5,59.0,8.5,66.8,1.132,63.5,59.9,62.9,58.8,95,86.4,3,5.1,1,5.6,HIGH,6.0,11.8
PRJ-6649,Airport,Himachal Pradesh,3380.87,45,80.3,56.2,24.1,73.6,1.31,39.2,31.1,46.3,52.4,166,70.8,5,10.0,3,8.8,CRITICAL,12.9,25.1
PRJ-6650,Bridge,Jammu & Kashmir,3978.4,33,71.7,39.9,31.8,55.3,1.386,43.4,33.2,42.3,38.9,166,59.9,6,6.4,2,7.9,CRITICAL,13.2,20.2
PRJ-6651,Irrigation,Rajasthan,1967.47,12,81.2,66.6,14.6,81.9,1.23,61.9,68.8,55.6,68.5,80,84.0,6,4.4,2,6.3,HIGH,6.0,10.3
PRJ-6652,Power Infrastructure,Telangana,5764.83,39,31.3,22.8,8.5,25.8,1.132,66.0,57.0,61.9,63.9,79,73.9,5,6.2,1,5.7,HIGH,6.0,14.8
PRJ-6653,Irrigation,Himachal Pradesh,1077.88,27,21.5,2.0,19.5,5.0,2.5,35.3,51.2,42.5,47.0,146,15.0,3,7.5,4,7.2,CRITICAL,7.8,27.1
PRJ-6654,Airport,Rajasthan,8987.32,24,70.9,59.0,11.9,69.7,1.181,70.2,59.4,68.4,59.5,63,86.5,3,5.8,1,7.1,HIGH,5.8,12.2
PRJ-6655,Urban Development,Madhya Pradesh,555.56,12,61.6,61.6,0.0,58.5,0.95,95.6,91.4,95.6,86.4,3,98.0,0,0.3,0,1.0,LOW,0.1,1.4
PRJ-6656,Irrigation,Himachal Pradesh,1277.94,27,89.1,86.2,2.9,96.3,1.117,73.8,79.5,77.4,77.9,42,96.3,3,3.9,0,2.5,MEDIUM,1.9,7.1
PRJ-6657,Urban Development,Gujarat,1164.36,23,68.6,68.6,0.0,70.1,1.022,97.6,96.9,95.2,88.8,2,98.7,2,2.1,0,1.1,LOW,0.0,1.2
PRJ-6658,Highway,Kerala,2666.44,34,26.5,23.2,3.3,23.9,1.03,84.3,80.7,86.7,83.5,41,89.2,1,3.4,1,2.5,MEDIUM,2.4,4.3
PRJ-6659,Water Supply,Jammu & Kashmir,779.57,33,67.2,47.2,20.0,57.9,1.227,56.1,56.5,69.4,66.7,59,70.6,1,6.7,2,5.2,HIGH,4.8,15.1
PRJ-6660,Airport,Tamil Nadu,3177.91,42,21.6,19.5,2.1,20.1,1.031,93.9,92.2,92.8,88.8,4,84.0,0,0.6,0,1.4,LOW,0.3,0.6
PRJ-6661,Bridge,Karnataka,2906.42,39,21.6,2.0,19.6,5.0,2.5,59.2,64.7,55.8,67.1,45,15.0,2,5.6,1,6.1,HIGH,5.3,10.9
PRJ-6662,Urban Development,Rajasthan,283.64,26,50.4,50.4,0.0,49.0,0.972,98.1,94.5,92.7,90.4,1,97.4,0,1.1,0,1.1,LOW,0.5,0.9
PRJ-6663,Airport,Himachal Pradesh,4516.32,49,49.1,12.4,36.7,17.6,1.419,44.7,36.7,42.4,40.3,220,26.2,8,7.9,3,7.0,CRITICAL,16.3,26.1
PRJ-6664,Bridge,Gujarat,2539.43,34,47.9,47.1,0.8,47.2,1.002,94.1,89.2,97.8,86.5,8,96.5,0,1.6,0,0.9,LOW,0.0,0.9
PRJ-6665,Irrigation,Karnataka,1620.26,37,44.3,33.1,11.2,37.1,1.121,61.0,52.1,64.8,62.4,97,74.6,2,4.8,3,6.7,HIGH,5.9,14.3
PRJ-6666,Highway,Rajasthan,1897.22,41,20.1,13.4,6.7,14.6,1.09,80.1,75.7,86.4,79.1,32,66.5,2,3.9,1,4.7,MEDIUM,2.0,6.8
PRJ-6667,Power Infrastructure,Delhi NCR,2404.88,56,87.3,85.7,1.6,88.4,1.032,72.1,76.6,75.1,76.8,40,97.6,1,2.2,0,4.6,MEDIUM,2.1,8.0
PRJ-6668,Railway,Maharashtra,10495.49,42,24.6,24.6,0.0,25.1,1.02,91.7,93.5,98.8,86.2,3,100.0,2,2.0,0,1.2,LOW,0.5,3.1
PRJ-6669,Power Infrastructure,Uttar Pradesh,2419.99,22,24.8,20.7,4.1,22.7,1.097,77.6,84.2,72.7,79.2,28,85.9,3,3.1,0,3.3,MEDIUM,2.4,8.1
PRJ-6670,Airport,Madhya Pradesh,4317.37,71,79.2,55.3,23.9,72.0,1.302,39.9,49.3,40.6,45.2,109,67.0,6,9.3,5,7.6,CRITICAL,13.1,26.4
PRJ-6671,Water Supply,Telangana,426.94,35,42.0,21.7,20.3,24.4,1.124,66.7,61.0,58.2,67.3,60,53.0,1,4.4,3,7.0,HIGH,5.8,11.3
PRJ-6672,Railway,Uttar Pradesh,1873.71,24,68.3,68.3,0.0,65.9,0.965,97.3,87.5,99.3,95.1,1,94.8,0,2.4,0,0.5,LOW,0.2,1.2
PRJ-6673,Airport,Assam,4825.18,61,82.6,77.4,5.2,88.0,1.137,79.9,71.0,76.6,78.5,19,91.1,1,4.4,1,3.8,MEDIUM,2.2,5.7
PRJ-6674,Power Infrastructure,Maharashtra,466.49,26,30.8,18.0,12.8,20.7,1.15,57.8,60.4,65.5,61.2,122,59.2,2,4.1,1,5.4,HIGH,4.6,14.8
PRJ-6675,Water Supply,Assam,165.91,21,89.4,71.0,18.4,81.0,1.141,70.8,62.8,63.0,56.0,91,77.4,3,5.5,1,5.8,HIGH,7.7,15.0
PRJ-6676,Power Infrastructure,Uttar Pradesh,506.37,37,58.2,34.3,23.9,44.0,1.283,51.5,44.2,45.8,50.7,127,61.3,5,5.2,5,8.5,CRITICAL,11.6,20.2
PRJ-6677,Bridge,West Bengal,1072.88,40,44.7,34.3,10.4,41.5,1.21,56.5,57.3,63.3,63.3,87,82.8,4,3.6,1,5.9,HIGH,5.9,12.9
PRJ-6678,Water Supply,Bihar,767.86,26,74.7,71.5,3.2,72.3,1.011,80.3,72.3,72.2,80.1,40,96.8,0,2.4,1,4.8,MEDIUM,2.1,4.4
PRJ-6679,Water Supply,Himachal Pradesh,793.66,21,22.1,2.0,20.1,5.0,2.5,38.0,34.4,54.9,32.4,186,15.0,4,6.6,5,8.3,CRITICAL,13.9,24.6
PRJ-6680,Highway,Telangana,4312.19,18,61.0,31.5,29.5,42.1,1.337,46.4,48.8,48.7,50.9,202,51.1,7,6.5,5,8.6,CRITICAL,13.9,22.9
PRJ-6681,Highway,Himachal Pradesh,1064.77,48,43.2,43.2,0.0,43.6,1.009,91.3,96.0,94.2,91.1,1,99.1,0,1.9,0,0.9,LOW,0.3,0.9
PRJ-6682,Irrigation,Maharashtra,429.56,29,56.0,55.6,0.4,58.6,1.054,96.6,88.0,98.8,97.8,1,100.0,0,1.8,0,1.1,LOW,0.2,0.4
PRJ-6683,Irrigation,Madhya Pradesh,173.35,15,60.3,47.0,13.3,55.0,1.17,57.4,64.9,62.7,64.2,75,78.1,4,6.0,2,5.3,HIGH,5.9,15.6
PRJ-6684,Bridge,Maharashtra,493.09,26,58.9,30.8,28.1,42.5,1.38,41.4,47.5,39.1,52.7,218,56.0,8,6.8,3,8.0,CRITICAL,14.7,20.5
PRJ-6685,Irrigation,Odisha,473.53,24,48.0,46.8,1.2,46.5,0.994,95.1,98.3,100.0,89.4,4,100.0,0,1.4,0,1.2,LOW,0.2,0.9
PRJ-6686,Water Supply,Uttar Pradesh,1581.13,28,61.5,46.9,14.6,52.5,1.119,60.7,53.9,59.1,62.0,90,70.5,1,4.9,1,5.5,HIGH,6.7,11.3
PRJ-6687,Railway,Himachal Pradesh,3278.04,47,20.1,20.1,0.0,20.0,0.995,88.1,96.4,91.5,92.0,6,100.0,0,2.2,0,1.8,LOW,0.4,0.3
PRJ-6688,Water Supply,Telangana,614.93,34,21.7,18.7,3.0,20.6,1.102,77.9,83.7,84.5,75.8,34,88.8,2,3.0,1,4.0,MEDIUM,1.7,6.8
PRJ-6689,Urban Development,Delhi NCR,1082.95,25,82.2,68.5,13.7,84.8,1.238,58.5,60.0,68.4,57.1,87,83.0,4,5.0,3,6.2,HIGH,5.9,17.2
PRJ-6690,Water Supply,Uttarakhand,242.14,46,47.7,47.7,0.0,48.5,1.017,89.6,91.4,90.2,93.8,6,100.0,0,1.9,0,1.7,LOW,0.1,0.8
PRJ-6691,Airport,Bihar,1390.9,60,35.1,26.7,8.4,29.4,1.101,74.3,77.0,80.9,78.4,45,68.1,1,3.3,1,3.4,MEDIUM,3.1,7.6
PRJ-6692,Water Supply,Delhi NCR,519.26,34,62.8,62.8,0.0,63.0,1.003,90.9,90.1,88.4,93.5,0,97.9,0,0.7,0,1.6,LOW,0.1,0.0
PRJ-6693,Bridge,Karnataka,3414.15,34,55.4,46.8,8.6,49.3,1.053,73.9,76.9,81.0,77.0,33,85.9,0,3.3,0,4.6,MEDIUM,3.0,6.2
PRJ-6694,Highway,Madhya Pradesh,3220.32,27,23.3,8.0,15.3,9.6,1.2,59.5,53.7,62.5,60.7,63,34.9,5,5.0,1,6.9,HIGH,5.7,12.1
PRJ-6695,Airport,Tamil Nadu,6361.11,32,29.9,2.0,27.9,5.0,2.5,39.4,46.8,50.6,36.1,125,15.0,4,8.1,3,9.3,CRITICAL,17.8,28.1
PRJ-6696,Bridge,Himachal Pradesh,2289.16,37,31.8,30.3,1.5,31.6,1.043,77.4,72.0,72.1,82.5,35,89.7,3,4.0,1,4.6,MEDIUM,2.0,4.6
PRJ-6697,Airport,Andhra Pradesh,1452.64,31,32.4,14.0,18.4,16.6,1.186,63.8,67.9,64.9,57.2,116,41.9,4,4.8,1,5.6,HIGH,5.9,16.0
PRJ-6698,Water Supply,Uttar Pradesh,150.88,21,63.3,61.4,1.9,62.1,1.011,85.0,84.5,79.9,71.9,36,97.6,2,3.3,0,3.6,MEDIUM,2.9,6.0
PRJ-6699,Airport,Kerala,7499.66,61,44.2,30.5,13.7,37.7,1.236,68.1,57.8,68.8,59.7,107,70.0,5,7.8,3,5.2,HIGH,5.7,16.8
PRJ-6700,Airport,Madhya Pradesh,5552.67,55,33.7,28.4,5.3,31.4,1.106,81.4,74.5,75.9,80.5,42,83.1,2,4.2,0,4.0,MEDIUM,2.3,6.9
PRJ-6701,Highway,Gujarat,1625.72,25,37.9,37.9,0.0,38.2,1.008,89.1,96.4,91.2,94.5,6,100.0,0,0.5,0,1.5,LOW,0.3,0.0
PRJ-6702,Airport,Andhra Pradesh,3894.53,42,64.6,51.2,13.4,58.4,1.141,66.1,54.3,65.9,64.3,88,76.4,3,3.3,3,6.6,HIGH,5.4,13.4
PRJ-6703,Airport,Bihar,19735.35,56,55.4,42.6,12.8,48.1,1.129,68.7,61.5,61.1,66.6,88,75.1,2,6.5,3,6.2,HIGH,6.4,12.0
PRJ-6704,Power Infrastructure,Delhi NCR,2773.34,56,56.5,52.3,4.2,55.5,1.061,83.3,78.5,83.4,74.7,26,92.0,1,4.2,1,3.6,MEDIUM,2.9,6.7
PRJ-6705,Highway,Delhi NCR,2230.85,18,43.2,41.0,2.2,40.6,0.99,96.3,96.1,94.3,95.5,0,97.7,0,0.4,0,1.4,LOW,0.3,0.4
PRJ-6706,Highway,Delhi NCR,667.47,44,39.2,26.0,13.2,30.4,1.169,70.2,53.9,65.3,55.3,92,65.5,6,5.5,1,5.6,HIGH,5.0,14.2
PRJ-6707,Highway,Kerala,1958.27,19,38.1,9.0,29.1,12.3,1.367,41.8,47.8,43.0,42.2,183,25.3,9,8.4,2,8.0,CRITICAL,9.2,26.9
PRJ-6708,Power Infrastructure,Himachal Pradesh,1915.75,56,75.0,55.8,19.2,67.2,1.204,57.9,60.3,65.3,58.2,67,76.4,5,6.9,3,6.2,HIGH,6.6,10.0
PRJ-6709,Bridge,Odisha,977.83,40,68.8,41.6,27.2,54.5,1.31,41.2,37.1,48.5,33.6,245,55.2,6,5.8,5,9.4,CRITICAL,10.8,31.7
PRJ-6710,Highway,Tamil Nadu,1128.27,26,73.5,43.9,29.6,55.0,1.253,50.1,33.8,47.9,48.2,173,61.3,4,7.5,2,8.2,CRITICAL,11.6,28.7
PRJ-6711,Airport,Himachal Pradesh,4651.42,45,22.7,16.2,6.5,17.9,1.105,75.7,81.2,77.8,83.4,33,69.0,1,3.0,1,4.7,MEDIUM,3.3,6.6
PRJ-6712,Irrigation,Tamil Nadu,1409.07,25,75.7,73.8,1.9,72.5,0.982,97.9,95.7,93.4,91.1,2,95.4,0,2.3,0,0.6,LOW,0.3,1.1
PRJ-6713,Power Infrastructure,Bihar,2163.19,18,69.3,43.5,25.8,57.9,1.331,37.0,32.1,37.0,35.3,153,67.9,7,7.9,5,7.0,CRITICAL,10.6,28.9
PRJ-6714,Airport,Madhya Pradesh,2955.52,40,20.1,4.2,15.9,5.0,1.19,69.9,59.6,66.2,62.7,94,22.3,2,3.6,3,5.8,HIGH,6.5,15.4
PRJ-6715,Airport,Jammu & Kashmir,4320.33,53,90.5,66.9,23.6,86.2,1.288,42.7,30.8,49.9,51.4,269,73.6,7,6.0,5,9.3,CRITICAL,10.2,27.2
PRJ-6716,Metro,Rajasthan,9524.71,24,50.4,32.4,18.0,36.5,1.127,45.8,33.8,47.3,51.1,114,68.1,2,7.6,3,8.5,CRITICAL,13.3,22.9
PRJ-6717,Metro,Karnataka,5413.49,47,66.2,65.8,0.4,71.4,1.085,96.2,87.8,95.1,90.5,1,100.0,4,1.6,0,0.9,LOW,0.1,0.5
PRJ-6718,Highway,Rajasthan,812.3,31,60.1,44.4,15.7,48.6,1.095,64.6,61.7,68.9,63.2,56,74.5,1,3.1,2,6.5,HIGH,4.4,10.7
PRJ-6719,Railway,Uttar Pradesh,2108.35,52,39.6,33.6,6.0,34.4,1.024,81.4,72.9,84.0,72.3,37,86.8,2,3.8,0,4.4,MEDIUM,2.6,4.2
PRJ-6720,Metro,Uttarakhand,3669.31,53,64.8,64.6,0.2,64.3,0.995,94.4,98.7,90.0,95.5,3,98.4,0,1.9,0,1.3,LOW,0.2,1.1
PRJ-6721,Power Infrastructure,Andhra Pradesh,1458.84,54,53.7,30.2,23.5,37.5,1.242,41.0,44.1,36.8,44.5,187,57.1,4,7.2,3,7.2,CRITICAL,14.6,27.7
PRJ-6722,Highway,Himachal Pradesh,2359.81,26,79.7,64.5,15.2,77.0,1.194,61.4,54.9,67.3,69.0,88,79.0,3,5.8,3,5.4,HIGH,4.9,14.9
PRJ-6723,Bridge,Uttar Pradesh,2776.88,42,84.8,84.8,0.0,85.3,1.006,97.7,89.8,93.2,85.4,4,100.0,0,1.4,0,1.6,LOW,0.2,0.6
PRJ-6724,Airport,Madhya Pradesh,1321.39,53,65.0,52.6,12.4,55.9,1.063,59.9,68.8,66.9,63.0,74,85.5,2,4.0,1,6.0,HIGH,6.5,15.3
PRJ-6725,Highway,Kerala,3293.61,40,27.9,27.6,0.3,29.0,1.051,88.9,96.5,97.3,90.0,7,97.4,0,3.3,0,1.0,LOW,0.0,0.1
PRJ-6726,Urban Development,Uttar Pradesh,1322.31,23,88.3,85.9,2.4,86.4,1.006,73.6,82.8,81.7,75.0,42,92.1,0,3.9,0,4.5,MEDIUM,1.1,4.3
PRJ-6727,Bridge,Kerala,3289.49,41,89.5,88.7,0.8,84.8,0.956,97.4,87.5,88.5,97.6,6,94.9,0,1.4,0,1.9,LOW,0.3,1.4
PRJ-6728,Railway,Tamil Nadu,2335.69,59,41.4,38.4,3.0,40.5,1.055,79.9,84.8,76.7,75.7,30,92.2,1,2.7,0,3.1,MEDIUM,2.5,8.0
PRJ-6729,Urban Development,Delhi NCR,897.73,29,46.9,23.8,23.1,28.5,1.197,41.3,44.6,37.0,40.0,127,49.1,2,5.8,5,8.5,CRITICAL,11.3,22.8
PRJ-6730,Railway,Uttarakhand,23000.87,37,91.8,87.2,4.6,93.3,1.07,84.5,77.8,83.1,80.0,33,92.6,2,4.2,1,2.6,MEDIUM,2.2,7.4
PRJ-6731,Railway,Rajasthan,4785.39,70,83.8,76.6,7.2,77.6,1.013,72.8,78.8,83.5,73.2,40,94.4,2,3.6,1,3.4,MEDIUM,3.2,7.0
PRJ-6732,Bridge,Andhra Pradesh,1930.93,37,80.8,75.5,5.3,83.8,1.11,84.4,84.4,82.3,73.6,52,93.1,3,3.4,0,4.5,MEDIUM,1.6,5.8
PRJ-6733,Irrigation,Odisha,778.75,25,33.6,17.0,16.6,20.0,1.176,55.4,57.0,62.2,65.1,60,56.1,3,3.8,1,6.2,HIGH,6.7,14.9
PRJ-6734,Railway,Odisha,4243.75,43,76.1,42.1,34.0,59.1,1.404,45.0,49.9,45.9,43.7,185,59.2,7,8.7,5,8.7,CRITICAL,7.9,24.7
PRJ-6735,Airport,Karnataka,2680.52,40,55.6,54.1,1.5,52.8,0.976,74.0,82.1,74.7,81.0,39,97.4,0,3.2,0,3.3,MEDIUM,2.8,6.9
PRJ-6736,Highway,Andhra Pradesh,1200.78,34,55.7,54.0,1.7,56.3,1.043,99.0,93.6,94.2,89.8,0,96.8,1,1.2,0,1.6,LOW,0.1,1.1
PRJ-6737,Irrigation,Andhra Pradesh,607.69,36,39.6,39.6,0.0,41.5,1.048,94.1,97.1,90.0,89.0,3,99.1,1,1.0,0,0.6,LOW,0.2,0.9
PRJ-6738,Water Supply,Kerala,448.08,24,46.9,39.4,7.5,41.2,1.046,80.6,78.9,75.6,73.4,30,84.7,1,3.2,1,3.6,MEDIUM,2.6,7.7
PRJ-6739,Power Infrastructure,Telangana,4300.16,25,89.6,89.6,0.0,89.9,1.003,97.0,88.7,92.6,92.2,2,100.0,1,0.7,0,1.3,LOW,0.2,1.8
PRJ-6740,Highway,Bihar,1644.72,41,37.2,25.6,11.6,28.9,1.129,64.9,52.8,56.4,57.1,104,65.6,3,5.4,3,6.6,HIGH,5.6,13.2
PRJ-6741,Irrigation,Uttar Pradesh,3449.45,27,22.6,10.6,12.0,11.8,1.113,68.5,52.8,54.4,68.2,66,52.8,2,4.7,1,6.0,HIGH,4.9,12.8
PRJ-6742,Airport,Karnataka,15688.01,33,22.3,2.0,20.3,5.0,2.5,35.6,40.2,41.3,40.9,166,15.0,5,7.3,4,7.1,CRITICAL,9.6,22.7
PRJ-6743,Highway,Gujarat,542.93,53,67.7,67.7,0.0,66.8,0.987,96.7,88.3,95.6,92.0,0,99.5,0,2.0,0,1.7,LOW,0.4,2.0
PRJ-6744,Bridge,Andhra Pradesh,575.63,18,76.3,60.9,15.4,76.1,1.25,64.6,53.3,55.2,56.2,99,75.1,7,5.5,3,6.2,HIGH,5.5,16.0
PRJ-6745,Urban Development,Uttarakhand,455.54,30,20.8,17.3,3.5,18.0,1.04,78.6,76.2,83.8,80.7,19,84.0,2,4.3,0,4.5,MEDIUM,3.8,6.4
PRJ-6746,Irrigation,West Bengal,163.72,26,28.2,28.2,0.0,28.4,1.007,93.8,96.8,92.9,93.8,2,100.0,0,0.9,0,0.7,LOW,0.5,2.1
PRJ-6747,Water Supply,Uttar Pradesh,2195.5,16,22.7,22.7,0.0,23.0,1.013,92.1,90.5,95.0,93.2,0,100.0,1,0.4,0,1.1,LOW,0.1,1.5
PRJ-6748,Metro,Assam,2767.82,52,67.0,59.0,8.0,69.0,1.169,58.7,64.2,67.2,57.0,64,87.7,4,5.6,3,6.5,HIGH,5.7,14.7
PRJ-6749,Railway,Tamil Nadu,4275.53,56,72.8,48.8,24.0,66.8,1.369,45.7,31.0,39.3,43.4,167,70.7,12,7.1,3,8.4,CRITICAL,10.1,23.7
PRJ-6750,Bridge,Uttarakhand,925.17,38,62.1,62.1,0.0,66.9,1.077,95.3,90.2,92.9,92.8,0,93.3,2,3.3,0,1.7,LOW,0.3,1.3
PRJ-6751,Urban Development,Odisha,895.54,27,72.1,72.1,0.0,72.5,1.006,91.9,92.8,100.0,97.8,0,99.7,0,0.3,0,2.2,LOW,0.0,0.7
PRJ-6752,Urban Development,Gujarat,675.47,31,66.4,61.8,4.6,66.9,1.083,72.6,77.6,72.5,77.6,40,94.7,2,4.0,0,4.8,MEDIUM,3.4,5.7
PRJ-6753,Urban Development,Uttar Pradesh,1157.38,18,79.7,68.1,11.6,77.6,1.14,68.9,65.9,61.9,58.6,84,88.1,3,6.2,1,5.7,HIGH,3.8,11.9
PRJ-6754,Power Infrastructure,Uttarakhand,2241.26,40,28.8,24.0,4.8,26.7,1.113,80.6,82.8,78.2,71.3,38,81.3,4,4.0,1,4.2,MEDIUM,2.4,8.5
PRJ-6755,Urban Development,Delhi NCR,578.19,24,40.1,19.2,20.9,22.9,1.193,41.8,46.2,47.8,51.6,140,43.2,4,6.0,4,8.6,CRITICAL,11.1,27.2
PRJ-6756,Irrigation,Madhya Pradesh,845.24,22,79.7,71.6,8.1,76.1,1.063,74.6,78.4,85.5,81.6,21,97.3,1,1.5,0,3.4,MEDIUM,2.0,8.6
PRJ-6757,Bridge,Telangana,2809.3,32,90.2,74.4,15.8,84.9,1.141,59.6,54.6,66.7,63.4,59,80.5,3,4.6,2,6.2,HIGH,3.6,13.8
PRJ-6758,Bridge,Andhra Pradesh,3511.11,24,71.1,69.7,1.4,68.5,0.983,91.8,90.3,93.3,87.7,0,98.2,1,0.5,0,1.6,LOW,0.0,0.5
PRJ-6759,Bridge,Kerala,1259.88,46,50.4,44.6,5.8,47.3,1.061,82.3,79.8,73.7,76.7,41,84.8,1,3.1,0,4.2,MEDIUM,2.7,5.1
PRJ-6760,Bridge,Delhi NCR,477.21,41,23.9,7.1,16.8,8.3,1.169,55.9,58.7,56.6,60.7,107,31.4,1,4.9,1,5.0,HIGH,4.3,12.5
PRJ-6761,Irrigation,Gujarat,1079.67,35,38.1,37.4,0.7,40.1,1.072,94.4,97.7,92.8,97.6,6,94.5,1,0.7,0,1.9,LOW,0.1,1.1
PRJ-6762,Bridge,Delhi NCR,515.71,57,41.0,25.4,15.6,28.7,1.13,60.3,52.6,64.6,65.3,100,58.7,1,5.8,3,6.3,HIGH,6.1,16.7
PRJ-6763,Water Supply,Kerala,602.04,33,32.0,30.4,1.6,29.9,0.984,93.1,92.4,88.7,89.6,3,96.9,2,2.6,0,1.8,LOW,0.5,1.3
PRJ-6764,Railway,Kerala,6100.0,59,55.2,49.7,5.5,49.7,1.0,83.3,80.2,86.8,83.9,26,85.8,1,2.9,1,2.8,MEDIUM,2.8,2.7
PRJ-6765,Urban Development,Uttarakhand,609.11,14,91.3,71.5,19.8,83.0,1.161,56.5,56.6,65.2,65.5,45,79.2,2,6.0,3,5.2,HIGH,5.0,12.3
PRJ-6766,Railway,Kerala,1982.94,67,83.2,81.5,1.7,83.9,1.029,89.0,93.5,90.2,93.6,5,94.9,0,2.1,0,1.5,LOW,0.0,1.4
PRJ-6767,Power Infrastructure,Rajasthan,2910.96,33,63.4,57.6,5.8,62.6,1.087,77.4,70.7,86.4,83.8,27,87.3,1,1.6,0,3.2,MEDIUM,2.8,7.4
PRJ-6768,Power Infrastructure,Odisha,2588.45,31,64.8,43.4,21.4,53.3,1.228,67.6,57.9,66.7,60.0,59,67.4,3,3.6,2,6.4,HIGH,5.7,11.9
PRJ-6769,Bridge,Karnataka,2918.36,49,61.7,45.9,15.8,53.4,1.163,59.6,66.0,57.5,60.1,70,74.8,2,6.6,1,6.5,HIGH,3.2,16.8
PRJ-6770,Urban Development,Rajasthan,554.16,31,29.4,27.2,2.2,26.4,0.971,88.6,91.8,90.8,92.8,0,92.2,0,1.4,0,1.6,LOW,0.1,1.8
PRJ-6771,Water Supply,Karnataka,767.21,29,33.0,4.6,28.4,6.0,1.304,41.8,38.9,36.3,41.9,130,15.0,7,9.4,2,9.4,CRITICAL,10.1,20.3
PRJ-6772,Airport,Telangana,9112.09,69,51.2,51.2,0.0,53.0,1.035,88.6,86.4,95.4,87.9,0,100.0,0,2.1,0,1.9,LOW,0.1,1.5
PRJ-6773,Irrigation,Andhra Pradesh,605.01,28,69.9,64.2,5.7,71.8,1.118,74.2,74.6,75.7,76.9,32,95.4,2,4.2,0,2.6,MEDIUM,0.8,5.3
PRJ-6774,Railway,Tamil Nadu,1602.72,32,44.4,38.7,5.7,41.2,1.065,79.8,77.9,83.0,82.4,27,85.1,3,1.6,0,4.3,MEDIUM,2.5,6.8
PRJ-6775,Water Supply,Odisha,985.27,26,88.1,84.6,3.5,85.7,1.013,75.2,74.3,85.4,81.0,45,91.9,1,3.5,0,2.5,MEDIUM,2.7,8.0
PRJ-6776,Urban Development,Karnataka,726.82,22,49.3,28.6,20.7,35.2,1.231,42.8,47.5,52.5,50.4,216,56.1,3,7.5,5,8.4,CRITICAL,10.2,28.6
PRJ-6777,Power Infrastructure,West Bengal,552.8,38,39.9,39.6,0.3,41.1,1.038,94.6,97.3,88.4,92.6,6,100.0,1,2.3,0,0.7,LOW,0.6,1.9
PRJ-6778,Metro,Delhi NCR,6303.89,83,20.3,20.3,0.0,19.8,0.975,91.4,90.8,93.3,86.9,0,100.0,0,1.3,0,1.3,LOW,0.0,0.7
PRJ-6779,Highway,Bihar,1666.85,49,42.0,11.4,30.6,15.3,1.342,47.1,30.6,43.4,41.9,190,25.2,7,6.3,3,8.8,CRITICAL,12.4,26.8
PRJ-6780,Railway,Odisha,2518.88,41,32.2,25.5,6.7,27.9,1.094,83.7,75.3,72.6,80.2,25,79.5,1,2.0,1,4.6,MEDIUM,1.9,6.7
PRJ-6781,Airport,Himachal Pradesh,1941.32,70,33.9,32.4,1.5,34.6,1.068,84.2,74.6,83.5,76.7,37,100.0,4,3.2,1,4.1,MEDIUM,1.6,7.2
PRJ-6782,Power Infrastructure,Gujarat,745.42,46,25.5,24.3,1.2,25.0,1.029,92.8,98.0,97.2,87.2,0,97.1,1,1.5,0,1.7,LOW,0.0,0.3
PRJ-6783,Metro,Uttar Pradesh,4544.88,47,87.6,87.6,0.0,87.8,1.002,88.9,88.7,98.3,86.6,4,100.0,0,2.4,0,2.0,LOW,0.0,1.1
PRJ-6784,Water Supply,Maharashtra,1130.18,23,23.1,6.9,16.2,7.7,1.116,69.6,57.2,62.7,68.3,91,29.9,1,5.8,2,5.4,HIGH,3.1,15.0
PRJ-6785,Metro,Tamil Nadu,4053.76,37,91.7,84.2,7.5,90.4,1.074,79.5,80.9,76.4,76.9,32,97.2,1,3.0,1,2.7,MEDIUM,2.6,6.6
PRJ-6786,Metro,Uttarakhand,2652.06,31,54.1,45.5,8.6,49.6,1.09,80.4,74.3,82.8,71.0,44,82.7,1,5.0,1,4.5,MEDIUM,2.6,10.3
PRJ-6787,Urban Development,Assam,274.31,35,81.8,75.3,6.5,81.9,1.088,79.1,72.6,73.5,82.4,25,93.6,3,2.9,0,2.6,MEDIUM,2.3,7.9
PRJ-6788,Water Supply,Kerala,3309.52,20,31.0,28.2,2.8,29.0,1.028,75.9,79.6,77.9,80.7,36,88.8,0,3.6,0,3.3,MEDIUM,2.0,6.0
PRJ-6789,Metro,Assam,14342.38,36,87.7,75.4,12.3,87.5,1.16,64.0,60.1,65.7,59.0,65,79.7,5,6.5,2,5.6,HIGH,6.4,14.2
PRJ-6790,Urban Development,Rajasthan,1174.98,42,80.1,79.8,0.3,80.2,1.005,93.9,96.1,91.2,94.9,2,97.6,1,0.2,0,2.0,LOW,0.2,0.5
PRJ-6791,Airport,Gujarat,3808.16,45,76.2,72.2,4.0,77.5,1.073,85.3,79.9,77.2,79.3,33,94.6,2,3.5,0,4.1,MEDIUM,2.7,9.5
PRJ-6792,Irrigation,Andhra Pradesh,185.55,18,48.1,48.1,0.0,48.4,1.006,88.0,87.2,97.0,91.5,5,100.0,0,1.9,0,2.1,LOW,0.1,1.7
PRJ-6793,Railway,Uttar Pradesh,1771.53,40,67.5,33.1,34.4,43.8,1.323,44.4,45.3,51.5,39.9,121,48.5,4,9.1,2,8.6,CRITICAL,12.0,21.0
PRJ-6794,Railway,Kerala,2764.39,68,26.1,22.0,4.1,23.2,1.055,83.8,81.0,80.7,75.9,31,82.4,2,3.7,0,4.3,MEDIUM,2.2,5.4
PRJ-6795,Power Infrastructure,Odisha,1695.63,32,55.3,26.8,28.5,35.1,1.31,52.7,33.6,45.9,37.7,90,47.7,4,7.1,2,9.4,CRITICAL,12.3,23.3
PRJ-6796,Power Infrastructure,Odisha,1727.35,45,86.1,63.5,22.6,84.3,1.328,35.3,33.3,41.1,46.2,159,72.7,7,8.3,3,8.2,CRITICAL,10.5,22.4
PRJ-6797,Airport,Jammu & Kashmir,1875.48,44,79.7,74.6,5.1,78.2,1.048,83.6,83.4,83.0,73.4,32,91.8,1,3.1,0,3.2,MEDIUM,2.1,8.4
PRJ-6798,Metro,Bihar,9012.22,66,57.0,57.0,0.0,55.3,0.97,89.3,92.8,96.3,95.3,0,98.9,0,0.7,0,2.1,LOW,0.2,1.0
PRJ-6799,Urban Development,Tamil Nadu,1002.36,26,82.3,71.9,10.4,80.9,1.125,59.8,62.7,59.9,59.0,54,85.5,2,4.8,2,5.9,HIGH,5.1,15.0
PRJ-6800,Metro,Maharashtra,6006.4,61,21.8,15.5,6.3,16.6,1.071,80.3,83.9,83.9,77.4,43,70.1,2,4.2,0,4.6,MEDIUM,2.7,6.2
PRJ-6801,Irrigation,Delhi NCR,1938.22,35,26.9,26.9,0.0,26.3,0.978,91.4,91.7,88.1,96.1,4,100.0,0,0.7,0,1.9,LOW,0.2,0.0
PRJ-6802,Water Supply,Andhra Pradesh,687.24,30,62.0,58.2,3.8,60.3,1.036,78.8,74.2,85.1,71.7,27,96.3,2,2.0,0,2.8,MEDIUM,2.8,6.7
PRJ-6803,Power Infrastructure,Bihar,1595.76,30,69.9,63.4,6.5,67.3,1.062,80.7,70.9,77.0,74.3,29,86.4,0,2.4,0,4.2,MEDIUM,2.2,7.2
PRJ-6804,Urban Development,Madhya Pradesh,304.37,35,28.1,26.3,1.8,27.0,1.027,96.4,94.0,96.6,87.7,2,97.5,0,2.4,0,2.1,LOW,0.0,1.4
PRJ-6805,Railway,Rajasthan,6286.52,49,31.4,4.8,26.6,6.3,1.312,35.2,41.8,47.2,52.3,172,15.4,8,8.5,2,8.6,CRITICAL,12.1,25.2
PRJ-6806,Airport,Jammu & Kashmir,9223.94,60,29.5,24.3,5.2,26.4,1.086,76.4,80.0,83.0,72.2,41,78.7,4,5.1,1,3.6,MEDIUM,2.4,4.8
PRJ-6807,Irrigation,Uttar Pradesh,159.24,12,33.0,29.6,3.4,29.7,1.003,78.2,76.3,81.2,72.3,24,90.9,0,2.3,0,4.3,MEDIUM,1.4,5.4
PRJ-6808,Urban Development,Uttarakhand,525.18,28,50.7,17.9,32.8,23.3,1.302,40.4,35.5,41.1,35.4,193,39.7,3,8.0,2,8.0,CRITICAL,10.8,25.5
PRJ-6809,Urban Development,Odisha,603.4,28,22.6,16.7,5.9,17.9,1.072,79.5,79.3,81.3,82.0,29,68.7,2,4.4,1,3.0,MEDIUM,2.7,6.1
PRJ-6810,Airport,Andhra Pradesh,2901.31,41,39.0,37.7,1.3,40.0,1.061,95.7,97.8,95.7,96.8,6,97.0,1,2.0,0,1.6,LOW,0.0,1.6
PRJ-6811,Water Supply,Andhra Pradesh,3523.33,35,57.2,51.4,5.8,54.9,1.068,85.7,84.3,85.0,73.9,36,87.1,2,4.1,1,4.6,MEDIUM,2.3,4.5
PRJ-6812,Metro,Karnataka,7292.27,68,51.1,51.1,0.0,49.9,0.977,93.2,87.4,95.6,92.8,0,100.0,1,1.5,0,1.4,LOW,0.2,0.0
PRJ-6813,Highway,West Bengal,464.66,61,40.3,7.6,32.7,10.7,1.408,51.4,34.4,45.4,51.7,154,26.2,7,8.3,2,8.5,CRITICAL,12.2,25.0
PRJ-6814,Water Supply,Uttarakhand,1484.0,28,26.2,7.1,19.1,8.4,1.183,42.4,34.6,51.7,46.1,213,31.4,5,7.0,5,7.7,CRITICAL,8.7,27.6
PRJ-6815,Airport,Andhra Pradesh,3491.5,34,85.8,60.9,24.9,80.5,1.322,43.8,48.7,49.1,53.2,171,73.5,10,7.1,4,9.3,CRITICAL,11.7,18.7
PRJ-6816,Railway,Kerala,2246.88,43,24.4,13.6,10.8,16.3,1.199,65.1,61.7,63.4,57.0,87,57.5,6,4.6,2,6.5,HIGH,5.5,15.4
PRJ-6817,Airport,Bihar,3185.02,51,39.9,9.2,30.7,11.7,1.272,47.9,42.1,54.0,45.9,189,24.6,3,7.9,4,9.4,CRITICAL,10.0,18.1
PRJ-6818,Railway,Telangana,1905.35,41,58.8,38.6,20.2,47.1,1.22,63.5,53.1,69.4,59.1,100,72.6,3,3.9,3,6.8,HIGH,5.8,18.3
PRJ-6819,Airport,Jammu & Kashmir,2998.33,50,47.5,46.4,1.1,45.3,0.976,90.5,94.7,95.1,97.6,0,97.7,0,2.4,0,2.1,LOW,0.2,2.0
PRJ-6820,Power Infrastructure,Rajasthan,1081.41,34,24.6,6.2,18.4,7.5,1.21,62.1,60.2,55.1,60.5,69,20.1,3,3.2,1,6.4,HIGH,5.6,12.7
PRJ-6821,Metro,Telangana,1635.7,37,78.8,57.9,20.9,66.9,1.155,56.1,68.6,63.9,61.5,79,73.7,3,4.0,2,5.2,HIGH,5.0,16.8
PRJ-6822,Airport,Gujarat,9702.4,57,70.3,39.5,30.8,49.3,1.248,40.7,37.1,37.1,38.8,170,57.2,2,5.2,5,8.1,CRITICAL,6.5,29.8
PRJ-6823,Bridge,Madhya Pradesh,10980.39,29,63.1,45.1,18.0,54.0,1.197,36.3,43.9,47.9,45.0,129,68.7,7,8.9,2,8.5,CRITICAL,9.8,29.5
PRJ-6824,Metro,Gujarat,3916.55,67,85.0,71.1,13.9,82.9,1.166,58.8,62.6,68.8,65.5,89,84.5,3,4.2,3,6.5,HIGH,4.0,13.5
PRJ-6825,Bridge,Himachal Pradesh,1970.91,29,80.9,80.9,0.0,79.2,0.979,93.8,93.3,89.6,92.3,3,100.0,0,3.8,0,1.8,LOW,0.3,1.6
PRJ-6826,Urban Development,Bihar,834.22,22,39.6,39.6,0.0,38.9,0.982,89.8,97.0,89.8,90.9,4,94.4,0,2.0,0,0.9,LOW,0.2,0.0
PRJ-6827,Highway,Uttar Pradesh,909.32,31,55.1,54.3,0.8,53.9,0.993,90.6,96.6,90.2,95.1,0,99.6,1,0.9,0,2.0,LOW,0.0,1.4
PRJ-6828,Urban Development,Himachal Pradesh,2622.41,37,49.2,49.2,0.0,47.8,0.972,92.6,91.4,94.6,96.9,0,95.3,0,3.2,0,0.6,LOW,0.0,0.7
PRJ-6829,Bridge,Maharashtra,695.68,44,74.1,70.6,3.5,78.5,1.112,77.7,71.6,84.3,83.4,29,96.4,8,3.2,0,3.0,MEDIUM,2.4,8.5
PRJ-6830,Power Infrastructure,Maharashtra,803.39,34,74.9,68.6,6.3,70.7,1.031,82.0,76.9,72.4,78.0,15,90.3,1,4.0,1,4.0,MEDIUM,2.0,7.2
PRJ-6831,Irrigation,West Bengal,530.23,24,80.3,76.0,4.3,78.7,1.036,72.9,73.8,82.9,75.0,33,95.6,2,4.2,1,3.6,MEDIUM,2.2,7.1
PRJ-6832,Airport,Odisha,5624.96,49,39.5,27.1,12.4,30.6,1.129,69.5,63.6,65.1,63.8,65,69.0,3,3.5,1,6.3,HIGH,5.0,14.0
PRJ-6833,Power Infrastructure,Uttarakhand,4201.88,37,38.9,35.9,3.0,38.7,1.078,72.9,71.0,79.0,74.2,39,92.6,2,5.7,0,3.0,MEDIUM,2.1,8.3
PRJ-6834,Metro,Delhi NCR,1853.21,42,66.7,65.9,0.8,65.8,0.998,88.9,89.4,98.0,89.6,0,100.0,0,2.3,0,1.9,LOW,0.1,1.1
PRJ-6835,Airport,Gujarat,8240.14,65,47.8,38.9,8.9,44.0,1.131,69.7,60.5,65.2,59.9,73,74.2,1,6.3,2,6.2,HIGH,5.5,15.8
PRJ-6836,Railway,Delhi NCR,13934.29,45,24.6,2.5,22.1,5.0,2.0,36.5,41.3,53.7,36.5,144,15.0,5,6.3,5,8.1,CRITICAL,9.8,32.8
PRJ-6837,Water Supply,Jammu & Kashmir,1166.32,23,40.4,25.0,15.4,28.1,1.124,67.6,52.5,61.2,65.8,97,63.6,2,7.7,3,6.2,HIGH,5.5,13.2
PRJ-6838,Airport,Tamil Nadu,6460.2,52,70.7,68.3,2.4,68.7,1.006,80.8,77.4,76.6,78.5,39,93.4,0,3.0,0,2.8,MEDIUM,1.2,4.9
PRJ-6839,Metro,Madhya Pradesh,2969.26,56,55.6,37.6,18.0,44.9,1.194,56.3,59.7,54.3,67.7,88,66.2,1,5.5,2,6.4,HIGH,6.2,14.3
PRJ-6840,Railway,Kerala,3297.25,45,33.8,25.8,8.0,27.2,1.054,63.5,52.1,61.5,56.3,76,72.4,3,7.9,3,6.7,HIGH,3.9,15.3
PRJ-6841,Railway,Rajasthan,2636.66,41,64.6,44.7,19.9,54.7,1.224,61.7,66.3,61.1,59.5,95,65.8,3,4.9,1,5.7,HIGH,7.4,15.4
PRJ-6842,Railway,Andhra Pradesh,2008.32,60,89.5,88.0,1.5,90.5,1.028,75.1,83.3,80.2,83.0,31,92.2,0,4.3,1,4.6,MEDIUM,1.3,8.3
PRJ-6843,Metro,Uttarakhand,1585.77,51,87.7,80.3,7.4,83.8,1.044,76.1,77.4,72.8,78.1,12,94.6,1,4.0,0,3.1,MEDIUM,3.3,5.1
PRJ-6844,Irrigation,Madhya Pradesh,792.92,34,76.5,45.0,31.5,60.9,1.353,53.3,41.9,52.0,51.4,235,56.0,7,8.0,3,8.7,CRITICAL,12.2,19.3
PRJ-6845,Power Infrastructure,Uttarakhand,817.64,35,22.5,22.5,0.0,22.1,0.982,91.5,88.5,92.8,90.9,0,100.0,1,2.0,0,0.9,LOW,0.3,1.5
PRJ-6846,Railway,Andhra Pradesh,5706.89,72,54.0,53.6,0.4,52.3,0.976,93.4,94.1,97.8,85.1,8,97.4,0,2.4,0,1.9,LOW,0.3,1.5
PRJ-6847,Highway,Odisha,2012.51,42,48.6,47.9,0.7,49.6,1.035,90.3,93.3,96.0,93.0,1,100.0,0,0.3,0,2.0,LOW,0.3,2.7
PRJ-6848,Railway,Uttarakhand,3587.85,40,81.5,80.5,1.0,77.6,0.964,97.7,87.9,98.1,91.3,0,100.0,0,1.7,0,0.6,LOW,0.3,1.1
PRJ-6849,Irrigation,West Bengal,335.57,27,62.0,60.5,1.5,59.4,0.982,78.4,80.9,72.6,78.4,49,100.0,0,4.5,0,3.4,MEDIUM,2.1,4.6
PRJ-6850,Urban Development,Uttar Pradesh,616.69,26,65.1,36.4,28.7,45.9,1.261,50.5,38.1,36.9,37.7,190,57.7,4,6.5,3,7.4,CRITICAL,12.7,27.1
PRJ-6851,Highway,Rajasthan,2648.1,24,32.3,32.3,0.0,32.2,0.997,94.7,92.2,94.7,92.8,4,98.5,0,2.4,0,1.1,LOW,0.3,0.5
PRJ-6852,Metro,Assam,1294.66,24,88.2,74.9,13.3,88.7,1.184,66.7,52.4,65.7,66.6,68,81.1,6,5.5,2,5.8,HIGH,5.0,8.8
PRJ-6853,Bridge,West Bengal,2993.33,29,47.3,41.6,5.7,42.5,1.022,74.1,70.9,72.4,79.9,33,89.6,1,4.1,0,4.0,MEDIUM,2.3,5.1
PRJ-6854,Airport,Jammu & Kashmir,6257.44,53,78.2,78.2,0.0,76.1,0.973,90.1,93.0,98.9,94.7,1,100.0,0,1.6,0,1.7,LOW,0.0,1.6
PRJ-6855,Metro,Jammu & Kashmir,3794.42,35,51.7,51.7,0.0,52.9,1.023,95.6,89.5,92.9,86.4,5,100.0,0,2.4,0,2.2,LOW,0.0,1.5
PRJ-6856,Metro,Jammu & Kashmir,8315.13,57,78.3,53.5,24.8,68.9,1.288,48.4,39.0,40.4,43.6,140,64.9,7,9.0,5,9.1,CRITICAL,14.9,33.8
PRJ-6857,Airport,Karnataka,1568.26,65,20.6,2.0,18.6,5.0,2.5,47.0,36.3,37.2,34.5,167,15.0,7,7.1,3,9.0,CRITICAL,12.8,27.6
PRJ-6858,Bridge,Tamil Nadu,1906.59,21,52.3,52.3,0.0,52.0,0.994,93.3,92.8,96.9,91.1,0,99.3,0,1.7,0,1.6,LOW,0.6,1.8
PRJ-6859,Urban Development,West Bengal,1631.08,17,51.7,35.1,16.6,40.6,1.157,56.5,66.4,69.5,61.1,72,71.5,0,6.4,3,6.0,HIGH,5.8,12.1
PRJ-6860,Highway,Odisha,541.7,27,67.5,59.0,8.5,65.1,1.103,77.0,80.0,80.4,73.7,16,83.8,2,3.4,0,4.7,MEDIUM,2.1,10.3
PRJ-6861,Railway,Jammu & Kashmir,2641.95,37,21.0,17.2,3.8,17.9,1.041,75.6,72.4,79.7,78.9,30,86.4,2,5.8,1,3.5,MEDIUM,2.6,5.6
PRJ-6862,Urban Development,West Bengal,349.52,28,50.8,50.8,0.0,48.7,0.959,96.4,97.8,95.3,93.9,5,96.2,0,0.8,0,1.6,LOW,0.3,0.8
PRJ-6863,Metro,Uttar Pradesh,4220.89,44,44.1,14.1,30.0,19.4,1.376,36.3,30.2,36.0,53.2,100,30.5,6,7.2,3,7.2,CRITICAL,14.4,29.3
PRJ-6864,Water Supply,Madhya Pradesh,305.2,12,29.7,18.5,11.2,21.0,1.135,62.6,54.8,55.6,59.4,96,65.7,3,6.9,2,7.1,HIGH,5.7,16.8
PRJ-6865,Water Supply,Rajasthan,245.58,26,71.6,71.6,0.0,69.0,0.964,91.4,94.1,93.8,93.9,4,95.4,1,2.2,0,1.1,LOW,0.5,2.4
PRJ-6866,Irrigation,Jammu & Kashmir,286.89,27,28.3,26.8,1.5,26.9,1.004,97.9,92.8,95.8,96.3,2,90.3,0,3.1,0,1.6,LOW,0.1,1.0
PRJ-6867,Urban Development,Bihar,1850.79,39,79.9,63.6,16.3,75.8,1.192,55.0,67.1,62.7,57.1,61,86.3,4,5.1,1,5.2,HIGH,4.9,15.2
PRJ-6868,Airport,Rajasthan,3766.45,70,38.5,38.5,0.0,38.3,0.995,89.6,94.2,95.1,92.8,1,94.4,0,0.3,0,1.7,LOW,0.2,0.8
PRJ-6869,Airport,Jammu & Kashmir,1501.2,63,60.7,53.4,7.3,57.3,1.073,75.5,75.1,85.8,70.7,34,87.5,3,5.9,1,3.3,MEDIUM,3.3,5.9
PRJ-6870,Power Infrastructure,Assam,1670.82,31,38.9,38.9,0.0,38.5,0.99,91.4,91.1,95.5,85.0,0,100.0,1,1.7,0,1.3,LOW,0.1,0.2
PRJ-6871,Irrigation,Himachal Pradesh,1479.86,26,45.8,45.8,0.0,47.0,1.026,92.2,94.1,95.4,95.4,7,100.0,0,2.4,0,1.6,LOW,0.3,1.6
PRJ-6872,Power Infrastructure,Telangana,1744.19,34,36.2,35.8,0.4,35.3,0.986,95.6,94.4,94.9,96.4,2,98.0,1,1.9,0,1.2,LOW,0.2,0.8
PRJ-6873,Railway,Rajasthan,10365.56,54,31.4,2.0,29.4,5.0,2.5,36.5,30.2,39.5,34.7,168,15.0,5,8.3,3,9.5,CRITICAL,13.5,25.1
PRJ-6874,Railway,Telangana,3708.99,54,49.0,29.3,19.7,34.1,1.164,64.8,67.6,59.7,67.8,62,55.2,3,4.2,3,5.4,HIGH,3.6,12.8
PRJ-6875,Water Supply,Delhi NCR,1255.99,29,43.4,43.4,0.0,46.6,1.074,96.5,90.1,98.8,94.2,0,100.0,0,1.7,0,0.7,LOW,0.4,0.9
PRJ-6876,Irrigation,Rajasthan,297.6,36,34.0,2.7,31.3,5.0,1.852,49.9,37.5,37.2,37.4,184,15.0,6,7.3,5,9.5,CRITICAL,11.3,19.9
PRJ-6877,Water Supply,Gujarat,2207.69,21,85.3,83.2,2.1,82.7,0.994,85.0,79.6,76.1,83.2,28,91.0,1,2.7,0,3.9,MEDIUM,2.4,7.7
PRJ-6878,Metro,Delhi NCR,4562.6,58,24.5,20.2,4.3,21.1,1.045,77.0,78.3,77.2,78.8,23,83.3,1,1.7,0,3.3,MEDIUM,2.8,4.5
PRJ-6879,Irrigation,Gujarat,399.03,35,37.5,29.5,8.0,34.6,1.173,62.1,64.0,68.8,55.2,121,83.0,7,5.5,1,6.5,HIGH,5.9,14.4
PRJ-6880,Irrigation,Assam,400.63,22,84.7,76.8,7.9,83.5,1.087,75.3,82.1,83.3,70.7,12,85.1,3,3.8,1,3.5,MEDIUM,1.8,7.4
PRJ-6881,Metro,Jammu & Kashmir,6150.17,31,66.0,42.3,23.7,52.6,1.243,36.5,36.1,48.7,51.2,110,64.4,6,8.4,4,7.1,CRITICAL,9.7,35.5
PRJ-6882,Power Infrastructure,Odisha,3540.49,49,51.5,41.3,10.2,44.5,1.077,66.8,53.7,66.3,62.0,81,78.5,1,3.6,2,6.3,HIGH,4.6,13.3
PRJ-6883,Bridge,Maharashtra,4037.41,30,64.6,50.3,14.3,60.3,1.199,55.1,56.4,66.2,57.4,53,76.6,5,6.3,2,7.1,HIGH,5.4,17.3
PRJ-6884,Airport,Madhya Pradesh,3066.04,46,40.6,23.7,16.9,28.9,1.219,57.6,53.5,65.3,68.2,71,59.4,5,5.6,1,6.7,HIGH,5.1,10.4
PRJ-6885,Urban Development,West Bengal,259.36,23,85.2,84.6,0.6,87.5,1.034,90.3,98.2,94.5,91.4,0,100.0,1,1.5,0,0.6,LOW,0.2,1.7
PRJ-6886,Water Supply,Uttar Pradesh,846.74,22,34.4,33.4,1.0,32.9,0.985,91.5,99.0,95.7,91.9,0,95.3,0,2.1,0,0.7,LOW,0.4,1.7
PRJ-6887,Urban Development,Andhra Pradesh,282.33,30,87.1,79.5,7.6,91.7,1.153,75.2,72.9,84.1,72.0,23,93.3,4,1.8,1,2.6,MEDIUM,2.0,6.6
PRJ-6888,Airport,Andhra Pradesh,3515.7,26,92.0,76.5,15.5,90.5,1.183,66.8,62.3,64.0,57.8,65,82.9,2,4.4,2,6.0,HIGH,4.9,16.5
PRJ-6889,Water Supply,Assam,1855.14,32,78.4,75.3,3.1,83.8,1.113,79.0,74.4,78.5,72.7,28,94.8,3,2.9,0,4.3,MEDIUM,1.5,6.1
PRJ-6890,Power Infrastructure,Odisha,4154.71,33,86.3,76.8,9.5,85.5,1.113,70.0,58.6,69.6,65.0,90,86.5,4,4.2,3,5.6,HIGH,4.6,17.2
PRJ-6891,Water Supply,Madhya Pradesh,528.66,19,78.0,76.5,1.5,74.7,0.976,88.4,95.6,91.2,93.7,1,95.6,0,1.7,0,1.0,LOW,0.4,1.4
PRJ-6892,Highway,Madhya Pradesh,734.55,18,33.1,22.0,11.1,26.9,1.223,57.0,59.9,57.1,62.3,87,63.1,5,6.5,2,6.5,HIGH,6.1,12.5
PRJ-6893,Power Infrastructure,Rajasthan,993.15,36,84.5,68.6,15.9,77.1,1.124,63.7,63.6,66.2,61.4,76,82.6,5,3.8,2,6.7,HIGH,4.3,15.7
PRJ-6894,Irrigation,Uttar Pradesh,363.3,28,36.5,2.0,34.5,5.0,2.5,47.0,33.1,45.5,50.2,172,15.0,2,8.8,4,8.8,CRITICAL,13.1,26.8
PRJ-6895,Airport,Delhi NCR,1930.01,35,67.3,65.8,1.5,63.7,0.968,73.8,77.8,72.9,72.6,13,96.7,1,3.3,0,2.9,MEDIUM,3.7,6.5
PRJ-6896,Water Supply,Rajasthan,1964.38,16,75.0,50.8,24.2,64.8,1.276,39.5,34.6,38.1,40.2,107,68.2,10,6.8,4,9.2,CRITICAL,11.5,27.8
PRJ-6897,Metro,Himachal Pradesh,4756.72,68,32.9,5.7,27.2,7.6,1.333,39.8,50.0,54.4,46.6,160,18.4,7,8.8,5,7.4,CRITICAL,10.9,23.1
PRJ-6898,Bridge,Gujarat,628.94,37,31.4,9.2,22.2,11.7,1.272,43.1,32.6,41.3,37.5,243,25.3,7,8.4,4,7.8,CRITICAL,14.6,22.2
PRJ-6899,Irrigation,Karnataka,1300.71,26,73.8,58.0,15.8,71.7,1.236,55.5,55.6,61.7,65.2,107,71.8,5,5.4,1,5.7,HIGH,6.4,15.9
PRJ-6900,Urban Development,Maharashtra,200.21,31,23.7,4.1,19.6,5.2,1.268,43.4,50.9,52.7,46.6,204,17.5,5,6.9,5,7.2,CRITICAL,11.9,21.9
PRJ-6901,Highway,Assam,3958.74,48,38.6,22.5,16.1,27.5,1.222,57.7,66.5,67.3,65.9,67,58.1,6,8.0,1,5.2,HIGH,4.2,12.7
PRJ-6902,Railway,Andhra Pradesh,4252.64,41,24.6,24.6,0.0,25.1,1.02,98.6,98.1,96.8,88.0,2,100.0,1,2.0,0,0.8,LOW,0.0,1.2
PRJ-6903,Irrigation,Himachal Pradesh,309.22,23,78.4,53.0,25.4,65.4,1.234,48.9,44.1,46.3,43.6,197,69.0,5,7.4,3,7.4,CRITICAL,6.7,22.9
PRJ-6904,Railway,Uttar Pradesh,1433.65,25,65.5,42.0,23.5,57.7,1.374,41.9,37.7,36.3,43.4,150,65.9,10,7.4,3,8.6,CRITICAL,11.6,32.9
PRJ-6905,Urban Development,West Bengal,162.94,47,79.2,79.2,0.0,77.4,0.977,99.0,86.0,92.2,92.7,0,100.0,0,2.3,0,0.9,LOW,0.4,1.3
PRJ-6906,Irrigation,Himachal Pradesh,1089.67,27,79.1,79.1,0.0,79.6,1.006,89.1,88.9,88.7,86.9,0,100.0,1,3.6,0,1.7,LOW,0.0,2.7
PRJ-6907,Bridge,Bihar,2821.21,34,40.0,40.0,0.0,39.6,0.99,90.4,86.3,95.2,86.7,2,96.2,2,1.4,0,0.5,LOW,0.2,2.6
PRJ-6908,Urban Development,Assam,878.31,22,79.6,79.6,0.0,79.4,0.997,98.0,92.3,91.0,88.9,0,100.0,1,3.2,0,1.7,LOW,0.1,3.0
PRJ-6909,Bridge,Telangana,2224.0,40,84.9,80.2,4.7,80.6,1.005,74.5,81.7,81.1,72.7,28,98.5,2,3.1,1,2.8,MEDIUM,2.1,6.4
PRJ-6910,Metro,Kerala,1488.41,24,56.5,48.8,7.7,52.6,1.078,78.9,76.9,72.9,74.8,40,88.0,1,4.0,0,4.1,MEDIUM,2.3,7.7
PRJ-6911,Irrigation,Odisha,2339.58,32,37.6,29.7,7.9,30.1,1.013,76.4,72.2,74.3,82.0,30,77.2,0,3.8,1,4.3,MEDIUM,3.0,6.2
PRJ-6912,Bridge,Himachal Pradesh,754.4,39,46.1,41.9,4.2,45.1,1.076,73.8,81.4,77.3,81.3,26,92.6,3,4.1,1,2.5,MEDIUM,3.5,7.0
PRJ-6913,Bridge,Maharashtra,4603.19,30,23.3,17.5,5.8,18.0,1.029,84.0,82.9,73.0,79.9,45,78.9,2,3.9,0,3.6,MEDIUM,2.1,6.4
PRJ-6914,Highway,Maharashtra,5071.09,28,35.4,31.6,3.8,34.7,1.098,72.8,84.4,73.1,71.6,38,92.5,2,2.0,0,4.3,MEDIUM,2.9,8.7
PRJ-6915,Urban Development,Gujarat,916.24,12,45.1,39.4,5.7,42.3,1.074,80.3,76.6,73.8,81.7,42,86.4,0,1.6,0,3.4,MEDIUM,3.1,6.8
PRJ-6916,Urban Development,Assam,246.75,34,24.0,19.7,4.3,21.0,1.066,77.1,71.7,81.0,81.8,34,79.0,1,4.0,1,3.9,MEDIUM,2.0,3.0
PRJ-6917,Power Infrastructure,Uttar Pradesh,3715.03,32,53.3,31.0,22.3,36.6,1.181,41.0,44.6,54.2,34.8,143,56.5,3,9.4,2,7.1,CRITICAL,10.4,23.3
PRJ-6918,Metro,Telangana,14038.74,41,50.3,36.1,14.2,41.5,1.15,65.9,65.7,65.7,67.2,65,75.7,2,5.7,3,5.1,HIGH,6.0,13.6
PRJ-6919,Airport,Maharashtra,6930.37,25,58.1,37.5,20.6,47.4,1.264,65.2,55.0,62.7,57.5,98,58.2,5,5.7,3,5.2,HIGH,5.4,11.2
PRJ-6920,Bridge,Rajasthan,5226.86,33,71.0,70.7,0.3,71.8,1.016,94.0,90.5,95.4,85.9,4,100.0,0,1.7,0,1.3,LOW,0.4,2.0
PRJ-6921,Highway,Madhya Pradesh,1383.08,37,63.2,58.4,4.8,55.4,0.949,84.1,73.0,82.0,70.8,37,93.8,0,2.0,1,4.4,MEDIUM,2.5,6.4
PRJ-6922,Railway,Assam,2106.91,70,76.1,38.8,37.3,52.6,1.356,36.6,40.9,45.5,42.3,187,45.3,4,7.0,4,7.1,CRITICAL,12.4,24.1
PRJ-6923,Water Supply,Karnataka,645.7,24,52.8,46.8,6.0,57.1,1.22,74.8,79.0,78.4,79.6,25,90.6,3,4.2,1,3.5,MEDIUM,2.4,5.6
PRJ-6924,Airport,Tamil Nadu,6927.0,41,65.1,57.4,7.7,62.6,1.091,72.1,70.5,79.2,74.1,34,94.9,3,2.3,0,3.5,MEDIUM,1.9,3.7
PRJ-6925,Railway,Tamil Nadu,13555.8,26,21.7,14.9,6.8,15.3,1.027,79.4,82.0,72.1,78.0,40,67.5,1,4.3,0,3.2,MEDIUM,1.8,7.6
PRJ-6926,Urban Development,Odisha,1874.23,27,63.4,58.6,4.8,63.2,1.078,82.7,72.7,81.9,83.3,29,95.2,3,2.5,1,4.0,MEDIUM,3.0,3.8
PRJ-6927,Highway,Maharashtra,869.91,54,30.2,2.0,28.2,5.0,2.5,53.3,38.2,39.1,53.2,234,15.0,5,8.6,2,7.2,CRITICAL,14.3,35.2
PRJ-6928,Urban Development,Karnataka,1522.57,33,85.1,84.1,1.0,83.0,0.987,90.2,93.1,88.3,88.7,7,100.0,0,0.5,0,1.3,LOW,0.3,2.0
PRJ-6929,Railway,Assam,18917.13,24,76.7,49.2,27.5,66.7,1.356,43.4,47.1,41.0,49.0,123,62.8,7,8.0,3,9.1,CRITICAL,11.6,23.7
PRJ-6930,Bridge,Telangana,1286.57,57,27.7,7.0,20.7,8.5,1.214,51.0,31.4,54.0,45.5,228,28.2,2,9.4,2,9.2,CRITICAL,15.3,30.1
PRJ-6931,Irrigation,Odisha,1301.1,16,34.3,28.9,5.4,31.7,1.097,77.0,78.5,86.8,77.1,19,82.5,3,3.4,0,4.4,MEDIUM,3.1,5.3
PRJ-6932,Urban Development,Maharashtra,536.83,29,55.0,55.0,0.0,55.5,1.009,98.4,97.8,98.2,85.6,0,100.0,0,1.5,0,1.8,LOW,0.4,0.4
PRJ-6933,Airport,Madhya Pradesh,1613.25,47,22.3,18.8,3.5,18.8,1.0,72.8,75.4,77.4,70.8,19,89.1,2,2.3,1,3.7,MEDIUM,2.8,4.9
PRJ-6934,Power Infrastructure,West Bengal,5446.66,30,44.5,38.9,5.6,45.7,1.175,85.5,82.1,73.4,81.5,32,90.3,5,1.7,0,3.4,MEDIUM,2.7,6.4
PRJ-6935,Railway,Madhya Pradesh,1649.64,52,84.5,79.7,4.8,84.1,1.055,79.4,75.3,83.8,80.9,40,96.9,2,2.2,0,3.7,MEDIUM,2.8,7.0
PRJ-6936,Power Infrastructure,Assam,1915.93,35,61.7,59.8,1.9,61.1,1.022,72.3,74.8,76.6,79.6,24,98.8,2,2.8,1,2.8,MEDIUM,1.8,6.9
PRJ-6937,Airport,Odisha,15252.03,53,40.3,40.3,0.0,43.5,1.079,92.5,98.7,88.3,91.9,2,100.0,2,0.7,0,2.0,LOW,0.0,0.9
PRJ-6938,Railway,Rajasthan,3088.15,52,29.4,27.7,1.7,28.7,1.036,89.8,94.8,93.0,93.7,6,88.5,2,2.5,0,1.8,LOW,0.6,1.8
PRJ-6939,Water Supply,Himachal Pradesh,2074.35,27,56.5,50.1,6.4,54.0,1.078,82.6,79.7,81.1,74.4,28,95.3,1,3.8,1,3.2,MEDIUM,2.6,5.9
PRJ-6940,Airport,Jammu & Kashmir,4734.73,32,82.7,71.1,11.6,81.9,1.152,60.7,68.3,57.4,62.6,67,87.4,2,7.5,2,6.8,HIGH,5.3,14.1
PRJ-6941,Airport,Himachal Pradesh,2265.26,59,53.2,53.2,0.0,53.8,1.011,94.9,90.2,90.8,93.5,0,98.7,1,2.8,0,1.9,LOW,0.1,2.2
PRJ-6942,Urban Development,Rajasthan,971.58,27,45.8,43.7,2.1,41.4,0.947,75.1,82.9,77.3,72.4,28,98.4,0,2.3,1,3.1,MEDIUM,1.4,3.8
PRJ-6943,Water Supply,Maharashtra,1757.22,18,22.2,8.9,13.3,10.5,1.18,58.5,53.5,56.5,58.0,66,39.4,5,4.8,2,7.1,HIGH,7.2,15.6
PRJ-6944,Power Infrastructure,Assam,498.4,32,53.0,48.9,4.1,50.3,1.029,77.0,71.8,80.6,73.1,34,88.5,0,4.4,0,3.9,MEDIUM,1.9,7.6
PRJ-6945,Irrigation,Himachal Pradesh,372.64,46,47.9,15.4,32.5,21.4,1.39,51.2,33.7,39.9,33.4,103,33.8,9,10.0,4,7.7,CRITICAL,13.1,25.8
PRJ-6946,Railway,Delhi NCR,4503.06,43,89.8,89.8,0.0,92.5,1.03,96.4,90.9,94.8,96.0,2,100.0,0,1.0,0,0.7,LOW,0.4,2.4
PRJ-6947,Bridge,Maharashtra,4510.22,47,31.9,20.7,11.2,24.3,1.174,68.5,57.9,67.7,60.7,45,62.9,6,4.8,1,5.2,HIGH,5.0,12.3
PRJ-6948,Water Supply,Rajasthan,1037.63,29,61.8,44.8,17.0,51.8,1.156,68.9,52.6,66.2,60.3,66,76.3,4,3.8,1,6.2,HIGH,4.9,12.5
PRJ-6949,Power Infrastructure,Kerala,1755.76,36,29.9,29.9,0.0,31.2,1.043,96.5,89.2,99.9,90.1,3,97.1,1,2.4,0,1.0,LOW,0.3,0.0
PRJ-6950,Power Infrastructure,Gujarat,4388.11,45,38.2,21.4,16.8,23.9,1.117,62.1,69.0,56.2,65.3,96,56.0,1,4.7,2,6.5,HIGH,4.3,11.5
PRJ-6951,Airport,Andhra Pradesh,2161.04,45,39.0,32.6,6.4,33.0,1.012,82.2,76.1,79.8,72.3,32,82.3,0,4.0,1,3.7,MEDIUM,1.2,7.2
PRJ-6952,Metro,Tamil Nadu,1360.76,69,50.2,25.5,24.7,31.8,1.247,38.6,42.4,46.7,35.2,193,53.3,3,5.6,4,8.6,CRITICAL,9.7,18.2
PRJ-6953,Railway,Himachal Pradesh,3991.73,50,35.5,35.5,0.0,35.6,1.003,90.5,98.2,93.7,92.4,0,100.0,1,2.1,0,1.5,LOW,0.0,1.0
PRJ-6954,Metro,West Bengal,3257.63,47,59.3,56.8,2.5,58.1,1.023,84.9,75.0,80.5,74.6,40,95.1,2,1.7,1,4.7,MEDIUM,1.2,6.1
PRJ-6955,Power Infrastructure,Rajasthan,620.06,20,35.8,29.3,6.5,31.5,1.075,77.7,81.4,78.3,76.2,23,77.7,3,4.3,1,3.3,MEDIUM,2.8,5.7
PRJ-6956,Railway,Karnataka,8517.27,24,75.3,58.6,16.7,69.4,1.184,58.6,58.4,65.9,65.7,68,75.3,3,3.5,3,6.7,HIGH,3.5,18.8
PRJ-6957,Water Supply,Jammu & Kashmir,208.86,29,53.4,52.3,1.1,53.8,1.029,91.6,95.4,90.3,93.3,1,89.0,1,1.5,0,1.8,LOW,0.1,2.1
PRJ-6958,Urban Development,Rajasthan,463.37,22,28.1,27.5,0.6,27.7,1.007,94.9,96.5,89.2,97.4,5,94.9,0,1.3,0,0.6,LOW,0.6,0.3
PRJ-6959,Highway,Jammu & Kashmir,588.34,35,69.6,50.4,19.2,57.1,1.133,62.6,63.2,55.8,62.9,79,80.5,2,7.1,2,6.6,HIGH,5.1,15.8
PRJ-6960,Airport,Odisha,1379.09,40,90.3,84.3,6.0,92.0,1.091,80.8,78.5,78.5,76.1,43,92.5,2,2.4,1,2.9,MEDIUM,2.1,8.5
PRJ-6961,Airport,Andhra Pradesh,11032.07,27,74.8,62.3,12.5,72.7,1.167,65.1,57.1,60.3,63.0,93,84.4,5,5.2,1,5.8,HIGH,4.3,13.8
PRJ-6962,Metro,Uttar Pradesh,1381.54,24,37.7,23.5,14.2,29.7,1.264,57.5,56.8,67.7,68.9,69,61.1,6,5.0,3,7.2,HIGH,5.0,14.5
PRJ-6963,Irrigation,Odisha,334.2,22,67.5,58.7,8.8,63.5,1.082,80.2,83.4,83.2,71.6,30,92.8,0,3.9,1,3.8,MEDIUM,2.6,6.6
PRJ-6964,Highway,Madhya Pradesh,1930.46,41,84.5,82.2,2.3,80.9,0.984,81.6,74.6,74.5,77.0,26,93.5,1,1.6,0,2.8,MEDIUM,3.6,3.0
PRJ-6965,Bridge,Himachal Pradesh,928.59,49,63.7,62.3,1.4,63.1,1.013,93.8,88.3,99.5,90.4,2,95.8,0,3.3,0,1.8,LOW,0.0,1.6
PRJ-6966,Power Infrastructure,Himachal Pradesh,4259.88,65,54.0,26.9,27.1,34.0,1.264,57.2,56.3,57.5,63.1,85,56.5,3,5.2,2,5.7,HIGH,4.7,13.4
PRJ-6967,Power Infrastructure,Andhra Pradesh,1795.15,40,29.1,4.0,25.1,5.3,1.325,52.3,39.5,36.4,48.7,134,15.0,6,7.8,5,8.6,CRITICAL,7.2,23.8
PRJ-6968,Bridge,Andhra Pradesh,938.9,22,21.6,6.3,15.3,7.6,1.206,68.8,64.5,64.2,60.6,61,30.5,7,4.4,1,5.1,HIGH,6.7,15.1
PRJ-6969,Power Infrastructure,Jammu & Kashmir,3056.68,37,50.3,43.9,6.4,44.9,1.023,83.9,70.3,81.7,79.7,21,91.6,2,2.7,1,4.6,MEDIUM,4.1,7.2
PRJ-6970,Urban Development,Himachal Pradesh,389.79,33,75.9,71.5,4.4,74.1,1.036,72.0,78.5,81.2,82.9,34,97.0,1,3.2,0,3.4,MEDIUM,3.0,6.9
PRJ-6971,Railway,Gujarat,2342.5,53,40.0,36.1,3.9,40.0,1.108,76.9,76.5,74.2,81.6,26,94.2,4,2.8,0,2.9,MEDIUM,2.6,4.9
PRJ-6972,Water Supply,Tamil Nadu,472.25,31,36.0,36.0,0.0,37.8,1.05,89.3,88.7,89.1,88.6,3,100.0,1,1.4,0,1.1,LOW,0.1,0.7
PRJ-6973,Water Supply,Karnataka,1993.06,12,49.9,49.9,0.0,49.6,0.994,95.9,96.1,90.7,95.3,3,98.3,1,0.3,0,1.1,LOW,0.0,1.4
PRJ-6974,Highway,Bihar,792.13,38,87.7,82.4,5.3,92.5,1.123,76.7,80.8,75.8,78.0,26,90.9,2,3.8,1,3.4,MEDIUM,2.3,8.8
PRJ-6975,Urban Development,Gujarat,1208.07,23,44.4,12.9,31.5,17.5,1.357,52.1,34.3,52.3,50.4,197,33.7,7,9.3,3,8.3,CRITICAL,13.6,30.3
PRJ-6976,Metro,West Bengal,3924.66,57,56.5,23.7,32.8,31.6,1.333,45.7,51.3,42.8,37.5,201,40.1,5,9.0,5,7.9,CRITICAL,13.8,17.7
PRJ-6977,Power Infrastructure,Gujarat,1366.88,24,91.8,84.7,7.1,88.0,1.039,75.2,80.1,74.6,71.7,40,95.0,1,1.5,1,4.6,MEDIUM,2.1,8.6
PRJ-6978,Highway,Odisha,755.52,34,36.8,34.2,2.6,36.3,1.061,74.5,84.3,84.0,76.9,32,91.3,2,4.0,1,2.7,MEDIUM,2.1,6.9
PRJ-6979,Power Infrastructure,Bihar,1772.87,47,65.3,57.3,8.0,61.9,1.08,62.8,58.3,62.8,63.2,100,90.2,1,4.5,3,6.4,HIGH,5.6,14.0
PRJ-6980,Urban Development,Jammu & Kashmir,848.84,42,89.8,69.9,19.9,88.0,1.259,47.1,43.7,35.1,41.5,138,81.1,7,8.9,3,9.3,CRITICAL,11.0,26.5
PRJ-6981,Metro,Himachal Pradesh,1366.98,51,82.6,82.6,0.0,85.4,1.034,91.1,88.7,97.6,85.1,0,97.7,1,1.7,0,0.8,LOW,0.2,2.0
PRJ-6982,Water Supply,Assam,612.34,44,61.4,42.6,18.8,49.2,1.155,67.4,64.3,66.9,61.7,119,70.8,3,7.0,3,7.0,HIGH,6.7,13.1
PRJ-6983,Highway,Telangana,2731.77,47,31.3,20.8,10.5,22.7,1.091,82.9,83.8,84.0,70.7,24,73.6,1,2.1,0,4.4,MEDIUM,2.0,5.5
PRJ-6984,Railway,Odisha,15644.76,40,68.4,68.1,0.3,68.9,1.012,98.5,92.2,96.0,94.5,0,95.3,0,2.2,0,1.5,LOW,0.0,1.3
PRJ-6985,Airport,Madhya Pradesh,9012.38,78,83.3,62.7,20.6,77.5,1.236,65.9,58.4,54.1,56.6,89,73.8,5,6.6,3,5.0,HIGH,6.1,16.1
PRJ-6986,Urban Development,Andhra Pradesh,340.85,32,64.7,43.6,21.1,53.6,1.229,42.9,45.3,48.1,33.3,206,63.1,6,7.1,5,9.2,CRITICAL,10.7,24.8
PRJ-6987,Irrigation,Bihar,1066.89,22,89.7,84.7,5.0,92.2,1.089,74.7,78.6,80.5,77.2,21,91.9,2,3.3,0,4.1,MEDIUM,1.6,4.7
PRJ-6988,Metro,Telangana,9127.75,47,76.4,46.2,30.2,57.7,1.249,44.9,50.8,42.2,41.6,207,58.1,5,8.0,3,7.5,CRITICAL,10.0,29.3
PRJ-6989,Urban Development,West Bengal,826.97,30,44.9,36.9,8.0,40.4,1.095,64.9,57.9,54.5,63.1,67,79.9,2,4.1,1,6.5,HIGH,6.9,17.6
PRJ-6990,Irrigation,Uttarakhand,382.22,29,72.7,67.2,5.5,69.5,1.034,83.2,70.4,79.3,78.9,25,95.2,0,4.2,1,3.0,MEDIUM,3.7,9.2
PRJ-6991,Airport,Jammu & Kashmir,8623.35,25,69.5,54.8,14.7,64.4,1.175,62.9,55.2,60.4,62.8,72,77.5,5,7.8,2,5.7,HIGH,6.5,15.3
PRJ-6992,Power Infrastructure,West Bengal,3548.43,18,61.6,56.6,5.0,60.7,1.072,73.1,84.6,73.1,79.9,28,92.6,2,4.3,1,2.8,MEDIUM,2.5,4.8
PRJ-6993,Irrigation,Karnataka,251.43,32,74.8,71.9,2.9,74.1,1.031,80.6,75.4,73.5,72.3,25,98.3,2,3.3,0,4.5,MEDIUM,1.7,6.8
PRJ-6994,Metro,Uttarakhand,4642.78,57,32.8,17.5,15.3,20.9,1.194,68.2,68.8,64.0,62.5,64,53.3,6,6.0,2,6.2,HIGH,6.5,11.5
PRJ-6995,Power Infrastructure,Maharashtra,533.1,31,90.8,87.1,3.7,90.1,1.034,81.2,77.2,84.0,78.4,48,97.2,0,3.9,1,3.9,MEDIUM,2.6,7.6
PRJ-6996,Irrigation,Odisha,1829.66,24,32.3,30.8,1.5,33.2,1.078,77.2,84.3,82.7,77.3,44,97.7,2,3.0,1,3.0,MEDIUM,2.4,7.7
PRJ-6997,Metro,Karnataka,14616.69,36,57.8,50.4,7.4,52.8,1.048,83.0,73.4,76.2,78.1,36,86.6,0,2.1,0,2.6,MEDIUM,2.2,9.0
PRJ-6998,Power Infrastructure,Tamil Nadu,1142.9,28,50.7,41.6,9.1,45.8,1.101,58.1,64.9,60.2,60.7,101,81.3,3,4.4,1,6.1,HIGH,7.7,13.4
PRJ-6999,Highway,Telangana,847.12,18,28.0,22.0,6.0,24.5,1.114,82.3,76.3,85.8,75.8,12,79.2,1,3.4,0,3.9,MEDIUM,2.4,8.3
PRJ-7000,Bridge,West Bengal,1091.75,18,90.8,89.2,1.6,91.8,1.029,85.5,79.5,74.4,75.0,20,94.9,1,1.8,0,3.1,MEDIUM,2.7,5.7
PRJ-7001,Railway,Himachal Pradesh,2576.24,77,56.1,56.1,0.0,56.4,1.005,94.9,86.8,90.0,90.8,2,95.7,0,3.2,0,0.8,LOW,0.0,2.5
PRJ-7002,Power Infrastructure,Andhra Pradesh,6902.83,45,80.3,64.0,16.3,78.9,1.233,56.5,66.2,66.1,56.1,81,79.8,6,3.2,1,5.9,HIGH,4.9,13.2
PRJ-7003,Railway,Uttar Pradesh,6452.41,28,69.2,66.2,3.0,69.9,1.056,72.7,76.7,84.2,79.0,31,97.8,0,4.5,0,4.4,MEDIUM,2.7,7.0
PRJ-7004,Power Infrastructure,Bihar,4880.64,31,26.8,23.0,3.8,24.0,1.043,85.6,78.8,85.8,75.1,18,85.7,0,4.3,0,3.1,MEDIUM,3.1,7.7
PRJ-7005,Railway,Kerala,3509.97,61,37.3,19.3,18.0,24.6,1.275,52.2,41.3,45.5,51.3,154,50.8,8,6.4,5,8.2,CRITICAL,16.1,22.3
PRJ-7006,Urban Development,Rajasthan,793.63,39,89.2,63.8,25.4,78.9,1.237,53.6,35.0,46.6,44.0,113,68.5,4,8.1,4,8.5,CRITICAL,12.8,26.0
PRJ-7007,Irrigation,Maharashtra,210.89,33,58.7,58.7,0.0,59.5,1.014,96.1,94.0,91.7,90.7,5,100.0,0,2.0,0,2.1,LOW,0.1,2.7
PRJ-7008,Bridge,Madhya Pradesh,1381.69,37,79.8,72.1,7.7,75.0,1.04,77.5,80.4,79.1,73.6,35,90.6,1,2.2,1,2.6,MEDIUM,2.0,6.1
PRJ-7009,Airport,Odisha,1275.84,44,76.1,75.0,1.1,77.4,1.032,92.4,91.8,95.8,87.5,0,100.0,0,2.3,0,1.2,LOW,0.3,0.5
PRJ-7010,Airport,Kerala,7886.6,29,53.9,39.5,14.4,46.9,1.187,63.1,61.1,65.8,62.4,118,70.4,4,5.6,3,5.6,HIGH,6.7,17.0
PRJ-7011,Water Supply,Madhya Pradesh,1117.62,33,36.2,29.9,6.3,32.2,1.077,76.7,72.2,75.4,80.6,43,85.7,2,1.9,0,2.5,MEDIUM,1.6,7.6
PRJ-7012,Urban Development,Himachal Pradesh,641.25,42,48.1,28.9,19.2,34.4,1.19,69.1,59.3,67.2,67.5,70,59.3,2,6.6,3,6.3,HIGH,6.1,11.4
PRJ-7013,Bridge,Tamil Nadu,1309.2,33,46.7,46.1,0.6,46.7,1.013,98.0,87.6,88.9,90.3,0,97.6,2,0.3,0,1.8,LOW,0.0,1.0
PRJ-7014,Metro,Gujarat,6787.67,41,42.8,31.8,11.0,35.1,1.104,79.7,70.3,83.6,76.7,27,74.3,2,2.3,0,4.7,MEDIUM,2.3,6.2
PRJ-7015,Bridge,Madhya Pradesh,453.97,42,49.9,31.7,18.2,37.9,1.196,70.5,63.2,64.1,64.8,89,61.0,3,3.4,2,6.3,HIGH,4.9,15.1
PRJ-7016,Metro,Madhya Pradesh,2759.86,62,34.4,14.1,20.3,17.4,1.234,69.6,67.8,63.2,57.9,45,35.9,4,5.6,3,6.0,HIGH,5.8,13.3
PRJ-7017,Railway,Karnataka,5911.61,50,33.8,6.4,27.4,8.4,1.312,44.4,47.1,35.5,53.6,183,15.0,5,9.4,5,8.8,CRITICAL,12.5,22.5
PRJ-7018,Urban Development,Assam,784.9,34,39.1,33.0,6.1,35.1,1.064,74.2,84.1,80.6,72.7,34,87.7,1,4.8,1,3.4,MEDIUM,1.9,5.9
PRJ-7019,Irrigation,Madhya Pradesh,517.73,36,31.9,16.3,15.6,19.5,1.196,63.6,66.4,65.0,56.7,91,51.0,3,3.8,1,6.5,HIGH,6.1,12.5
PRJ-7020,Power Infrastructure,West Bengal,2725.22,18,31.3,28.4,2.9,32.4,1.141,77.4,79.3,74.1,71.3,32,87.7,4,3.5,1,2.5,MEDIUM,2.3,5.5
PRJ-7021,Metro,Maharashtra,9046.19,54,29.1,2.0,27.1,5.0,2.5,38.2,33.0,51.9,39.9,104,15.0,8,7.9,2,9.1,CRITICAL,9.3,28.8
PRJ-7022,Bridge,West Bengal,1724.39,45,54.0,49.4,4.6,53.6,1.085,77.4,70.2,85.7,83.9,42,87.3,4,2.5,1,2.9,MEDIUM,2.0,5.9
PRJ-7023,Railway,Karnataka,2522.95,24,35.9,34.3,1.6,32.9,0.959,98.3,88.7,89.5,92.6,2,97.2,0,2.3,0,1.1,LOW,0.3,0.8
PRJ-7024,Metro,Bihar,7782.59,39,84.9,81.4,3.5,86.4,1.061,73.7,84.3,75.4,70.5,25,92.8,2,4.0,0,3.5,MEDIUM,1.3,5.5
PRJ-7025,Power Infrastructure,Maharashtra,3305.71,34,78.7,49.8,28.9,68.6,1.378,44.5,51.4,51.6,34.5,165,63.0,7,8.0,4,7.9,CRITICAL,9.7,26.9
PRJ-7026,Irrigation,Tamil Nadu,206.9,16,37.5,19.6,17.9,23.7,1.209,68.0,63.4,62.4,58.6,90,57.4,3,3.6,2,5.4,HIGH,6.6,7.0
PRJ-7027,Highway,Karnataka,2256.2,38,54.1,29.9,24.2,36.8,1.231,39.4,51.0,45.0,52.1,228,56.5,4,7.9,4,7.7,CRITICAL,12.1,25.8
PRJ-7028,Urban Development,Delhi NCR,438.57,20,28.5,18.1,10.4,20.1,1.11,65.3,57.7,63.4,66.1,114,66.4,4,4.2,2,5.3,HIGH,6.3,18.1
PRJ-7029,Water Supply,Jammu & Kashmir,739.37,40,35.1,22.0,13.1,26.3,1.195,55.6,61.2,58.8,59.2,76,60.9,6,5.3,3,5.3,HIGH,5.9,15.8
PRJ-7030,Irrigation,Telangana,1601.88,20,81.2,77.2,4.0,80.9,1.048,79.7,82.4,73.8,77.5,30,96.8,1,2.7,1,2.8,MEDIUM,2.5,7.3
PRJ-7031,Urban Development,Gujarat,1096.13,27,56.7,56.5,0.2,59.0,1.044,93.9,94.2,93.9,87.1,2,100.0,0,1.3,0,1.5,LOW,0.0,1.7
PRJ-7032,Bridge,Himachal Pradesh,2213.31,42,77.7,75.1,2.6,76.2,1.015,79.4,81.0,74.7,73.0,21,97.6,1,5.4,0,4.6,MEDIUM,2.3,7.6
PRJ-7033,Water Supply,Assam,844.27,38,30.0,30.0,0.0,30.0,1.0,98.9,92.2,92.1,89.9,5,100.0,0,2.5,0,2.2,LOW,0.3,2.0
PRJ-7034,Water Supply,Jammu & Kashmir,1584.2,21,85.6,66.4,19.2,84.5,1.273,61.1,56.2,68.5,59.6,90,77.6,5,6.2,3,6.6,HIGH,5.5,14.7
PRJ-7035,Irrigation,Telangana,538.82,34,55.0,51.6,3.4,54.4,1.054,82.6,77.3,77.8,80.2,43,93.3,1,2.9,1,4.6,MEDIUM,2.3,7.6
PRJ-7036,Urban Development,Andhra Pradesh,215.36,32,41.3,40.6,0.7,40.4,0.995,97.0,92.2,91.4,95.8,4,99.0,0,0.5,0,1.2,LOW,0.3,1.8
PRJ-7037,Urban Development,Tamil Nadu,194.94,38,83.6,68.9,14.7,79.7,1.157,68.8,60.0,63.6,63.0,65,83.3,2,6.4,2,5.9,HIGH,5.8,11.6
PRJ-7038,Bridge,Bihar,3358.95,33,79.3,73.7,5.6,79.6,1.08,76.9,75.4,76.3,83.8,42,93.3,2,3.8,0,3.3,MEDIUM,2.2,6.6
PRJ-7039,Airport,Karnataka,8585.44,69,80.1,80.1,0.0,81.1,1.012,95.7,98.5,94.4,85.0,0,98.6,0,2.1,0,0.7,LOW,0.4,0.7
PRJ-7040,Water Supply,Himachal Pradesh,1078.47,22,33.4,17.4,16.0,20.8,1.195,64.1,53.5,65.8,67.9,79,54.1,4,8.1,2,5.8,HIGH,5.5,11.3
PRJ-7041,Power Infrastructure,Jammu & Kashmir,3147.45,38,49.2,47.7,1.5,50.8,1.065,79.9,79.5,72.7,71.4,31,93.7,0,3.0,0,3.6,MEDIUM,2.1,6.9
PRJ-7042,Airport,Gujarat,1488.09,56,64.6,45.3,19.3,56.6,1.249,51.8,42.1,45.9,40.1,90,65.9,5,6.2,2,7.3,CRITICAL,13.7,27.8
PRJ-7043,Urban Development,Odisha,3499.89,37,48.7,47.8,0.9,47.6,0.996,96.5,96.7,96.2,89.3,4,92.3,0,1.9,0,0.7,LOW,0.3,0.3
PRJ-7044,Irrigation,Bihar,332.82,34,40.8,40.4,0.4,41.2,1.02,93.7,87.6,97.5,98.0,2,94.8,0,0.5,0,2.1,LOW,0.1,1.8
PRJ-7045,Highway,Kerala,1102.91,18,55.2,35.6,19.6,43.7,1.228,68.4,67.5,67.9,60.9,58,60.2,4,8.5,2,6.1,HIGH,5.6,15.0
PRJ-7046,Power Infrastructure,Kerala,1395.27,27,30.9,2.0,28.9,5.0,2.5,36.2,39.5,49.5,49.0,148,15.0,6,8.4,4,8.2,CRITICAL,13.7,27.0
PRJ-7047,Water Supply,West Bengal,1109.77,39,82.7,82.7,0.0,81.2,0.982,93.8,93.5,98.3,93.0,2,100.0,0,0.9,0,1.7,LOW,0.5,0.5
PRJ-7048,Urban Development,West Bengal,1605.83,14,47.9,47.9,0.0,48.6,1.015,90.2,87.9,98.9,95.2,1,99.4,1,2.3,0,1.9,LOW,0.0,2.9
PRJ-7049,Water Supply,Kerala,453.39,28,40.7,32.9,7.8,33.1,1.006,76.5,84.8,83.7,78.4,28,78.1,0,4.8,1,4.3,MEDIUM,2.8,7.8
PRJ-7050,Metro,Maharashtra,4533.5,55,30.3,9.1,21.2,11.1,1.22,65.2,62.8,65.9,66.6,97,24.7,4,3.5,3,6.6,HIGH,6.4,18.8
PRJ-7051,Bridge,Delhi NCR,3048.37,27,22.4,2.0,20.4,5.0,2.5,51.3,30.1,38.2,37.2,135,15.0,6,6.7,3,8.8,CRITICAL,10.4,29.3
PRJ-7052,Irrigation,Uttarakhand,1008.14,38,74.0,73.2,0.8,75.7,1.034,88.3,88.0,92.6,90.7,3,99.2,0,3.4,0,1.6,LOW,0.2,0.7
PRJ-7053,Bridge,Maharashtra,1122.18,44,78.7,62.7,16.0,74.4,1.187,58.4,62.1,65.1,62.2,110,78.5,3,5.4,3,6.0,HIGH,5.8,15.2
PRJ-7054,Airport,Andhra Pradesh,7873.49,32,70.4,70.4,0.0,72.1,1.024,91.0,95.4,93.5,94.7,3,100.0,0,1.1,0,1.7,LOW,0.1,0.6
PRJ-7055,Railway,Kerala,4887.73,30,61.5,53.5,8.0,58.3,1.09,57.1,53.6,64.9,57.7,92,84.5,3,5.1,1,7.2,HIGH,4.6,14.1
PRJ-7056,Airport,Uttarakhand,4037.04,26,33.7,12.7,21.0,15.5,1.22,67.4,56.1,62.3,66.6,86,36.6,5,7.5,2,5.9,HIGH,7.6,10.6
PRJ-7057,Highway,Madhya Pradesh,730.97,42,25.9,21.0,4.9,21.3,1.014,77.5,80.8,81.5,70.7,38,78.8,1,2.1,0,3.8,MEDIUM,2.4,3.6
PRJ-7058,Highway,Madhya Pradesh,1043.74,23,70.6,70.6,0.0,71.0,1.006,92.5,92.0,97.3,97.0,3,100.0,1,0.4,0,1.8,LOW,0.0,2.0
PRJ-7059,Power Infrastructure,Assam,1520.63,47,44.1,37.2,6.9,40.3,1.083,82.6,80.9,79.8,73.0,39,91.0,2,5.6,1,4.4,MEDIUM,2.0,7.2
PRJ-7060,Highway,Madhya Pradesh,1149.45,24,48.1,26.7,21.4,35.7,1.337,51.6,45.4,44.9,48.6,150,53.9,10,6.4,2,7.0,CRITICAL,7.9,27.8
PRJ-7061,Airport,Uttar Pradesh,1811.02,27,59.2,45.3,13.9,51.7,1.141,66.7,59.6,69.2,63.2,91,80.9,1,3.9,3,5.1,HIGH,3.5,18.0
PRJ-7062,Highway,Jammu & Kashmir,4292.57,39,33.1,11.1,22.0,13.4,1.207,52.2,48.2,48.6,39.8,176,34.2,4,6.5,3,8.8,CRITICAL,13.1,23.7
PRJ-7063,Power Infrastructure,Jammu & Kashmir,464.17,44,57.1,39.1,18.0,51.1,1.307,50.3,36.2,50.0,47.2,164,60.9,10,6.3,5,9.0,CRITICAL,13.1,21.7
PRJ-7064,Metro,Jammu & Kashmir,2513.62,65,58.3,49.1,9.2,57.2,1.165,57.4,54.3,68.4,58.4,72,85.9,5,7.4,3,6.9,HIGH,5.1,13.0
PRJ-7065,Urban Development,Gujarat,1270.66,33,89.7,89.7,0.0,86.5,0.964,88.4,90.3,99.2,91.9,3,100.0,1,1.0,0,1.5,LOW,0.0,1.0
PRJ-7066,Highway,Kerala,2658.8,33,55.3,50.8,4.5,55.6,1.094,74.4,84.3,81.8,80.3,37,87.0,1,3.3,1,4.3,MEDIUM,1.9,5.0
PRJ-7067,Highway,Karnataka,620.55,41,34.2,16.2,18.0,19.5,1.204,59.5,63.4,58.6,57.7,81,49.5,4,3.2,2,5.7,HIGH,6.2,14.5
PRJ-7068,Metro,Karnataka,3401.89,71,44.6,43.1,1.5,44.7,1.037,72.1,71.8,79.8,80.4,31,95.7,2,4.0,1,2.9,MEDIUM,2.0,6.8
PRJ-7069,Railway,Odisha,1811.07,62,55.1,55.1,0.0,57.0,1.034,96.6,86.5,95.0,89.8,0,100.0,0,2.4,0,1.8,LOW,0.0,1.4
PRJ-7070,Railway,Uttar Pradesh,5772.25,30,68.1,65.4,2.7,66.5,1.017,80.0,76.0,79.5,82.9,35,96.4,1,3.6,0,2.9,MEDIUM,2.9,4.5
PRJ-7071,Power Infrastructure,Uttar Pradesh,3683.58,38,77.9,54.5,23.4,70.7,1.297,36.0,37.4,51.0,33.9,116,70.1,5,8.2,5,8.2,CRITICAL,13.4,29.1
PRJ-7072,Irrigation,Gujarat,310.42,22,54.4,24.5,29.9,31.9,1.302,36.3,51.4,49.4,38.7,127,44.1,5,5.7,5,8.5,CRITICAL,14.8,24.2
PRJ-7073,Urban Development,Madhya Pradesh,179.91,32,42.8,42.8,0.0,41.5,0.97,97.2,98.2,91.4,85.8,0,98.1,0,1.2,0,1.2,LOW,0.5,0.2
PRJ-7074,Bridge,Maharashtra,5135.74,27,76.1,44.4,31.7,60.7,1.367,41.5,46.5,48.5,42.4,230,53.1,8,9.1,4,9.0,CRITICAL,8.4,30.7
PRJ-7075,Irrigation,Andhra Pradesh,744.26,21,89.6,86.0,3.6,88.7,1.031,83.5,81.8,74.3,74.8,34,97.1,0,2.0,0,3.2,MEDIUM,2.0,5.7
PRJ-7076,Metro,Kerala,4562.67,59,58.8,56.6,2.2,56.9,1.005,72.9,72.7,73.7,73.4,35,93.0,1,2.5,0,2.8,MEDIUM,2.8,6.4
PRJ-7077,Urban Development,Maharashtra,1335.15,25,42.9,23.4,19.5,28.2,1.205,56.8,63.9,64.5,59.4,61,54.6,2,6.2,1,6.7,HIGH,3.7,10.9
PRJ-7078,Water Supply,Odisha,224.18,28,40.9,31.8,9.1,37.9,1.192,70.9,55.4,63.4,67.2,73,76.8,6,6.4,1,5.9,HIGH,5.4,14.5
PRJ-7079,Highway,Tamil Nadu,7077.05,53,73.0,73.0,0.0,71.3,0.977,91.5,94.6,93.8,95.1,0,100.0,0,1.2,0,2.0,LOW,0.3,1.4
PRJ-7080,Bridge,Uttarakhand,637.01,38,29.1,28.1,1.0,28.6,1.018,96.2,92.3,98.5,91.3,0,92.1,1,3.0,0,0.6,LOW,0.3,1.1
PRJ-7081,Metro,Madhya Pradesh,2555.66,37,70.3,61.5,8.8,66.7,1.085,73.1,80.5,83.4,76.4,22,90.3,0,1.9,1,3.9,MEDIUM,3.3,7.7
PRJ-7082,Railway,Bihar,7930.17,40,22.9,22.9,0.0,22.1,0.965,93.6,95.9,96.0,96.5,1,99.0,0,0.7,0,1.0,LOW,0.3,1.6
PRJ-7083,Power Infrastructure,Uttar Pradesh,685.59,35,74.5,63.2,11.3,67.1,1.062,61.3,62.4,65.8,58.2,65,86.9,1,5.1,1,6.0,HIGH,5.6,14.8
PRJ-7084,Airport,West Bengal,2358.42,24,89.9,86.8,3.1,91.1,1.05,84.8,70.5,81.6,78.6,41,95.9,0,4.1,1,4.5,MEDIUM,1.8,3.7
PRJ-7085,Urban Development,Odisha,155.37,39,21.3,21.3,0.0,20.8,0.977,98.4,96.2,91.2,86.4,0,98.8,0,0.4,0,1.1,LOW,0.0,0.5
PRJ-7086,Metro,Maharashtra,3803.23,36,40.1,2.0,38.1,5.0,2.5,51.3,35.0,36.0,53.6,135,15.0,5,8.5,5,9.3,CRITICAL,9.7,28.8
PRJ-7087,Airport,Madhya Pradesh,1896.24,67,42.9,17.0,25.9,21.6,1.271,49.0,32.3,49.6,33.5,177,43.1,4,5.5,5,8.7,CRITICAL,10.6,26.4
PRJ-7088,Urban Development,Kerala,1302.07,23,74.6,47.6,27.0,62.7,1.317,41.9,51.6,39.1,45.9,155,62.9,5,6.8,4,8.0,CRITICAL,11.5,25.3
PRJ-7089,Railway,Andhra Pradesh,9500.17,53,58.4,56.6,1.8,55.8,0.986,76.3,80.9,83.8,83.5,36,96.0,0,3.6,1,3.9,MEDIUM,2.8,7.8
PRJ-7090,Power Infrastructure,Tamil Nadu,4693.42,23,67.6,61.5,6.1,67.4,1.096,73.2,77.5,80.6,71.9,29,93.2,2,2.9,0,4.6,MEDIUM,2.8,7.9
PRJ-7091,Power Infrastructure,Tamil Nadu,4838.14,33,47.5,24.1,23.4,30.3,1.257,53.0,45.5,52.2,45.7,119,52.6,4,9.2,4,8.5,CRITICAL,10.9,22.5
PRJ-7092,Railway,Tamil Nadu,5962.71,37,63.2,61.0,2.2,61.1,1.002,83.6,78.8,76.4,71.5,35,91.2,1,2.5,1,4.2,MEDIUM,2.7,8.6
PRJ-7093,Metro,Tamil Nadu,8401.61,51,32.1,14.9,17.2,16.9,1.134,65.4,55.7,57.4,66.7,76,47.6,2,3.2,2,6.8,HIGH,6.9,13.8
PRJ-7094,Metro,Andhra Pradesh,10448.06,24,89.4,87.9,1.5,84.9,0.966,88.2,89.3,96.1,87.7,3,97.3,0,1.6,0,0.8,LOW,0.2,0.0
PRJ-7095,Highway,Bihar,1429.05,28,51.0,32.5,18.5,37.4,1.151,68.4,56.2,57.0,68.8,70,65.0,2,5.5,1,5.6,HIGH,7.2,12.9
PRJ-7096,Highway,West Bengal,1000.55,49,45.3,14.4,30.9,19.7,1.368,48.6,46.7,38.8,51.6,166,31.3,7,6.7,3,7.5,CRITICAL,11.2,23.4
PRJ-7097,Irrigation,Delhi NCR,1296.95,35,79.6,75.1,4.5,84.0,1.119,85.7,75.6,78.6,78.0,32,94.0,3,3.0,1,3.8,MEDIUM,2.7,5.1
PRJ-7098,Railway,Rajasthan,2036.63,51,64.8,50.2,14.6,58.0,1.155,55.5,53.8,63.0,62.4,71,73.1,1,3.6,1,6.0,HIGH,7.2,12.4
PRJ-7099,Airport,West Bengal,1462.34,43,75.5,61.5,14.0,72.2,1.174,69.3,65.2,55.0,66.2,84,81.1,3,5.3,2,5.5,HIGH,6.3,11.0
PRJ-7100,Metro,Telangana,1469.11,36,89.0,66.2,22.8,83.3,1.258,46.9,43.6,41.8,42.6,114,73.8,3,7.1,3,7.1,CRITICAL,9.7,30.6
PRJ-7101,Highway,Assam,5561.16,39,77.3,70.7,6.6,78.2,1.106,78.7,72.8,86.4,80.2,33,87.8,2,5.2,1,3.0,MEDIUM,2.0,7.5
PRJ-7102,Airport,Bihar,11846.05,28,58.9,49.7,9.2,53.3,1.072,58.3,56.8,69.4,59.7,57,81.8,1,6.8,1,6.7,HIGH,7.0,18.2
PRJ-7103,Airport,Karnataka,3494.04,48,80.1,75.4,4.7,83.5,1.107,79.3,82.6,76.4,83.1,31,95.7,3,3.4,0,2.9,MEDIUM,2.3,6.8
PRJ-7104,Irrigation,Odisha,1239.08,39,69.9,69.9,0.0,69.6,0.996,88.5,90.7,93.1,91.2,0,100.0,0,0.6,0,1.0,LOW,0.8,1.9
PRJ-7105,Bridge,West Bengal,1275.42,50,89.4,73.3,16.1,81.2,1.108,59.0,57.3,60.3,59.6,84,79.9,2,5.5,1,6.5,HIGH,5.9,12.0
PRJ-7106,Airport,West Bengal,1329.25,52,56.5,51.1,5.4,54.1,1.059,85.2,76.4,76.6,74.8,33,92.9,1,3.9,0,4.2,MEDIUM,2.7,4.8
PRJ-7107,Metro,Telangana,4431.51,45,21.4,17.2,4.2,17.6,1.023,78.9,83.7,78.4,77.2,25,83.0,2,2.1,0,2.8,MEDIUM,2.3,6.3
PRJ-7108,Airport,Delhi NCR,11607.45,42,34.5,33.5,1.0,34.4,1.027,88.7,86.1,91.2,88.0,0,94.2,0,2.3,0,1.4,LOW,0.0,1.0
PRJ-7109,Airport,Tamil Nadu,1631.85,50,86.7,86.7,0.0,91.6,1.057,89.2,95.2,98.7,86.0,0,99.3,0,0.9,0,1.2,LOW,0.0,1.8
PRJ-7110,Power Infrastructure,Kerala,2162.61,42,36.6,35.5,1.1,36.3,1.023,91.9,97.4,98.4,91.4,4,96.5,0,3.6,0,1.6,LOW,0.4,1.0
PRJ-7111,Irrigation,Kerala,159.0,32,24.0,2.0,22.0,5.0,2.5,44.2,46.0,52.2,49.9,163,15.0,6,7.1,2,7.7,CRITICAL,12.0,26.9
PRJ-7112,Urban Development,Delhi NCR,1354.53,22,62.8,31.7,31.1,41.7,1.315,45.8,50.5,41.1,39.1,198,50.5,5,5.7,5,7.9,CRITICAL,15.7,30.5
PRJ-7113,Metro,Uttar Pradesh,7449.55,34,23.1,23.1,0.0,23.0,0.996,96.4,93.0,94.9,90.4,9,100.0,0,2.4,0,1.5,LOW,0.3,1.0
PRJ-7114,Water Supply,Karnataka,779.55,20,76.7,74.2,2.5,74.8,1.008,83.3,81.2,83.5,71.2,30,91.1,1,3.2,1,2.7,MEDIUM,3.6,5.9
PRJ-7115,Urban Development,West Bengal,622.3,28,43.8,43.8,0.0,46.7,1.066,96.6,96.5,90.0,85.3,6,100.0,0,2.2,0,1.4,LOW,0.2,0.3
PRJ-7116,Water Supply,Kerala,1943.06,29,31.6,27.1,4.5,25.7,0.948,81.2,73.2,80.0,81.9,23,89.1,0,4.7,0,3.6,MEDIUM,2.0,3.1
PRJ-7117,Airport,West Bengal,17598.65,61,55.2,49.4,5.8,52.0,1.053,76.0,82.0,77.1,70.5,28,90.4,0,3.7,1,2.6,MEDIUM,2.8,5.5
PRJ-7118,Irrigation,Uttarakhand,1442.87,21,49.6,17.6,32.0,23.9,1.358,52.9,36.8,35.7,32.7,141,35.8,7,7.1,4,8.8,CRITICAL,13.6,26.6
PRJ-7119,Urban Development,Madhya Pradesh,1056.66,12,62.2,55.5,6.7,59.7,1.076,81.9,78.6,83.1,75.0,29,86.5,0,2.8,0,4.3,MEDIUM,2.0,5.4
PRJ-7120,Railway,Uttarakhand,3082.23,73,70.9,66.1,4.8,72.5,1.097,74.2,72.9,83.7,70.1,40,97.9,2,3.8,1,3.6,MEDIUM,2.0,8.3
PRJ-7121,Bridge,Madhya Pradesh,2854.13,22,55.5,47.4,8.1,53.5,1.129,57.6,56.2,62.6,59.2,52,86.5,6,6.0,3,6.5,HIGH,4.2,16.1
PRJ-7122,Bridge,Delhi NCR,1910.47,26,22.0,20.4,1.6,21.9,1.074,95.5,95.1,94.4,93.2,0,93.7,0,0.5,0,1.8,LOW,0.4,1.5
PRJ-7123,Airport,Uttar Pradesh,8527.22,40,31.3,13.6,17.7,16.0,1.176,61.6,54.4,60.7,59.3,104,42.6,1,6.3,2,5.1,HIGH,6.3,18.1
PRJ-7124,Railway,Uttarakhand,11246.96,42,87.1,85.4,1.7,91.0,1.066,80.5,82.5,75.2,82.0,36,97.0,2,3.9,1,4.6,MEDIUM,2.7,7.0
PRJ-7125,Metro,Jammu & Kashmir,9390.45,70,76.9,76.9,0.0,78.0,1.014,90.8,97.3,88.8,90.8,4,100.0,2,3.0,0,1.3,LOW,0.1,0.2
PRJ-7126,Metro,Delhi NCR,3820.97,43,37.6,24.4,13.2,28.2,1.156,65.1,63.3,54.3,56.3,72,64.3,1,5.7,1,6.6,HIGH,5.4,15.9
PRJ-7127,Irrigation,Kerala,323.98,37,62.1,59.5,2.6,63.2,1.062,85.9,80.8,72.5,71.3,36,95.8,1,4.2,0,2.8,MEDIUM,3.4,7.6
PRJ-7128,Water Supply,Uttar Pradesh,276.73,46,54.7,27.9,26.8,33.2,1.19,40.9,40.4,47.8,51.6,138,51.1,3,5.5,3,7.9,CRITICAL,12.2,25.9
PRJ-7129,Irrigation,Gujarat,1390.41,22,23.7,2.0,21.7,5.0,2.5,67.3,62.8,67.6,62.5,63,15.0,3,5.9,1,5.9,HIGH,5.8,12.6
PRJ-7130,Irrigation,Maharashtra,619.29,32,91.2,85.7,5.5,90.5,1.056,75.5,72.3,74.6,76.9,34,91.9,1,2.5,1,4.5,MEDIUM,3.2,8.6
PRJ-7131,Metro,Odisha,5177.15,54,25.3,13.2,12.1,14.5,1.098,63.4,58.6,64.5,65.6,95,56.0,1,6.9,2,6.9,HIGH,7.3,16.5
PRJ-7132,Power Infrastructure,Andhra Pradesh,7612.95,25,40.4,38.9,1.5,39.8,1.023,75.9,76.4,76.9,71.6,22,99.0,2,2.5,1,3.0,MEDIUM,1.6,5.0
PRJ-7133,Irrigation,Gujarat,742.19,25,79.6,52.3,27.3,69.1,1.321,49.8,33.6,44.0,43.3,145,65.8,4,6.1,4,7.8,CRITICAL,14.8,27.0
PRJ-7134,Metro,Kerala,6196.5,64,26.8,11.9,14.9,13.9,1.168,66.6,57.7,66.9,61.8,81,40.1,4,7.2,3,7.0,HIGH,6.9,15.2
PRJ-7135,Airport,Bihar,3513.52,54,50.6,44.3,6.3,47.3,1.068,79.4,78.8,77.6,76.8,33,86.3,1,2.4,1,3.6,MEDIUM,1.8,6.7
PRJ-7136,Power Infrastructure,Himachal Pradesh,1061.12,34,64.5,39.4,25.1,51.3,1.302,53.6,47.3,54.9,35.4,164,58.3,6,6.9,2,8.3,CRITICAL,12.7,29.1
PRJ-7137,Metro,Maharashtra,6990.29,42,37.6,19.6,18.0,23.7,1.209,47.8,43.1,50.0,39.8,160,54.8,5,9.0,5,7.6,CRITICAL,8.6,16.0
PRJ-7138,Power Infrastructure,Delhi NCR,621.92,46,38.1,37.2,0.9,38.8,1.043,92.7,91.3,96.3,86.3,4,98.7,1,1.3,0,2.0,LOW,0.3,0.4
PRJ-7139,Water Supply,Assam,463.38,42,61.4,47.5,13.9,54.3,1.143,58.0,68.5,56.3,56.8,82,79.0,2,6.2,3,5.7,HIGH,4.7,14.1
PRJ-7140,Power Infrastructure,Rajasthan,3768.73,42,24.5,22.9,1.6,22.6,0.987,74.1,84.1,83.1,73.7,44,91.3,1,4.1,1,3.2,MEDIUM,2.2,5.1
PRJ-7141,Airport,Kerala,5787.19,50,24.3,23.0,1.3,24.2,1.052,96.8,86.7,99.7,90.5,0,94.3,1,1.6,0,1.8,LOW,0.4,0.9
PRJ-7142,Irrigation,Jammu & Kashmir,680.01,30,37.5,32.6,4.9,34.8,1.067,82.9,73.2,83.1,70.6,42,85.0,1,3.3,1,4.7,MEDIUM,2.0,6.5
PRJ-7143,Water Supply,Telangana,770.98,20,91.8,59.1,32.7,80.0,1.354,38.4,45.0,44.7,51.7,198,61.0,6,9.4,5,8.9,CRITICAL,10.7,22.0
PRJ-7144,Highway,Rajasthan,1238.52,26,90.2,74.0,16.2,88.4,1.195,56.7,61.4,54.4,55.6,71,80.6,3,4.8,2,6.7,HIGH,7.1,18.8
PRJ-7145,Urban Development,Gujarat,184.17,29,52.7,51.6,1.1,53.0,1.027,89.9,92.5,95.7,94.3,8,94.8,0,1.8,0,1.3,LOW,0.5,1.6
PRJ-7146,Water Supply,Odisha,1380.47,19,90.7,90.7,0.0,91.7,1.011,88.7,88.7,99.9,90.0,8,100.0,0,0.7,0,2.1,LOW,0.6,1.2
PRJ-7147,Airport,Assam,1303.18,49,32.3,31.9,0.4,32.2,1.009,92.7,98.6,96.7,87.8,2,95.9,1,1.8,0,1.4,LOW,0.3,0.5
PRJ-7148,Highway,Bihar,1488.53,24,81.4,65.8,15.6,78.0,1.185,69.3,66.0,65.5,58.6,84,81.7,4,3.6,2,5.4,HIGH,6.4,17.2
PRJ-7149,Urban Development,Bihar,682.47,27,51.4,43.8,7.6,46.3,1.057,72.4,73.8,79.9,78.9,43,85.2,1,2.4,1,3.7,MEDIUM,2.3,6.6
PRJ-7150,Airport,Uttarakhand,5995.38,49,72.2,63.5,8.7,68.1,1.072,63.9,64.6,58.8,56.6,70,93.6,2,7.7,3,6.8,HIGH,5.5,14.7
PRJ-7151,Bridge,Karnataka,579.35,28,79.3,67.1,12.2,74.1,1.104,68.1,65.0,54.3,63.9,75,82.5,2,4.3,3,5.7,HIGH,4.9,12.2
PRJ-7152,Metro,Andhra Pradesh,14526.7,61,66.9,60.8,6.1,67.8,1.115,75.4,73.0,77.8,79.0,33,89.6,2,1.9,1,3.1,MEDIUM,1.6,9.3
PRJ-7153,Highway,Tamil Nadu,3240.53,50,84.3,69.5,14.8,83.8,1.206,59.0,62.4,59.7,68.5,88,83.4,4,5.8,2,6.8,HIGH,5.8,9.9
PRJ-7154,Airport,Karnataka,6808.76,55,89.6,89.6,0.0,93.9,1.048,90.5,93.4,90.2,97.7,1,100.0,1,0.8,0,1.1,LOW,0.0,2.1
PRJ-7155,Irrigation,Delhi NCR,903.18,29,49.6,37.6,12.0,43.8,1.165,59.0,63.1,67.8,63.8,62,76.7,3,6.3,3,7.0,HIGH,4.4,16.4
PRJ-7156,Water Supply,Bihar,242.66,33,78.1,76.0,2.1,77.0,1.013,91.4,97.9,97.5,88.4,1,95.8,0,0.7,0,1.0,LOW,0.2,1.3
PRJ-7157,Power Infrastructure,Maharashtra,11372.47,35,21.4,8.4,13.0,10.1,1.202,70.0,66.9,64.5,57.3,109,37.0,8,3.6,2,7.1,HIGH,5.5,17.0
PRJ-7158,Metro,West Bengal,10358.05,45,69.8,69.8,0.0,67.9,0.973,90.5,89.7,99.3,93.0,3,99.4,0,1.4,0,0.5,LOW,0.6,2.2
PRJ-7159,Metro,Telangana,12351.79,39,89.9,88.9,1.0,89.0,1.001,93.7,97.2,90.9,86.3,0,100.0,0,1.8,0,1.3,LOW,0.1,0.8
PRJ-7160,Airport,Tamil Nadu,3876.67,33,47.5,36.8,10.7,42.9,1.166,58.9,55.3,69.8,62.7,98,79.5,5,3.4,1,5.4,HIGH,4.0,14.7
PRJ-7161,Metro,Rajasthan,1316.32,47,53.4,49.3,4.1,50.2,1.018,73.5,70.0,72.9,83.7,24,94.7,1,2.6,1,2.9,MEDIUM,2.8,5.9
PRJ-7162,Bridge,Odisha,1573.92,49,20.7,4.5,16.2,5.4,1.2,58.2,66.6,57.7,68.8,94,20.4,3,4.8,2,5.5,HIGH,5.6,19.0
PRJ-7163,Railway,Rajasthan,1309.62,64,35.2,30.4,4.8,31.7,1.043,73.1,81.1,76.6,71.3,43,89.9,3,2.5,1,4.7,MEDIUM,2.5,7.1
PRJ-7164,Metro,Himachal Pradesh,1768.57,52,76.1,59.8,16.3,71.2,1.191,61.1,53.6,58.8,63.6,52,80.8,4,6.3,3,5.9,HIGH,6.2,13.2
PRJ-7165,Irrigation,Maharashtra,198.89,27,74.6,73.1,1.5,74.0,1.012,86.0,77.6,80.0,82.8,41,100.0,3,3.1,0,4.4,MEDIUM,2.4,8.2
PRJ-7166,Power Infrastructure,Bihar,1815.31,34,78.1,58.4,19.7,74.6,1.277,63.8,56.9,63.8,66.2,75,75.4,6,5.8,3,5.7,HIGH,6.5,17.0
PRJ-7167,Irrigation,Gujarat,1862.66,21,39.8,19.5,20.3,25.1,1.287,41.9,50.3,50.3,33.5,174,47.8,7,6.5,5,7.6,CRITICAL,14.1,29.2
PRJ-7168,Power Infrastructure,Himachal Pradesh,4707.82,43,48.1,40.7,7.4,42.5,1.044,83.3,75.0,80.1,80.7,25,85.9,0,3.7,1,2.8,MEDIUM,2.0,8.3
PRJ-7169,Water Supply,West Bengal,220.04,12,68.8,54.2,14.6,65.3,1.205,69.9,61.3,54.2,61.3,85,76.0,3,5.1,3,5.2,HIGH,4.7,13.6
PRJ-7170,Power Infrastructure,Assam,1317.48,22,63.1,50.8,12.3,57.3,1.128,59.7,67.7,62.5,62.2,104,79.4,1,5.3,3,6.4,HIGH,6.3,12.2
PRJ-7171,Power Infrastructure,Rajasthan,2724.47,44,68.0,67.5,0.5,70.5,1.044,95.2,88.7,99.3,96.0,3,100.0,0,2.2,0,1.5,LOW,0.0,0.5
PRJ-7172,Railway,Assam,3129.25,67,49.2,42.9,6.3,49.0,1.142,86.0,74.6,80.1,70.6,31,80.6,5,4.2,0,3.1,MEDIUM,1.9,7.4
PRJ-7173,Metro,Andhra Pradesh,9627.95,46,39.3,34.9,4.4,36.3,1.04,74.8,79.2,86.1,73.2,29,89.0,2,1.5,0,4.2,MEDIUM,1.9,5.8
PRJ-7174,Metro,Assam,2132.68,48,49.2,44.9,4.3,47.9,1.067,74.5,73.1,84.4,74.5,36,87.0,1,5.4,0,3.4,MEDIUM,2.4,5.7
PRJ-7175,Irrigation,Telangana,587.67,24,83.6,82.9,0.7,81.5,0.983,91.4,89.7,88.6,89.4,5,100.0,0,0.3,0,1.8,LOW,0.2,1.4
PRJ-7176,Water Supply,Assam,270.27,21,37.5,28.9,8.6,32.6,1.128,56.9,66.8,57.6,57.6,78,80.2,4,4.7,2,7.2,HIGH,5.9,16.2
PRJ-7177,Urban Development,Tamil Nadu,965.94,33,79.5,76.6,2.9,79.1,1.033,79.3,80.7,80.0,81.2,16,99.6,0,3.5,1,3.0,MEDIUM,2.5,6.7
PRJ-7178,Irrigation,Jammu & Kashmir,407.93,22,25.5,2.0,23.5,5.0,2.5,36.4,33.7,48.6,34.1,125,15.0,3,6.4,3,9.0,CRITICAL,9.4,17.2
PRJ-7179,Highway,Rajasthan,3125.42,49,78.4,62.7,15.7,76.5,1.22,68.7,55.7,59.5,68.2,78,82.2,5,3.5,3,6.2,HIGH,4.8,16.4
PRJ-7180,Metro,Rajasthan,1496.68,44,35.7,28.0,7.7,31.5,1.125,74.8,80.6,84.7,82.3,22,74.7,3,3.0,1,2.7,MEDIUM,3.4,7.0
PRJ-7181,Irrigation,Kerala,4041.11,31,68.3,57.3,11.0,61.9,1.08,60.0,57.0,66.7,57.2,74,79.8,3,4.8,3,5.8,HIGH,7.1,12.2
PRJ-7182,Irrigation,Uttarakhand,552.36,19,87.5,55.3,32.2,71.9,1.3,36.6,51.5,45.5,44.4,147,65.7,4,10.0,4,7.6,CRITICAL,12.1,21.2
PRJ-7183,Highway,Assam,1950.45,30,75.7,56.6,19.1,72.0,1.272,48.2,45.4,54.2,36.6,152,72.1,6,9.8,2,8.4,CRITICAL,11.3,22.2
PRJ-7184,Railway,Rajasthan,6474.38,37,78.7,78.7,0.0,77.3,0.982,91.1,95.1,97.1,94.4,1,96.4,0,2.4,0,1.9,LOW,0.3,1.2
PRJ-7185,Metro,Jammu & Kashmir,4846.73,52,71.2,56.5,14.7,68.5,1.212,56.2,58.4,56.2,62.2,74,79.4,8,7.7,3,6.9,HIGH,5.2,11.7
PRJ-7186,Bridge,Uttar Pradesh,594.84,32,38.0,33.1,4.9,36.9,1.115,76.4,81.3,73.9,82.6,37,91.8,2,3.8,0,2.9,MEDIUM,2.9,8.0
PRJ-7187,Bridge,Telangana,1602.84,44,52.6,46.8,5.8,51.9,1.109,76.1,83.7,80.1,81.9,52,87.4,2,2.6,1,3.6,MEDIUM,2.3,7.8
PRJ-7188,Water Supply,Tamil Nadu,592.32,22,76.5,69.9,6.6,74.0,1.059,73.8,72.7,79.6,75.7,38,91.8,0,2.2,1,3.2,MEDIUM,3.4,8.7
PRJ-7189,Irrigation,Assam,1328.53,45,70.1,54.6,15.5,69.3,1.269,69.3,56.1,64.2,59.3,88,74.5,8,4.8,2,5.1,HIGH,6.8,13.1
PRJ-7190,Metro,Odisha,4640.05,52,40.7,18.4,22.3,24.6,1.337,47.5,44.6,44.2,48.7,163,39.9,8,8.9,2,7.8,CRITICAL,14.5,24.6
PRJ-7191,Metro,Telangana,4676.26,52,34.5,34.5,0.0,35.7,1.035,92.5,90.8,88.7,93.9,0,100.0,0,1.1,0,1.9,LOW,0.5,2.2
PRJ-7192,Airport,Assam,1792.51,55,55.6,50.7,4.9,58.5,1.154,73.3,74.2,77.3,80.2,32,89.0,4,5.8,1,4.5,MEDIUM,2.4,6.2
PRJ-7193,Power Infrastructure,Uttar Pradesh,1868.21,40,49.5,26.1,23.4,34.0,1.303,52.7,40.9,40.1,53.8,149,50.7,4,5.1,4,7.1,CRITICAL,7.5,35.5
PRJ-7194,Airport,Odisha,4402.61,47,54.5,54.5,0.0,53.9,0.989,88.0,88.3,90.7,87.8,2,98.0,0,1.2,0,1.0,LOW,0.1,2.0
PRJ-7195,Metro,Bihar,4642.75,43,35.0,21.5,13.5,24.6,1.144,62.4,58.3,67.8,64.3,91,61.5,4,6.8,1,5.4,HIGH,7.1,11.4
PRJ-7196,Water Supply,Uttarakhand,176.11,26,58.4,58.4,0.0,62.5,1.07,91.8,92.0,99.8,86.7,5,100.0,0,2.3,0,1.4,LOW,0.1,0.0
PRJ-7197,Railway,Delhi NCR,3337.51,48,46.5,38.8,7.7,42.3,1.09,79.8,77.4,86.0,74.5,48,87.9,2,2.6,1,2.9,MEDIUM,1.8,6.4
PRJ-7198,Railway,Kerala,1767.36,39,53.2,50.7,2.5,51.3,1.012,93.8,90.9,95.3,91.6,6,95.2,3,3.0,0,0.7,LOW,0.3,0.4
PRJ-7199,Railway,Assam,2308.04,50,35.6,31.7,3.9,33.1,1.044,82.2,74.2,72.5,74.2,29,88.9,2,4.8,0,4.3,MEDIUM,2.8,6.4
PRJ-7200,Highway,Bihar,3918.62,44,34.9,16.5,18.4,19.3,1.17,61.7,66.2,55.8,65.6,84,44.7,3,3.3,2,6.4,HIGH,6.4,16.5
PRJ-7201,Irrigation,Karnataka,215.37,27,77.0,64.0,13.0,73.4,1.147,56.1,63.1,68.8,65.3,90,84.0,3,4.8,2,7.0,HIGH,8.0,15.4
PRJ-7202,Urban Development,Assam,1928.4,26,78.6,70.4,8.2,73.8,1.048,63.2,68.4,69.1,65.4,114,90.9,2,4.8,1,5.6,HIGH,5.1,16.2
PRJ-7203,Power Infrastructure,Maharashtra,521.55,48,71.0,52.4,18.6,59.0,1.126,58.2,61.8,54.3,67.1,84,71.6,1,3.4,2,6.2,HIGH,6.4,15.2
PRJ-7204,Power Infrastructure,Assam,472.05,37,24.7,16.7,8.0,18.5,1.108,72.6,77.6,73.4,78.6,25,66.7,2,4.2,1,2.5,MEDIUM,2.5,7.0
PRJ-7205,Water Supply,Uttar Pradesh,439.21,38,49.9,20.9,29.0,26.6,1.273,47.1,38.1,39.4,40.9,119,43.4,8,7.3,5,7.9,CRITICAL,12.5,23.8
PRJ-7206,Airport,Odisha,8306.46,44,70.9,70.7,0.2,70.8,1.001,88.6,88.0,95.6,86.6,0,97.9,0,0.3,0,1.6,LOW,0.0,1.2
PRJ-7207,Airport,Gujarat,3590.02,35,36.7,30.9,5.8,34.0,1.1,82.2,77.5,81.1,75.2,39,88.9,2,2.8,1,2.6,MEDIUM,1.7,6.8
PRJ-7208,Power Infrastructure,Uttarakhand,880.16,31,21.3,18.1,3.2,19.7,1.088,80.1,77.7,81.3,72.5,30,83.8,0,3.3,1,4.7,MEDIUM,2.1,3.6
PRJ-7209,Irrigation,Jammu & Kashmir,167.72,25,78.6,54.0,24.6,68.8,1.274,36.0,45.1,40.3,53.6,185,70.5,4,10.0,3,8.7,CRITICAL,11.9,26.1
PRJ-7210,Irrigation,Himachal Pradesh,1873.9,26,23.0,2.0,21.0,5.0,2.5,46.9,39.2,36.8,43.4,96,15.0,4,8.8,3,7.2,CRITICAL,8.5,29.0
PRJ-7211,Irrigation,Gujarat,1087.08,33,80.1,77.3,2.8,78.9,1.021,77.0,71.1,80.3,72.3,37,90.0,2,3.7,0,4.7,MEDIUM,2.9,8.0
PRJ-7212,Metro,Odisha,3133.19,48,44.3,38.2,6.1,41.4,1.084,83.3,79.5,86.4,73.7,29,85.8,2,4.3,1,3.3,MEDIUM,2.0,4.3
PRJ-7213,Urban Development,Assam,2168.77,25,58.0,50.5,7.5,52.6,1.042,78.3,79.8,86.3,70.5,15,86.2,0,5.4,1,4.3,MEDIUM,2.1,6.3
PRJ-7214,Railway,Karnataka,2027.4,45,40.2,33.2,7.0,36.1,1.087,72.4,71.2,85.9,80.5,21,79.0,0,2.6,0,3.6,MEDIUM,3.1,6.5
PRJ-7215,Highway,Andhra Pradesh,952.75,62,82.1,52.3,29.8,74.0,1.415,38.8,45.7,37.9,36.9,150,66.4,10,6.9,3,7.9,CRITICAL,10.0,26.9
PRJ-7216,Airport,West Bengal,2584.63,34,75.9,73.3,2.6,78.2,1.067,77.1,71.8,75.6,83.3,40,90.1,3,3.5,1,2.8,MEDIUM,1.9,6.6
PRJ-7217,Urban Development,Delhi NCR,1518.57,26,49.6,48.9,0.7,46.0,0.941,88.6,94.6,95.2,94.2,0,95.4,0,0.4,0,0.8,LOW,0.2,2.4
PRJ-7218,Water Supply,Uttar Pradesh,2009.01,40,53.1,53.1,0.0,52.4,0.987,96.8,98.6,98.1,87.2,3,100.0,1,2.0,0,0.8,LOW,0.3,0.3
PRJ-7219,Power Infrastructure,Telangana,564.89,45,29.4,29.4,0.0,30.1,1.024,90.4,86.9,93.7,97.4,0,100.0,0,0.4,0,0.9,LOW,0.2,2.0
PRJ-7220,Highway,Gujarat,860.05,39,88.6,65.4,23.2,81.6,1.248,41.1,39.9,52.5,40.7,127,76.0,5,7.4,2,9.4,CRITICAL,11.9,22.0
PRJ-7221,Power Infrastructure,Delhi NCR,5705.25,31,28.5,28.5,0.0,28.6,1.004,88.3,90.5,96.9,91.8,0,99.3,0,0.4,0,1.0,LOW,0.1,1.0
PRJ-7222,Irrigation,Uttar Pradesh,4395.15,16,63.7,30.9,32.8,43.8,1.417,50.9,42.6,49.4,43.0,212,51.0,6,8.5,5,8.9,CRITICAL,10.6,27.1
PRJ-7223,Irrigation,Madhya Pradesh,540.2,30,33.3,17.7,15.6,20.6,1.164,66.9,57.4,62.7,60.8,91,54.7,1,5.5,3,5.3,HIGH,6.9,15.2
PRJ-7224,Water Supply,Andhra Pradesh,2103.69,22,48.3,35.2,13.1,40.4,1.148,55.3,66.3,64.1,60.6,67,77.9,4,4.3,3,6.4,HIGH,5.4,14.4
PRJ-7225,Airport,Maharashtra,6963.85,46,75.9,70.5,5.4,72.8,1.033,77.5,72.1,75.3,73.6,34,94.4,2,2.8,0,4.4,MEDIUM,3.3,8.7
PRJ-7226,Urban Development,Madhya Pradesh,1137.42,25,88.3,84.7,3.6,89.2,1.053,83.9,80.4,79.2,72.2,36,95.3,2,3.2,0,4.6,MEDIUM,3.0,4.1
PRJ-7227,Metro,Telangana,2682.67,59,46.2,41.2,5.0,45.8,1.112,78.5,81.9,72.4,82.4,26,93.8,4,1.9,1,4.0,MEDIUM,2.2,4.9
PRJ-7228,Irrigation,Odisha,3130.72,26,77.7,72.7,5.0,74.6,1.026,78.0,70.0,84.0,80.2,32,95.8,1,3.8,0,4.1,MEDIUM,1.6,6.2
PRJ-7229,Highway,Delhi NCR,1191.54,48,50.5,46.0,4.5,47.0,1.022,75.6,75.9,72.5,75.8,33,94.0,0,3.1,0,4.2,MEDIUM,2.4,7.9
PRJ-7230,Irrigation,Telangana,477.56,27,22.3,22.3,0.0,22.7,1.018,89.8,88.8,94.4,96.3,3,100.0,0,0.7,0,1.2,LOW,0.2,0.5
PRJ-7231,Highway,Gujarat,2526.87,29,80.7,80.7,0.0,81.2,1.006,96.3,90.2,96.3,95.9,5,100.0,0,0.2,0,1.9,LOW,0.2,1.4
PRJ-7232,Irrigation,Uttar Pradesh,695.12,23,90.4,90.4,0.0,95.2,1.053,94.0,87.8,89.8,86.6,6,100.0,0,0.5,0,0.8,LOW,0.4,1.7
PRJ-7233,Urban Development,Assam,367.95,31,55.4,53.9,1.5,55.3,1.026,76.2,83.6,83.1,73.6,49,99.7,1,4.3,0,4.1,MEDIUM,2.2,6.4
PRJ-7234,Bridge,Bihar,4832.85,31,52.8,42.0,10.8,48.2,1.148,58.2,67.2,66.3,62.3,75,78.2,3,5.5,1,5.4,HIGH,5.4,16.1
PRJ-7235,Railway,Himachal Pradesh,5956.66,61,83.1,82.6,0.5,84.9,1.028,92.0,90.0,93.2,96.0,0,100.0,1,3.9,0,1.1,LOW,0.2,2.3
PRJ-7236,Railway,Karnataka,1448.21,41,20.9,6.4,14.5,7.5,1.172,60.3,61.4,62.4,57.6,98,31.3,4,3.6,2,6.7,HIGH,6.2,14.9
PRJ-7237,Metro,Jammu & Kashmir,2408.7,50,82.6,73.7,8.9,81.6,1.107,83.6,83.8,73.8,74.9,29,90.3,1,4.2,1,3.1,MEDIUM,1.3,6.7
PRJ-7238,Water Supply,Madhya Pradesh,736.89,19,62.2,56.3,5.9,60.2,1.069,84.7,72.9,81.8,83.8,38,89.4,0,3.5,0,3.8,MEDIUM,2.1,8.4
PRJ-7239,Irrigation,Delhi NCR,2774.53,31,23.9,16.3,7.6,17.9,1.098,78.4,73.4,74.6,75.4,22,70.6,1,2.8,1,2.8,MEDIUM,2.6,5.2
PRJ-7240,Bridge,Uttarakhand,8772.31,27,24.9,18.1,6.8,19.5,1.077,82.9,73.8,72.8,71.5,33,72.1,2,4.1,1,3.2,MEDIUM,3.1,6.3
PRJ-7241,Power Infrastructure,Uttar Pradesh,639.17,27,82.3,80.8,1.5,84.7,1.048,81.2,72.0,86.3,76.4,33,96.4,4,2.5,1,3.3,MEDIUM,3.1,6.7
PRJ-7242,Railway,Andhra Pradesh,1721.41,42,39.4,38.8,0.6,37.7,0.972,97.0,98.0,88.3,90.9,8,100.0,0,0.9,0,1.2,LOW,0.4,0.0
PRJ-7243,Irrigation,Uttar Pradesh,233.59,35,87.9,72.2,15.7,83.6,1.158,55.6,59.0,54.2,58.9,103,83.4,5,6.4,2,5.8,HIGH,3.8,13.7
PRJ-7244,Metro,Gujarat,7918.23,53,54.4,54.4,0.0,53.9,0.991,94.9,89.3,96.4,96.8,3,100.0,0,0.8,0,1.1,LOW,0.1,2.1
PRJ-7245,Water Supply,Uttarakhand,617.45,36,90.6,78.9,11.7,91.5,1.16,62.0,68.6,65.6,62.7,109,89.7,2,5.9,3,7.0,HIGH,4.7,17.2
PRJ-7246,Railway,Andhra Pradesh,1980.86,52,30.2,25.4,4.8,27.5,1.083,75.8,74.3,81.0,70.9,37,81.4,2,4.0,1,4.7,MEDIUM,3.1,7.4
PRJ-7247,Airport,Odisha,16447.75,24,91.1,89.9,1.2,94.6,1.052,97.1,87.1,97.7,94.0,0,100.0,0,1.8,0,0.7,LOW,0.1,1.4
PRJ-7248,Water Supply,Maharashtra,1195.08,36,50.6,44.9,5.7,47.6,1.06,74.5,76.0,75.9,77.2,34,90.8,0,2.3,0,2.8,MEDIUM,2.3,5.5
PRJ-7249,Metro,Madhya Pradesh,2717.71,52,30.9,30.9,0.0,30.7,0.994,89.4,88.5,97.2,97.0,0,100.0,0,1.3,0,1.3,LOW,0.2,2.3
PRJ-7250,Railway,Odisha,1762.71,33,72.9,72.9,0.0,77.0,1.056,91.9,92.0,95.4,97.6,2,100.0,2,2.1,0,1.0,LOW,0.3,0.5
PRJ-7251,Railway,West Bengal,7337.41,53,23.0,17.0,6.0,17.7,1.041,78.8,81.4,78.5,80.5,42,76.7,0,2.3,0,4.3,MEDIUM,3.0,6.5
PRJ-7252,Airport,Telangana,5115.3,49,43.8,40.7,3.1,44.5,1.093,84.2,84.4,77.1,77.8,35,94.7,0,4.2,0,2.9,MEDIUM,1.5,3.3
PRJ-7253,Urban Development,Himachal Pradesh,3770.79,22,56.8,53.1,3.7,56.1,1.056,85.8,84.1,83.7,76.9,30,89.9,2,5.1,0,4.6,MEDIUM,2.0,4.0
PRJ-7254,Bridge,Uttar Pradesh,713.16,38,37.3,36.8,0.5,35.8,0.973,95.9,96.2,92.2,90.4,4,96.1,0,2.3,0,1.0,LOW,0.5,1.1
PRJ-7255,Irrigation,Jammu & Kashmir,354.33,37,60.4,59.9,0.5,61.6,1.028,96.7,92.0,89.0,97.7,0,97.6,1,3.7,0,1.9,LOW,0.5,0.0
PRJ-7256,Bridge,Odisha,1379.57,27,20.9,8.5,12.4,9.9,1.165,60.9,52.7,65.7,67.7,61,41.7,2,4.1,2,5.4,HIGH,7.2,14.3
PRJ-7257,Airport,Bihar,1783.96,43,31.1,28.3,2.8,29.3,1.035,82.0,79.1,77.4,78.3,30,88.2,1,3.3,0,4.7,MEDIUM,2.1,7.2
PRJ-7258,Airport,Uttarakhand,4459.65,37,58.4,58.4,0.0,58.2,0.997,92.5,88.7,90.8,91.5,2,100.0,0,2.0,0,1.9,LOW,0.2,1.9
PRJ-7259,Highway,Assam,1138.47,48,85.9,84.4,1.5,88.5,1.049,73.1,74.4,84.3,74.3,39,96.2,0,3.0,1,2.8,MEDIUM,2.4,7.5
PRJ-7260,Metro,Telangana,1416.6,45,28.8,9.2,19.6,11.1,1.207,57.7,61.5,60.8,68.9,84,41.0,1,4.4,1,6.4,HIGH,5.0,16.6
PRJ-7261,Airport,Maharashtra,6772.59,49,45.3,40.0,5.3,41.9,1.047,74.3,80.4,83.0,76.7,19,88.2,0,2.1,0,3.3,MEDIUM,3.9,6.2
PRJ-7262,Water Supply,West Bengal,1514.07,24,89.5,88.7,0.8,91.1,1.027,96.9,86.7,98.0,97.0,4,97.0,0,1.8,0,1.0,LOW,0.1,1.2
PRJ-7263,Highway,Odisha,1441.49,43,77.0,76.4,0.6,76.2,0.997,94.3,86.0,95.6,95.7,4,96.5,0,2.2,0,1.6,LOW,0.1,1.2
PRJ-7264,Metro,Madhya Pradesh,2240.71,53,81.4,68.7,12.7,80.7,1.175,64.2,67.0,54.0,68.6,101,80.0,5,4.4,2,6.0,HIGH,4.4,13.2
PRJ-7265,Airport,Delhi NCR,2589.31,42,51.5,46.4,5.1,49.7,1.071,79.2,70.5,79.4,83.5,33,91.2,2,3.5,0,2.5,MEDIUM,2.5,6.3
PRJ-7266,Irrigation,Gujarat,3528.24,19,71.7,71.7,0.0,78.0,1.088,96.0,95.6,91.6,92.3,4,100.0,2,0.4,0,2.0,LOW,0.0,1.0
PRJ-7267,Bridge,Rajasthan,927.9,53,81.1,62.8,18.3,68.0,1.083,63.2,61.0,69.0,66.7,101,77.5,0,4.5,1,6.7,HIGH,5.3,13.5
PRJ-7268,Highway,Andhra Pradesh,2769.83,48,57.2,56.4,0.8,61.6,1.092,92.5,97.1,99.3,93.8,5,96.2,2,2.4,0,0.9,LOW,0.5,0.8
PRJ-7269,Bridge,Tamil Nadu,1520.36,32,28.9,27.4,1.5,28.3,1.033,79.9,83.0,74.1,80.5,32,95.8,3,1.9,1,4.2,MEDIUM,2.6,7.7
PRJ-7270,Airport,Delhi NCR,8537.01,61,54.7,48.7,6.0,52.0,1.068,80.5,81.8,83.1,83.2,38,86.7,1,3.0,1,3.6,MEDIUM,2.3,7.1
PRJ-7271,Water Supply,Andhra Pradesh,1784.18,43,29.8,26.7,3.1,28.2,1.056,82.4,81.3,79.0,82.4,28,92.0,3,3.4,1,2.8,MEDIUM,1.4,6.7
PRJ-7272,Urban Development,Assam,927.11,16,66.0,66.0,0.0,66.9,1.014,97.6,92.1,93.0,88.9,0,95.8,1,3.2,0,1.8,LOW,0.3,1.0
PRJ-7273,Power Infrastructure,Himachal Pradesh,597.35,49,83.2,83.1,0.1,82.9,0.998,89.8,97.7,96.5,86.9,4,96.1,1,3.9,0,2.1,LOW,0.1,1.4
PRJ-7274,Highway,Andhra Pradesh,575.3,33,39.9,4.3,35.6,6.1,1.419,46.8,46.7,50.9,47.2,174,16.0,8,7.5,5,8.8,CRITICAL,12.2,25.9
PRJ-7275,Irrigation,Andhra Pradesh,388.13,38,43.5,24.0,19.5,26.5,1.104,63.4,68.6,54.9,56.2,80,59.4,0,5.4,2,5.2,HIGH,6.8,14.5
PRJ-7276,Irrigation,Delhi NCR,1068.98,27,91.3,91.3,0.0,94.7,1.037,95.4,88.8,88.8,87.3,0,100.0,0,1.1,0,1.2,LOW,0.1,0.5
PRJ-7277,Metro,Delhi NCR,15103.36,44,79.9,79.7,0.2,81.5,1.023,91.6,94.4,99.6,88.7,2,98.7,0,2.1,0,1.2,LOW,0.1,1.1
PRJ-7278,Power Infrastructure,West Bengal,2938.18,49,23.4,9.8,13.6,11.4,1.163,68.6,55.3,56.6,61.7,45,42.4,2,5.1,2,5.5,HIGH,7.6,13.8
PRJ-7279,Urban Development,Bihar,976.72,32,46.5,45.5,1.0,45.4,0.998,92.0,96.4,88.3,94.3,2,97.7,0,0.2,0,0.7,LOW,0.3,0.1
PRJ-7280,Water Supply,Madhya Pradesh,920.95,24,78.0,75.7,2.3,77.0,1.017,98.0,87.8,95.5,97.6,0,96.6,0,1.3,0,1.8,LOW,0.3,0.9
PRJ-7281,Water Supply,Uttar Pradesh,1218.74,24,79.0,76.4,2.6,81.0,1.06,79.2,79.3,74.2,74.4,36,96.4,1,4.3,0,4.7,MEDIUM,1.7,6.0
PRJ-7282,Railway,Jammu & Kashmir,2938.69,47,67.0,67.0,0.0,69.9,1.043,94.8,89.2,95.0,96.4,1,100.0,0,3.4,0,1.1,LOW,0.3,0.4
PRJ-7283,Urban Development,Kerala,480.22,29,89.9,89.9,0.0,89.7,0.998,94.0,89.5,97.4,94.2,1,97.6,0,1.9,0,0.7,LOW,0.3,1.1
PRJ-7284,Railway,West Bengal,1692.48,39,71.9,70.0,1.9,73.9,1.056,76.0,72.1,85.6,81.5,36,97.0,2,2.6,0,3.4,MEDIUM,1.8,7.9
PRJ-7285,Urban Development,Kerala,278.67,37,55.3,54.4,0.9,52.8,0.971,97.8,87.6,98.9,91.3,4,99.6,0,3.5,0,0.6,LOW,0.2,0.5
PRJ-7286,Airport,Telangana,6484.54,47,65.2,51.8,13.4,62.9,1.214,62.8,59.3,58.5,64.4,88,80.8,6,3.5,2,6.9,HIGH,5.9,11.4
PRJ-7287,Irrigation,Delhi NCR,2526.03,33,45.7,23.0,22.7,29.2,1.27,50.6,42.2,48.9,47.4,170,50.4,6,5.6,5,7.3,CRITICAL,13.7,23.0
PRJ-7288,Power Infrastructure,Maharashtra,1779.65,31,76.3,39.7,36.6,58.6,1.476,35.9,38.3,35.1,34.6,142,57.7,8,6.0,3,8.4,CRITICAL,13.4,23.7
PRJ-7289,Metro,Bihar,2752.27,36,30.9,26.9,4.0,29.0,1.078,80.4,83.4,80.3,80.1,38,89.9,3,3.7,0,3.0,MEDIUM,1.8,6.0
PRJ-7290,Irrigation,Odisha,934.94,34,47.1,46.5,0.6,44.9,0.966,88.2,95.9,99.2,91.9,1,100.0,0,1.9,0,2.0,LOW,0.4,1.6
PRJ-7291,Water Supply,Maharashtra,831.39,33,88.4,59.2,29.2,80.1,1.353,46.7,47.0,37.2,50.0,205,67.3,7,9.1,4,7.4,CRITICAL,13.6,24.9
PRJ-7292,Airport,Himachal Pradesh,5648.76,40,55.8,30.3,25.5,39.6,1.307,51.7,39.9,35.3,52.9,220,55.7,5,7.6,5,8.1,CRITICAL,9.9,27.5
PRJ-7293,Power Infrastructure,Rajasthan,2831.81,20,90.2,51.6,38.6,69.8,1.353,46.9,35.1,46.4,37.7,203,55.6,4,8.3,5,9.5,CRITICAL,14.2,23.6
PRJ-7294,Water Supply,Himachal Pradesh,216.31,30,57.1,51.5,5.6,55.0,1.068,77.0,81.7,81.1,80.5,31,87.6,2,4.7,0,4.8,MEDIUM,2.9,6.4
PRJ-7295,Metro,Assam,4658.15,42,51.7,39.3,12.4,47.2,1.201,69.7,62.3,62.3,61.1,53,74.5,6,6.7,1,7.0,HIGH,4.0,13.5
PRJ-7296,Railway,Gujarat,1277.96,55,80.4,80.4,0.0,80.0,0.995,90.0,96.6,98.3,97.4,8,99.2,0,0.4,0,1.0,LOW,0.3,0.8
PRJ-7297,Water Supply,West Bengal,1094.11,21,91.9,87.0,4.9,95.4,1.097,83.5,76.9,82.4,83.7,33,97.0,2,4.0,1,3.9,MEDIUM,2.3,8.1
PRJ-7298,Bridge,Gujarat,3775.77,42,44.5,44.3,0.2,42.6,0.962,95.9,98.6,96.8,90.1,2,100.0,0,1.2,0,1.0,LOW,0.0,1.3
PRJ-7299,Airport,Bihar,3967.06,53,76.6,75.5,1.1,76.9,1.019,90.2,96.7,91.9,86.5,0,95.4,0,2.0,0,1.3,LOW,0.0,0.6
PRJ-7300,Metro,Assam,1246.56,83,47.5,11.1,36.4,15.5,1.396,35.4,45.8,40.0,33.6,90,22.9,6,9.0,4,8.8,CRITICAL,13.6,23.7
PRJ-7301,Urban Development,Odisha,2117.66,38,75.0,65.1,9.9,72.6,1.115,65.4,52.3,62.9,68.5,78,82.2,1,3.8,2,5.6,HIGH,7.2,8.1
PRJ-7302,Irrigation,West Bengal,1174.49,36,52.0,36.0,16.0,41.6,1.156,57.1,64.0,62.3,55.5,47,69.7,2,3.9,1,5.4,HIGH,6.7,13.8
PRJ-7303,Water Supply,Madhya Pradesh,411.26,27,65.8,35.3,30.5,46.3,1.312,50.9,50.3,50.2,40.2,165,53.1,5,5.5,2,7.1,CRITICAL,13.1,17.0
PRJ-7304,Irrigation,Kerala,979.15,17,89.2,84.4,4.8,88.2,1.045,74.0,77.8,78.9,80.3,10,91.8,0,6.2,1,4.7,MEDIUM,1.7,7.5
PRJ-7305,Railway,Andhra Pradesh,3461.77,25,69.2,51.2,18.0,63.4,1.238,46.3,49.1,51.1,43.3,201,69.2,5,7.3,2,8.5,CRITICAL,9.3,27.2
PRJ-7306,Urban Development,Himachal Pradesh,462.41,28,61.8,39.6,22.2,49.9,1.26,45.3,50.5,47.4,46.4,172,62.9,7,8.2,5,9.5,CRITICAL,11.6,30.9
PRJ-7307,Urban Development,Assam,471.12,31,81.9,81.9,0.0,81.5,0.995,89.1,88.4,94.6,93.9,3,100.0,0,1.4,0,0.7,LOW,0.4,0.0
PRJ-7308,Bridge,Assam,3274.14,31,65.9,63.6,2.3,67.3,1.058,90.1,91.4,98.7,94.1,5,94.8,0,1.1,0,0.5,LOW,0.2,1.9
PRJ-7309,Power Infrastructure,Delhi NCR,2512.47,24,65.2,65.2,0.0,65.4,1.003,96.1,95.0,95.2,87.1,2,100.0,0,2.0,0,0.6,LOW,0.3,0.4
PRJ-7310,Airport,Delhi NCR,2910.22,62,83.3,46.2,37.1,63.6,1.377,49.9,47.3,50.8,45.0,166,57.2,7,9.5,3,8.8,CRITICAL,11.3,31.8
PRJ-7311,Metro,Bihar,1271.33,39,66.1,60.3,5.8,66.7,1.106,72.8,81.4,80.9,77.5,28,92.7,2,2.2,1,3.6,MEDIUM,2.1,5.7
PRJ-7312,Water Supply,Telangana,493.94,19,35.5,23.7,11.8,28.9,1.219,69.7,68.8,59.9,61.3,73,66.6,2,4.4,2,7.0,HIGH,6.5,12.6
PRJ-7313,Highway,Himachal Pradesh,3982.31,44,47.3,47.0,0.3,49.2,1.047,98.4,90.4,88.2,89.1,0,100.0,1,3.2,0,1.8,LOW,0.4,1.6
PRJ-7314,Irrigation,Delhi NCR,1291.3,30,68.7,68.7,0.0,69.4,1.01,94.1,91.0,91.6,86.9,2,100.0,0,1.6,0,1.7,LOW,0.2,0.3
PRJ-7315,Metro,Gujarat,1842.52,69,32.4,24.7,7.7,26.3,1.065,75.6,80.9,81.5,82.5,40,81.4,2,3.5,0,3.5,MEDIUM,1.0,8.1
PRJ-7316,Water Supply,Odisha,846.9,30,74.6,65.0,9.6,69.7,1.072,73.1,70.6,75.2,71.7,34,89.6,0,3.1,1,4.0,MEDIUM,2.7,7.9
PRJ-7317,Water Supply,Odisha,287.03,42,33.5,20.3,13.2,22.3,1.099,57.6,55.3,62.3,65.7,68,61.8,1,3.4,3,5.1,HIGH,6.0,14.9
PRJ-7318,Bridge,Maharashtra,734.47,31,24.0,21.4,2.6,22.5,1.051,97.3,86.2,91.0,97.2,0,82.4,1,2.1,0,1.8,LOW,0.5,1.5
PRJ-7319,Bridge,Karnataka,908.31,32,31.5,30.1,1.4,29.8,0.99,94.8,93.8,92.9,94.4,1,96.9,1,1.9,0,1.9,LOW,0.0,1.4
PRJ-7320,Urban Development,Tamil Nadu,329.06,28,23.7,21.4,2.3,22.4,1.047,97.9,96.0,91.0,96.8,7,88.1,0,1.3,0,1.5,LOW,0.2,0.8
PRJ-7321,Water Supply,Maharashtra,3987.54,26,81.0,77.4,3.6,81.0,1.047,73.1,70.4,83.0,83.9,46,95.2,0,4.4,0,2.7,MEDIUM,2.9,6.9
PRJ-7322,Irrigation,Rajasthan,280.26,22,20.1,20.1,0.0,19.9,0.99,91.4,93.2,94.7,94.2,4,98.1,0,2.1,0,0.8,LOW,0.0,0.0
PRJ-7323,Metro,Jammu & Kashmir,2192.71,39,67.4,65.2,2.2,67.7,1.038,77.9,71.5,82.0,75.6,18,100.0,2,4.5,0,3.7,MEDIUM,2.8,5.9
PRJ-7324,Railway,Kerala,5957.77,44,34.3,17.1,17.2,20.8,1.216,66.0,62.2,55.0,68.5,92,50.7,6,7.8,2,5.6,HIGH,5.3,14.6
PRJ-7325,Highway,Assam,1449.11,31,52.3,52.3,0.0,53.4,1.021,92.1,87.9,94.4,91.9,4,98.3,2,1.1,0,0.5,LOW,0.0,0.3
PRJ-7326,Urban Development,Uttarakhand,1883.15,28,52.8,40.1,12.7,47.0,1.172,67.7,53.4,62.2,58.5,119,76.0,2,6.8,3,6.9,HIGH,5.8,18.2
PRJ-7327,Bridge,Bihar,3473.55,22,89.7,88.7,1.0,89.8,1.012,88.2,98.5,89.3,89.5,0,95.2,0,1.0,0,2.0,LOW,0.2,0.8
PRJ-7328,Power Infrastructure,Kerala,1881.19,36,25.6,5.4,20.2,6.7,1.241,56.0,64.6,61.7,56.2,98,20.5,3,4.8,2,5.1,HIGH,6.8,14.8
PRJ-7329,Bridge,Bihar,1320.98,41,28.6,11.8,16.8,14.0,1.186,65.8,56.5,60.8,59.1,72,44.0,2,3.9,2,6.5,HIGH,5.6,12.0
PRJ-7330,Power Infrastructure,West Bengal,488.08,43,31.7,27.7,4.0,29.8,1.076,73.8,75.0,78.8,80.0,28,88.0,2,2.5,0,3.7,MEDIUM,3.8,5.1
PRJ-7331,Irrigation,Karnataka,211.38,21,55.3,53.8,1.5,57.1,1.061,80.6,71.7,75.4,75.9,30,100.0,3,1.7,1,3.5,MEDIUM,3.0,7.2
PRJ-7332,Airport,Tamil Nadu,7781.13,65,84.5,84.4,0.1,84.3,0.999,96.6,94.7,94.4,97.0,3,100.0,0,1.9,0,1.0,LOW,0.2,1.3
PRJ-7333,Highway,West Bengal,562.2,33,45.2,37.1,8.1,39.9,1.075,70.0,57.5,62.5,60.3,71,81.8,4,6.9,3,6.5,HIGH,4.9,13.5
PRJ-7334,Power Infrastructure,Delhi NCR,3689.29,33,36.1,29.8,6.3,31.3,1.05,72.9,71.8,78.3,72.7,43,82.4,0,2.1,0,3.7,MEDIUM,3.0,6.3
PRJ-7335,Bridge,Delhi NCR,3033.28,40,29.6,21.4,8.2,22.6,1.056,72.3,79.9,86.3,70.3,49,71.2,3,2.2,0,4.3,MEDIUM,3.1,10.2
PRJ-7336,Bridge,Bihar,2640.11,20,62.7,49.1,13.6,59.4,1.21,70.2,55.3,58.5,56.4,81,85.6,3,6.4,2,5.8,HIGH,6.7,13.7
PRJ-7337,Power Infrastructure,Uttarakhand,3354.55,36,44.0,36.6,7.4,39.3,1.074,73.7,81.3,76.7,73.5,31,84.5,2,5.4,1,2.9,MEDIUM,2.0,5.2
PRJ-7338,Railway,Andhra Pradesh,1400.25,70,66.7,62.0,4.7,66.1,1.066,78.4,79.4,75.0,83.7,36,92.0,3,3.8,0,4.1,MEDIUM,2.3,4.7
PRJ-7339,Metro,Rajasthan,4226.2,41,65.2,65.2,0.0,63.3,0.971,95.6,92.2,98.0,94.5,4,100.0,0,0.2,0,1.8,LOW,0.4,1.6
PRJ-7340,Power Infrastructure,Tamil Nadu,1422.59,33,78.6,77.8,0.8,76.3,0.981,97.2,87.2,97.5,89.3,4,100.0,0,1.8,0,2.2,LOW,0.0,1.3
PRJ-7341,Highway,Uttar Pradesh,2009.55,39,38.8,20.8,18.0,24.3,1.168,50.2,32.5,48.8,52.1,125,51.8,3,6.3,5,7.6,CRITICAL,8.1,29.9
PRJ-7342,Water Supply,Uttarakhand,862.41,31,67.6,67.6,0.0,69.9,1.034,95.0,90.2,90.8,85.9,0,97.0,1,2.0,0,0.9,LOW,0.3,1.7
PRJ-7343,Power Infrastructure,Assam,2003.5,29,68.2,38.3,29.9,46.6,1.217,39.3,45.1,45.4,42.4,157,61.6,2,9.8,5,7.8,CRITICAL,12.9,24.8
PRJ-7344,Railway,Odisha,2867.43,49,55.2,21.5,33.7,29.5,1.372,51.5,38.0,46.8,47.1,172,42.2,9,8.6,2,7.4,CRITICAL,12.4,30.1
PRJ-7345,Airport,Himachal Pradesh,3186.69,40,45.9,45.6,0.3,44.6,0.978,95.0,96.9,95.9,95.9,0,95.2,0,3.2,0,1.1,LOW,0.0,1.7
PRJ-7346,Railway,Himachal Pradesh,2249.28,24,30.2,5.8,24.4,7.3,1.259,69.7,65.6,68.2,59.2,93,16.4,5,5.1,2,7.0,HIGH,4.7,10.4
PRJ-7347,Highway,Delhi NCR,10928.43,23,58.6,46.4,12.2,53.3,1.149,65.6,64.3,60.4,66.3,73,76.7,2,5.1,2,5.6,HIGH,4.9,15.0
PRJ-7348,Power Infrastructure,Uttar Pradesh,1392.3,32,41.6,39.5,2.1,41.8,1.058,95.9,91.0,92.3,95.5,0,99.8,1,1.7,0,0.9,LOW,0.3,2.0
PRJ-7349,Airport,Assam,9689.59,45,62.8,60.9,1.9,61.7,1.013,88.6,93.0,90.2,86.9,4,99.1,0,2.0,0,1.1,LOW,0.5,0.6
PRJ-7350,Highway,Kerala,5346.36,40,42.1,39.6,2.5,42.9,1.083,76.2,84.3,73.3,73.1,25,90.3,2,5.4,1,3.3,MEDIUM,2.1,5.8
PRJ-7351,Water Supply,Uttarakhand,972.34,24,53.0,48.3,4.7,50.5,1.046,76.4,77.6,73.9,78.1,29,93.1,0,3.6,0,3.3,MEDIUM,2.6,7.2
PRJ-7352,Power Infrastructure,Odisha,1072.7,18,40.0,39.8,0.2,39.3,0.987,92.9,90.3,94.7,85.1,3,96.7,0,1.1,0,1.8,LOW,0.6,1.0
PRJ-7353,Railway,Gujarat,1502.77,34,74.5,74.5,0.0,78.0,1.047,98.1,90.4,90.8,96.9,6,99.0,0,2.0,0,1.3,LOW,0.2,2.4
PRJ-7354,Metro,Madhya Pradesh,1453.84,64,36.8,10.5,26.3,12.8,1.219,42.6,43.4,38.0,34.8,155,29.1,3,6.7,4,9.1,CRITICAL,14.7,24.8
PRJ-7355,Railway,Bihar,14546.01,30,47.1,40.7,6.4,43.1,1.059,82.3,76.3,83.3,78.6,35,81.0,0,2.7,1,4.4,MEDIUM,2.7,6.3
PRJ-7356,Irrigation,Odisha,716.48,28,72.1,71.8,0.3,74.4,1.036,93.0,87.9,93.0,92.0,0,100.0,1,1.0,0,2.2,LOW,0.2,1.9
PRJ-7357,Irrigation,Karnataka,1409.44,12,50.2,33.8,16.4,40.2,1.189,66.3,59.9,57.8,68.7,98,68.2,4,5.0,2,7.0,HIGH,5.6,11.4
PRJ-7358,Bridge,Jammu & Kashmir,5428.81,29,56.6,41.5,15.1,48.3,1.164,63.8,54.2,62.0,62.3,64,69.9,4,7.3,1,6.6,HIGH,7.7,12.4
PRJ-7359,Bridge,Madhya Pradesh,2438.69,51,29.8,25.1,4.7,26.5,1.056,84.7,83.5,85.7,82.2,22,78.1,1,4.2,1,3.5,MEDIUM,2.4,5.0
PRJ-7360,Railway,Andhra Pradesh,20296.9,40,77.0,61.8,15.2,69.9,1.131,57.8,61.0,58.9,66.3,114,73.3,4,5.6,1,6.6,HIGH,6.9,16.1
PRJ-7361,Railway,Delhi NCR,3693.43,51,22.2,13.5,8.7,14.4,1.067,81.9,83.4,75.2,83.4,27,62.7,2,3.0,0,4.6,MEDIUM,2.8,4.7
PRJ-7362,Power Infrastructure,Rajasthan,838.87,37,61.2,30.0,31.2,40.2,1.34,44.9,37.8,38.3,43.8,95,41.7,6,7.5,2,7.4,CRITICAL,12.4,21.7
PRJ-7363,Airport,Andhra Pradesh,1543.69,66,24.1,18.1,6.0,19.2,1.061,81.7,83.2,74.7,72.7,40,75.3,1,4.3,0,4.6,MEDIUM,2.0,9.6
PRJ-7364,Airport,Delhi NCR,1811.57,44,42.8,39.3,3.5,41.5,1.056,75.5,81.3,80.6,70.6,10,89.3,1,3.2,1,3.3,MEDIUM,2.9,5.2
PRJ-7365,Irrigation,Delhi NCR,258.28,14,23.5,16.2,7.3,17.3,1.068,75.5,74.1,79.3,80.5,39,70.6,2,2.0,1,4.2,MEDIUM,2.0,6.5
PRJ-7366,Airport,Madhya Pradesh,8642.07,71,74.7,67.8,6.9,76.1,1.122,72.8,82.9,79.5,76.7,30,88.6,2,1.9,0,4.2,MEDIUM,1.5,6.2
PRJ-7367,Highway,Karnataka,606.95,27,83.9,80.0,3.9,80.5,1.006,83.1,72.0,85.1,80.5,33,94.8,0,3.5,0,4.3,MEDIUM,2.0,6.9
PRJ-7368,Metro,Uttarakhand,7228.36,51,87.2,81.7,5.5,84.0,1.028,83.5,70.2,75.4,71.9,27,91.5,0,4.1,1,3.4,MEDIUM,2.4,5.7
PRJ-7369,Airport,Maharashtra,5621.19,33,48.1,27.6,20.5,32.0,1.159,69.0,54.6,59.2,58.9,83,57.9,3,4.7,1,5.0,HIGH,6.6,18.7
PRJ-7370,Bridge,Kerala,1153.41,31,45.1,26.2,18.9,33.6,1.282,65.5,67.8,64.4,58.2,121,58.4,6,5.5,3,7.2,HIGH,5.5,15.3
PRJ-7371,Irrigation,Telangana,500.95,28,31.1,13.1,18.0,15.3,1.168,63.2,68.8,61.5,60.6,81,33.5,3,3.6,1,5.3,HIGH,4.3,12.3
PRJ-7372,Airport,Bihar,4515.94,63,78.4,71.0,7.4,78.6,1.107,85.7,70.3,81.0,72.6,32,90.9,0,2.7,0,3.1,MEDIUM,2.8,6.5
PRJ-7373,Airport,Jammu & Kashmir,2035.97,31,75.7,65.3,10.4,78.8,1.207,55.7,63.3,59.0,65.2,95,83.4,6,5.2,2,6.6,HIGH,7.3,19.0
PRJ-7374,Power Infrastructure,Telangana,2217.76,48,42.1,38.1,4.0,39.6,1.039,74.3,74.2,82.3,82.3,26,90.3,0,2.3,0,2.9,MEDIUM,3.0,8.3
PRJ-7375,Metro,Karnataka,3548.19,40,65.9,59.4,6.5,64.5,1.086,77.7,83.2,75.5,80.2,19,88.9,3,3.9,0,3.9,MEDIUM,3.7,6.6
PRJ-7376,Metro,Telangana,1500.62,44,21.8,21.8,0.0,21.2,0.972,91.5,86.9,98.2,93.8,0,99.6,0,1.9,0,1.8,LOW,0.3,2.1
PRJ-7377,Water Supply,Madhya Pradesh,642.37,13,87.1,87.1,0.0,87.0,0.999,98.8,95.6,98.6,89.5,2,94.1,0,2.0,0,0.6,LOW,0.2,0.3
PRJ-7378,Bridge,Maharashtra,1526.68,36,76.7,76.7,0.0,75.1,0.979,90.0,92.3,92.4,86.3,1,100.0,0,1.5,0,1.1,LOW,0.1,0.0
PRJ-7379,Bridge,Telangana,7364.11,34,34.0,17.3,16.7,20.2,1.168,59.8,57.1,64.2,62.9,76,50.0,2,5.6,2,6.8,HIGH,5.6,15.6
PRJ-7380,Metro,Maharashtra,9995.36,63,52.0,30.5,21.5,34.6,1.134,71.0,68.1,57.8,58.4,103,59.7,2,3.9,1,5.3,HIGH,6.4,15.5
PRJ-7381,Airport,Kerala,9452.53,50,57.7,42.6,15.1,54.0,1.268,62.3,55.8,68.2,59.7,90,71.0,8,6.0,3,5.1,HIGH,5.9,14.7
PRJ-7382,Urban Development,Uttarakhand,965.32,29,33.4,26.2,7.2,29.9,1.141,73.7,82.2,77.4,72.1,39,77.1,3,5.2,1,3.0,MEDIUM,2.8,5.9
PRJ-7383,Water Supply,Jammu & Kashmir,397.48,40,86.9,83.6,3.3,91.3,1.092,84.7,73.3,77.0,82.5,49,91.0,2,5.5,1,3.3,MEDIUM,2.8,6.3
PRJ-7384,Metro,Kerala,4891.13,38,68.4,68.4,0.0,69.1,1.01,99.0,86.9,98.2,96.1,0,100.0,1,3.7,0,1.6,LOW,0.0,0.5
PRJ-7385,Metro,Uttarakhand,5825.3,48,22.3,2.0,20.3,5.0,2.5,38.5,34.5,51.1,32.8,145,15.0,4,8.0,3,8.2,CRITICAL,12.8,25.4
PRJ-7386,Irrigation,Uttarakhand,428.55,21,21.8,6.9,14.9,8.2,1.188,63.2,53.1,58.7,59.9,77,30.6,2,8.1,2,5.4,HIGH,7.4,16.9
PRJ-7387,Irrigation,Assam,898.78,29,32.7,3.1,29.6,5.0,1.613,47.2,37.8,52.6,38.1,163,15.0,5,8.8,4,7.0,CRITICAL,12.4,26.4
PRJ-7388,Power Infrastructure,Bihar,598.48,56,90.1,90.1,0.0,90.9,1.009,90.9,98.6,94.1,94.3,0,98.5,0,0.9,0,1.2,LOW,0.2,0.8
PRJ-7389,Urban Development,Jammu & Kashmir,1123.86,35,84.9,71.1,13.8,84.1,1.183,66.9,57.5,69.6,57.3,60,88.9,3,6.9,2,6.9,HIGH,6.6,16.6
PRJ-7390,Metro,Jammu & Kashmir,3196.47,65,90.1,85.3,4.8,88.9,1.042,76.1,75.7,75.9,78.5,23,95.6,2,3.9,0,3.7,MEDIUM,2.8,6.4
PRJ-7391,Water Supply,Maharashtra,2959.93,21,68.7,57.4,11.3,66.3,1.155,66.6,55.1,67.1,64.5,102,86.6,3,5.9,2,6.6,HIGH,7.4,14.1
PRJ-7392,Railway,Andhra Pradesh,3059.8,36,36.6,36.6,0.0,37.4,1.022,92.7,91.5,92.2,90.7,3,100.0,0,2.1,0,1.2,LOW,0.2,1.4
PRJ-7393,Bridge,Telangana,1332.51,42,44.1,20.9,23.2,26.4,1.263,35.3,44.1,41.7,35.4,128,44.8,5,6.6,4,7.8,CRITICAL,9.5,28.5
PRJ-7394,Bridge,Rajasthan,2327.51,26,73.6,54.0,19.6,64.7,1.198,62.3,56.9,57.5,66.3,74,70.5,4,6.4,3,6.0,HIGH,5.6,13.8
PRJ-7395,Metro,Madhya Pradesh,10960.36,47,86.3,83.2,3.1,85.1,1.023,75.1,74.8,74.2,74.2,26,100.0,2,2.3,0,3.1,MEDIUM,2.2,5.5
PRJ-7396,Railway,West Bengal,9774.01,33,45.5,39.7,5.8,45.1,1.136,74.5,77.3,85.9,75.4,27,91.3,3,3.7,1,3.1,MEDIUM,3.3,6.5
PRJ-7397,Irrigation,Jammu & Kashmir,2137.37,43,77.9,56.9,21.0,68.4,1.202,57.2,54.6,65.8,57.9,93,70.6,4,5.9,1,5.3,HIGH,4.9,17.2
PRJ-7398,Power Infrastructure,Maharashtra,3297.02,26,57.2,56.3,0.9,59.7,1.06,89.1,97.3,99.3,95.6,0,96.4,1,1.8,0,1.4,LOW,0.2,2.7
PRJ-7399,Urban Development,Rajasthan,1086.73,18,64.8,59.1,5.7,62.8,1.063,83.2,81.3,82.8,76.3,41,90.6,0,4.0,0,3.7,MEDIUM,2.0,6.5
PRJ-7400,Bridge,Kerala,4193.03,32,90.9,90.9,0.0,92.3,1.015,94.9,93.7,92.8,87.0,0,100.0,2,3.8,0,1.4,LOW,0.1,1.4
PRJ-7401,Highway,Assam,2561.87,42,53.8,45.6,8.2,51.3,1.125,73.1,76.6,72.3,73.7,39,87.0,3,3.6,1,4.0,MEDIUM,2.4,7.9
PRJ-7402,Railway,Andhra Pradesh,2079.5,44,65.9,63.1,2.8,63.0,0.998,83.9,71.0,76.8,74.8,30,99.0,0,3.7,1,2.8,MEDIUM,3.3,6.0
PRJ-7403,Urban Development,Tamil Nadu,820.12,31,70.8,70.3,0.5,69.8,0.993,90.0,93.9,89.3,92.3,2,100.0,1,2.2,0,0.9,LOW,0.2,1.9
PRJ-7404,Airport,Himachal Pradesh,1566.55,51,64.6,59.7,4.9,59.6,0.998,82.0,82.2,81.0,71.5,28,98.0,0,4.6,0,2.7,MEDIUM,2.4,7.8
PRJ-7405,Urban Development,Himachal Pradesh,580.58,27,34.1,2.8,31.3,5.0,1.786,48.4,41.3,45.1,46.7,90,15.0,2,7.1,4,8.6,CRITICAL,12.5,36.4
PRJ-7406,Railway,Uttar Pradesh,7259.45,76,28.5,20.5,8.0,22.6,1.102,62.4,60.5,57.3,62.9,81,72.2,2,6.4,3,6.4,HIGH,6.8,16.2
PRJ-7407,Power Infrastructure,Uttarakhand,2751.54,37,29.8,28.2,1.6,29.6,1.05,77.2,76.7,81.2,82.6,19,90.5,4,6.2,0,3.4,MEDIUM,3.1,8.1
PRJ-7408,Bridge,Rajasthan,662.01,43,71.1,62.0,9.1,69.5,1.121,75.6,73.7,78.3,81.1,42,84.4,2,4.0,1,3.4,MEDIUM,2.0,5.6
PRJ-7409,Airport,Bihar,6476.84,61,52.3,38.7,13.6,46.6,1.204,58.7,56.2,65.2,59.9,87,74.5,2,4.7,3,6.3,HIGH,4.0,16.9
PRJ-7410,Bridge,Rajasthan,1013.78,44,41.4,38.4,3.0,41.2,1.073,77.5,81.4,81.0,73.1,24,89.7,2,3.7,1,2.9,MEDIUM,2.0,6.2
PRJ-7411,Power Infrastructure,Bihar,1400.81,42,36.6,25.9,10.7,31.3,1.208,70.8,53.6,54.5,61.8,78,73.6,5,3.8,1,5.1,HIGH,6.6,11.7
PRJ-7412,Highway,Madhya Pradesh,3076.65,40,25.7,14.9,10.8,16.6,1.114,56.9,56.0,68.5,60.5,106,61.3,3,5.0,3,5.4,HIGH,5.9,11.9
PRJ-7413,Urban Development,Madhya Pradesh,1698.05,18,55.6,37.3,18.3,44.9,1.204,37.6,43.1,45.0,45.6,131,63.8,4,5.1,4,8.0,CRITICAL,12.6,21.8
PRJ-7414,Railway,West Bengal,1886.87,28,34.7,29.1,5.6,31.0,1.065,82.2,72.6,83.8,70.2,39,88.8,0,2.5,0,3.8,MEDIUM,0.9,3.9
PRJ-7415,Railway,Karnataka,5067.19,56,76.7,76.7,0.0,79.3,1.034,90.5,97.3,95.5,92.9,6,100.0,0,1.4,0,1.5,LOW,0.4,1.7
PRJ-7416,Urban Development,Telangana,250.66,23,52.2,35.2,17.0,41.2,1.17,69.1,56.5,58.7,55.8,96,67.8,6,6.1,3,6.1,HIGH,4.5,16.2
PRJ-7417,Highway,West Bengal,899.58,36,65.6,39.9,25.7,53.2,1.333,50.6,32.6,35.8,37.5,156,61.4,7,6.1,4,7.6,CRITICAL,13.5,20.7
PRJ-7418,Bridge,Rajasthan,671.46,24,69.3,68.6,0.7,68.3,0.996,96.6,93.8,96.6,93.0,2,99.0,1,1.9,0,1.8,LOW,0.3,1.4
PRJ-7419,Power Infrastructure,Delhi NCR,630.74,51,34.6,16.3,18.3,19.0,1.166,57.3,58.2,57.1,56.3,79,43.4,3,3.0,1,7.1,HIGH,6.2,16.9
PRJ-7420,Railway,Himachal Pradesh,4559.34,47,75.1,62.9,12.2,75.0,1.192,66.6,56.5,65.2,63.6,76,85.3,5,4.6,2,6.0,HIGH,4.7,12.2
PRJ-7421,Highway,Andhra Pradesh,1110.49,36,69.3,69.3,0.0,68.9,0.994,91.5,89.5,91.9,90.2,2,100.0,0,1.5,0,1.8,LOW,0.1,0.8
PRJ-7422,Railway,West Bengal,4193.16,51,55.2,55.2,0.0,54.6,0.989,88.1,86.1,95.3,87.1,1,100.0,1,1.2,0,0.5,LOW,0.0,1.5
PRJ-7423,Power Infrastructure,Gujarat,4586.17,25,55.8,54.3,1.5,58.4,1.076,85.0,71.2,75.6,75.3,26,96.9,2,4.4,0,4.6,MEDIUM,1.9,2.8
PRJ-7424,Power Infrastructure,Tamil Nadu,499.31,30,75.8,72.8,3.0,71.1,0.977,85.2,83.8,83.4,77.1,28,100.0,1,3.0,0,2.9,MEDIUM,2.3,4.7
PRJ-7425,Power Infrastructure,West Bengal,3310.33,35,81.9,57.9,24.0,75.2,1.299,46.2,30.2,52.7,50.5,131,73.0,7,9.0,5,8.6,CRITICAL,8.3,26.4
PRJ-7426,Railway,Himachal Pradesh,2478.8,35,26.8,8.9,17.9,9.9,1.112,60.4,65.3,62.3,58.3,90,33.9,1,5.1,1,6.8,HIGH,5.7,12.0
PRJ-7427,Bridge,Jammu & Kashmir,2109.99,35,43.5,21.1,22.4,24.9,1.18,68.1,63.1,61.6,59.3,66,49.6,1,7.1,1,7.2,HIGH,5.0,15.5
PRJ-7428,Airport,Maharashtra,2609.93,30,73.5,63.5,10.0,71.5,1.126,55.9,54.5,60.1,64.6,84,79.4,3,4.7,2,6.7,HIGH,4.6,18.3
PRJ-7429,Water Supply,Gujarat,171.12,20,54.3,49.8,4.5,52.4,1.052,85.0,73.9,85.8,79.5,34,92.0,1,1.7,0,2.9,MEDIUM,3.2,4.0
PRJ-7430,Power Infrastructure,West Bengal,4647.03,44,71.6,63.6,8.0,68.6,1.079,63.0,59.5,64.6,66.7,59,86.0,1,3.9,1,5.3,HIGH,6.3,12.3
PRJ-7431,Power Infrastructure,Maharashtra,976.19,20,89.9,89.9,0.0,95.7,1.065,98.0,87.3,93.1,94.7,3,100.0,2,1.6,0,2.1,LOW,0.2,1.6
PRJ-7432,Airport,Odisha,13619.97,60,20.4,2.0,18.4,5.0,2.5,56.2,58.5,65.5,64.9,75,15.0,4,3.1,3,6.5,HIGH,3.6,11.6
PRJ-7433,Airport,Jammu & Kashmir,2485.18,31,22.3,9.1,13.2,10.5,1.154,67.8,56.5,56.2,66.3,64,41.7,3,6.3,2,6.5,HIGH,5.3,16.5
PRJ-7434,Metro,Andhra Pradesh,2755.48,50,83.7,53.7,30.0,69.9,1.302,49.4,38.5,48.7,53.2,159,62.8,3,6.8,3,8.1,CRITICAL,15.4,22.5
PRJ-7435,Urban Development,Jammu & Kashmir,2492.99,38,76.6,75.6,1.0,73.4,0.971,91.1,94.6,95.3,94.7,1,100.0,1,4.0,0,2.1,LOW,0.1,1.6
PRJ-7436,Urban Development,Telangana,926.02,20,79.4,66.0,13.4,76.8,1.164,68.2,64.2,61.4,56.9,91,88.3,5,4.4,1,5.6,HIGH,4.6,19.3
PRJ-7437,Airport,Madhya Pradesh,1730.78,46,61.5,60.0,1.5,60.9,1.015,79.0,73.6,84.2,74.1,34,92.5,1,3.1,0,3.0,MEDIUM,2.1,5.4
PRJ-7438,Urban Development,Rajasthan,2063.78,32,59.0,51.4,7.6,57.5,1.119,81.8,77.9,83.5,75.9,43,88.9,1,1.8,1,4.8,MEDIUM,1.8,7.8
PRJ-7439,Irrigation,Madhya Pradesh,1100.53,18,27.7,22.7,5.0,24.7,1.088,77.7,71.7,74.5,71.0,44,83.0,2,3.5,1,3.7,MEDIUM,2.5,4.0
PRJ-7440,Urban Development,Uttarakhand,235.67,21,51.7,50.8,0.9,53.1,1.045,88.6,94.9,88.0,91.7,2,96.9,0,1.2,0,0.5,LOW,0.7,1.7
PRJ-7441,Airport,Delhi NCR,7867.49,47,64.7,59.6,5.1,66.8,1.121,84.0,73.2,82.1,79.4,25,91.3,0,3.5,1,4.0,MEDIUM,3.2,7.8
PRJ-7442,Railway,Bihar,1269.51,27,74.6,70.8,3.8,72.9,1.03,73.9,76.1,80.7,83.7,31,92.0,2,3.1,1,3.0,MEDIUM,2.7,6.4
PRJ-7443,Power Infrastructure,Maharashtra,558.9,41,37.7,23.0,14.7,26.9,1.17,64.7,66.0,61.8,59.0,87,58.8,3,5.5,1,5.4,HIGH,5.5,16.1
PRJ-7444,Irrigation,Uttarakhand,3294.1,37,24.2,2.0,22.2,5.0,2.5,48.3,39.1,35.8,32.1,193,15.0,5,8.5,2,8.3,CRITICAL,13.3,32.5
PRJ-7445,Power Infrastructure,Jammu & Kashmir,1927.15,39,43.5,43.5,0.0,43.3,0.995,95.6,91.4,92.8,86.9,4,96.3,1,2.8,0,1.9,LOW,0.2,1.4
PRJ-7446,Metro,Bihar,6486.48,55,42.5,42.5,0.0,43.0,1.012,95.1,94.5,99.5,88.0,0,100.0,1,1.1,0,1.8,LOW,0.3,2.0
PRJ-7447,Railway,Odisha,3983.72,64,65.4,59.6,5.8,64.5,1.082,81.9,80.2,78.9,75.8,30,91.8,2,1.5,0,4.6,MEDIUM,1.9,7.8
PRJ-7448,Airport,Gujarat,7744.37,41,43.2,36.6,6.6,39.0,1.066,73.5,79.5,79.7,82.3,41,82.9,2,3.8,1,3.9,MEDIUM,2.0,5.1
PRJ-7449,Power Infrastructure,Andhra Pradesh,1236.51,49,37.5,19.4,18.1,24.7,1.273,66.6,60.7,55.1,58.6,56,48.8,7,6.0,2,6.4,HIGH,5.5,18.5
PRJ-7450,Urban Development,Bihar,1388.17,32,46.1,14.0,32.1,18.9,1.35,41.9,40.7,36.9,40.6,147,28.1,5,6.0,4,8.7,CRITICAL,12.6,29.4
PRJ-7451,Bridge,Gujarat,2530.13,31,28.2,28.2,0.0,28.1,0.996,91.2,92.6,94.0,97.2,3,100.0,0,0.2,0,0.9,LOW,0.0,1.1
PRJ-7452,Bridge,West Bengal,551.92,57,49.2,47.1,2.1,50.0,1.062,74.4,84.5,84.5,82.0,39,95.1,0,2.3,1,3.5,MEDIUM,2.2,4.1
PRJ-7453,Airport,Uttarakhand,2933.61,33,43.2,41.0,2.2,41.8,1.02,75.8,76.4,80.8,70.1,42,95.9,1,5.7,0,4.5,MEDIUM,2.2,4.8
PRJ-7454,Airport,Andhra Pradesh,1247.29,44,86.7,68.6,18.1,80.3,1.171,55.1,67.6,61.4,56.5,63,74.4,4,6.5,2,5.7,HIGH,6.0,10.3
PRJ-7455,Urban Development,Jammu & Kashmir,535.68,22,42.7,42.7,0.0,43.4,1.016,91.4,88.3,99.9,96.5,0,97.7,1,3.3,0,1.2,LOW,0.6,0.4
PRJ-7456,Railway,Telangana,1232.21,60,84.8,83.7,1.1,81.6,0.975,89.5,93.4,91.6,93.8,3,100.0,0,0.6,0,0.9,LOW,0.1,0.0
PRJ-7457,Bridge,Karnataka,1166.37,32,78.4,77.3,1.1,81.5,1.054,94.7,87.2,93.0,88.3,2,98.1,0,1.9,0,0.5,LOW,0.5,1.1
PRJ-7458,Irrigation,Bihar,3239.96,37,23.2,20.9,2.3,22.4,1.072,73.5,74.1,74.4,79.8,23,87.0,3,2.5,1,3.1,MEDIUM,2.8,6.0
PRJ-7459,Bridge,Assam,1674.02,39,25.8,25.8,0.0,25.5,0.988,91.3,86.1,90.9,97.8,0,100.0,0,2.1,0,1.2,LOW,0.5,2.1
PRJ-7460,Metro,Bihar,3281.75,40,74.6,60.4,14.2,72.7,1.204,66.4,68.7,56.6,55.9,56,76.4,3,6.8,3,6.8,HIGH,6.1,16.6
PRJ-7461,Metro,Andhra Pradesh,7147.35,32,90.4,80.8,9.6,89.4,1.106,75.5,83.5,78.9,83.8,37,85.0,1,2.2,0,4.5,MEDIUM,1.9,5.2
PRJ-7462,Urban Development,Jammu & Kashmir,1532.52,13,60.1,46.1,14.0,53.6,1.163,63.8,53.4,65.0,66.8,71,76.6,2,6.1,3,6.8,HIGH,6.8,14.7
PRJ-7463,Water Supply,Madhya Pradesh,260.18,31,40.6,38.7,1.9,42.4,1.096,75.6,76.3,78.6,83.7,29,97.3,2,2.2,1,4.5,MEDIUM,2.0,6.7
PRJ-7464,Bridge,Madhya Pradesh,995.55,24,68.8,65.2,3.6,74.4,1.141,84.4,75.6,82.0,78.9,23,89.3,5,1.8,0,4.4,MEDIUM,1.4,7.0
PRJ-7465,Power Infrastructure,Telangana,2970.23,49,75.3,69.2,6.1,72.2,1.043,75.8,82.0,80.5,70.8,13,86.5,0,4.4,1,3.9,MEDIUM,2.7,6.0
PRJ-7466,Irrigation,Karnataka,1608.56,20,36.9,36.9,0.0,37.9,1.027,88.6,90.2,99.9,87.5,3,100.0,0,2.4,0,1.1,LOW,0.2,1.1
PRJ-7467,Airport,Andhra Pradesh,2603.67,47,72.0,40.7,31.3,56.3,1.383,43.6,49.8,50.7,38.7,150,54.9,7,7.5,2,9.4,CRITICAL,11.2,22.7
PRJ-7468,Irrigation,Andhra Pradesh,575.32,43,84.0,60.9,23.1,77.6,1.274,48.7,44.5,52.8,51.2,164,75.9,5,9.5,5,7.2,CRITICAL,13.4,33.8
PRJ-7469,Power Infrastructure,Telangana,1195.84,39,91.7,89.1,2.6,100.9,1.132,83.2,84.0,86.8,73.4,21,99.7,2,4.1,0,3.1,MEDIUM,2.1,5.6
PRJ-7470,Water Supply,Assam,875.09,43,59.6,55.1,4.5,57.9,1.051,82.8,79.1,72.5,77.0,31,90.4,1,5.7,1,4.7,MEDIUM,2.7,6.9
PRJ-7471,Water Supply,Maharashtra,1432.14,48,70.8,70.8,0.0,75.4,1.065,93.1,89.8,90.0,91.2,4,100.0,3,2.2,0,1.3,LOW,0.3,1.7
PRJ-7472,Water Supply,Uttar Pradesh,2107.99,15,62.6,38.6,24.0,52.7,1.365,41.8,45.0,46.6,43.6,178,62.6,9,5.7,3,9.4,CRITICAL,9.9,19.9
PRJ-7473,Water Supply,Kerala,970.77,14,83.7,81.7,2.0,89.0,1.089,76.7,70.3,75.6,77.0,38,98.7,4,4.5,1,4.1,MEDIUM,3.1,6.8
PRJ-7474,Metro,Delhi NCR,1399.95,62,92.0,92.0,0.0,94.7,1.029,91.6,95.9,98.9,93.6,0,98.0,1,1.3,0,1.7,LOW,0.0,0.2
PRJ-7475,Airport,Maharashtra,16257.78,39,68.7,68.6,0.1,67.2,0.98,96.8,97.5,89.6,88.3,2,99.3,0,1.2,0,0.5,LOW,0.8,2.0
PRJ-7476,Bridge,West Bengal,6122.91,35,73.1,69.4,3.7,71.9,1.036,80.2,80.4,86.3,71.8,30,89.9,1,2.4,0,2.9,MEDIUM,3.6,8.6
PRJ-7477,Airport,Telangana,1502.45,45,34.0,23.3,10.7,28.6,1.227,69.2,61.4,66.9,62.7,84,72.3,4,6.5,2,5.8,HIGH,7.8,11.2
PRJ-7478,Irrigation,Maharashtra,1676.54,52,64.8,49.8,15.0,59.0,1.185,56.6,58.5,67.2,66.3,70,78.3,5,5.9,2,6.8,HIGH,5.7,14.9
PRJ-7479,Irrigation,Odisha,2132.26,42,27.8,27.8,0.0,28.1,1.011,94.9,97.6,98.8,85.3,2,100.0,0,2.2,0,1.1,LOW,0.4,1.4
PRJ-7480,Water Supply,Andhra Pradesh,2254.68,25,68.8,56.8,12.0,59.5,1.048,58.6,54.6,61.3,66.5,59,81.7,3,3.9,2,6.8,HIGH,6.5,12.9
PRJ-7481,Urban Development,Himachal Pradesh,2364.56,36,67.3,67.3,0.0,69.5,1.033,92.2,97.9,99.3,91.6,3,100.0,2,3.9,0,1.3,LOW,0.0,0.0
PRJ-7482,Bridge,West Bengal,1216.23,29,32.6,29.4,3.2,30.8,1.048,75.9,73.1,81.9,83.7,33,88.9,3,2.2,0,3.3,MEDIUM,3.0,5.9
PRJ-7483,Urban Development,Delhi NCR,2077.93,33,47.1,38.1,9.0,42.4,1.113,81.3,78.7,76.4,70.3,25,84.5,1,1.7,0,4.2,MEDIUM,2.8,5.5
PRJ-7484,Airport,Gujarat,11058.44,74,50.9,39.4,11.5,46.7,1.185,57.1,54.9,69.2,63.5,62,77.5,6,3.6,3,6.3,HIGH,6.9,17.1
PRJ-7485,Railway,Rajasthan,3399.6,60,22.6,21.8,0.8,22.5,1.032,92.2,92.9,91.6,97.8,2,95.3,1,0.3,0,1.4,LOW,0.4,1.9
PRJ-7486,Metro,Andhra Pradesh,6707.92,68,61.2,51.8,9.4,60.4,1.166,63.1,53.6,67.9,66.0,67,76.9,3,4.5,2,7.1,HIGH,5.8,12.9
PRJ-7487,Power Infrastructure,Jammu & Kashmir,1737.41,41,89.7,75.3,14.4,86.9,1.154,56.1,68.2,68.5,68.1,90,82.0,3,8.0,1,5.7,HIGH,6.4,13.4
PRJ-7488,Highway,Assam,1096.91,18,52.3,28.9,23.4,39.7,1.374,40.2,32.5,48.8,42.9,100,57.1,10,7.4,4,8.3,CRITICAL,13.6,27.6
PRJ-7489,Power Infrastructure,Rajasthan,6779.86,53,80.9,75.6,5.3,83.8,1.108,76.0,76.2,84.2,70.2,23,93.8,4,2.9,1,3.9,MEDIUM,2.9,7.7
PRJ-7490,Airport,Assam,1488.66,40,54.8,48.3,6.5,52.8,1.093,81.3,82.6,83.2,82.9,27,91.5,1,3.6,0,4.7,MEDIUM,2.0,7.1
PRJ-7491,Highway,Gujarat,5671.19,45,91.4,75.3,16.1,93.4,1.24,62.8,65.9,67.1,58.6,69,86.2,8,6.2,1,5.1,HIGH,5.7,14.6
PRJ-7492,Highway,Andhra Pradesh,3162.55,40,26.4,17.1,9.3,19.2,1.123,72.9,70.7,82.8,79.9,11,66.2,1,3.7,0,4.7,MEDIUM,2.8,5.3
PRJ-7493,Airport,Himachal Pradesh,5557.15,55,33.5,33.5,0.0,35.4,1.057,91.8,94.4,94.8,91.7,0,98.6,0,3.6,0,1.9,LOW,0.2,0.0
PRJ-7494,Irrigation,Delhi NCR,521.73,12,62.9,38.1,24.8,46.0,1.207,53.1,34.1,45.5,36.1,153,54.1,3,7.6,5,7.5,CRITICAL,7.9,25.4
PRJ-7495,Airport,Gujarat,1810.38,54,21.4,20.8,0.6,21.7,1.043,89.5,87.0,97.1,85.4,1,92.5,1,1.0,0,0.9,LOW,0.1,1.0
PRJ-7496,Power Infrastructure,Karnataka,762.33,49,66.8,63.7,3.1,67.0,1.052,88.8,90.9,92.4,91.9,2,97.9,1,0.8,0,1.8,LOW,0.0,1.4
PRJ-7497,Railway,Andhra Pradesh,6665.52,42,25.6,23.9,1.7,25.1,1.05,96.1,93.5,89.7,90.2,0,90.5,0,0.6,0,1.1,LOW,0.2,0.3
PRJ-7498,Water Supply,Karnataka,470.07,19,63.9,60.3,3.6,64.5,1.07,82.5,83.0,78.3,73.2,24,95.2,2,2.2,1,4.3,MEDIUM,1.9,8.1
PRJ-7499,Metro,Telangana,1496.21,49,37.3,33.6,3.7,33.5,0.997,85.7,70.3,84.9,74.1,17,84.7,1,4.2,0,4.5,MEDIUM,1.9,8.0
PRJ-7500,Bridge,Himachal Pradesh,1404.86,46,31.9,31.1,0.8,31.9,1.026,95.2,97.6,91.9,88.4,0,100.0,0,3.3,0,1.3,LOW,0.2,1.7
